{
  "description":"Description of theses Sites. Contains Locations and Zones.",
  "dir":"/levels/cups_canyon/",
  "filename":"garages.sites.json",
  "locations":{},
  "name":"garages.sites.json",
  "parkingSpots":{},
  "zones":[
    {
      "bot":{
        "active":false,
        "normal":[
          0,
          0,
          -1
        ],
        "pos":[
          0,
          0,
          -10
        ]
      },
      "color":[
        1,
        1,
        1
      ],
      "customFields":{
        "values":{},
        "names":{},
        "tags":{},
        "types":{}
      },
      "name":"fuel_node_city",
      "oldId":5125,
      "top":{
        "active":false,
        "normal":[
          0,
          0,
          1
        ],
        "pos":[
          0,
          0,
          10
        ]
      },
      "vertices":[
        [
          725.7085571,
          -13.73170567,
          51.98299408
        ],
        [
          704.1339722,
          -12.93997002,
          51.91794586
        ],
        [
          701.1937866,
          -32.4347229,
          51.87401962
        ],
        [
          723.2989502,
          -36.12234116,
          52.05439758
        ]
      ]
    },
    {
      "bot":{
        "active":false,
        "normal":[
          0,
          0,
          -1
        ],
        "pos":[
          0,
          0,
          -10
        ]
      },
      "color":[
        1,
        1,
        1
      ],
      "customFields":{
        "values":{},
        "names":{},
        "tags":{},
        "types":{}
      },
      "name":"fuel_node_dealer",
      "oldId":5126,
      "top":{
        "active":false,
        "normal":[
          0,
          0,
          1
        ],
        "pos":[
          0,
          0,
          10
        ]
      },
      "vertices":[
        [
          -758.8223877,
          495.8464355,
          23.19324303
        ],
        [
          -772.005127,
          506.2351379,
          23.37722588
        ],
        [
          -786.031311,
          487.1170044,
          23.49975586
        ],
        [
          -774.8300171,
          479.6784668,
          23.5459938
        ],
        [
          -765.9229736,
          486.4980774,
          23.49033928
        ]
      ]
    }
  ]
}