{"name":"clouds1","class":"CloudLayer","persistentId":"8eac2f8f-1d94-4a38-b704-589d276b4a26","__parent":"cloud","position":[-1278.56006,-1211.32996,-186.731003],"Textures":[{"texDirection":null,"texScale":null,"texSpeed":0.00200000009},{"texDirection":[0.800000012,0.200000003],"texScale":1.60000014,"texSpeed":0.0250000004},{"texDirection":[0.200000003,0.5],"texScale":null,"texSpeed":0.0350000001}],"baseColor":[1,0.999995291,0.999989986,0.996078014],"cloneOrigin":"clouds","coverage":0.100000001,"exposure":2.79999995,"height":10,"texture":"levels/cups_canyon/art/skies/SkyNormals_05.dds","windSpeed":0.100000001}
