{"pos":[350.50116,63.7248917,258.582367],"rotationMatrix":[-0.555770457,-0.831335783,0,0.831335783,-0.555770457,0,0,0,0.999999881],"scale":0.676298141,"type":"Clover_closetop"}
{"pos":[353.195648,58.9236069,258.358337],"rotationMatrix":[0.999671817,0.0256122369,0,-0.0256122369,0.999671817,0,0,0,0.999999881],"scale":0.796570659,"type":"Clover_closetop"}
{"pos":[367.33139,54.3579788,258.376678],"rotationMatrix":[-0.253691137,-0.967285156,0,0.967285156,-0.253691137,0,0,0,0.999999881],"scale":0.753256679,"type":"Clover_closetop"}
{"pos":[323.272034,86.3106689,257.272247],"rotationMatrix":[0.642032266,0.766677618,0,-0.766677618,0.642032266,0,0,0,0.999999881],"scale":0.6671229,"type":"Clover_closetop"}
{"pos":[311.652191,64.7901917,257.135803],"rotationMatrix":[-0.00139912707,-0.999998868,0,0.999998868,-0.00139912707,0,0,0,0.999999881],"scale":0.778752446,"type":"Clover_closetop"}
{"pos":[319.216461,96.3944855,256.803375],"rotationMatrix":[-0.498392493,-0.866951466,0,0.866951466,-0.498392493,0,0,0,0.999999881],"scale":0.678645432,"type":"Clover_closetop"}
{"pos":[315.754395,97.5527496,256.592072],"rotationMatrix":[0.15333119,0.988174796,0,-0.988174796,0.15333119,0,0,0,0.999999881],"scale":0.744093299,"type":"Clover_closetop"}
{"pos":[317.016968,62.8644714,257.204468],"rotationMatrix":[-0.742272317,0.670098066,0,-0.670098066,-0.742272317,0,0,0,0.999999881],"scale":0.693087101,"type":"Clover_closetop"}
{"pos":[316.155182,86.6407776,256.749573],"rotationMatrix":[0.782475293,-0.622681379,0,0.622681379,0.782475293,0,0,0,0.999999881],"scale":0.61547637,"type":"Clover_closetop"}
{"pos":[306.574005,86.9700317,256.396149],"rotationMatrix":[0.466314077,0.884619236,0,-0.884619236,0.466314077,0,0,0,0.999999881],"scale":0.790607214,"type":"Clover_closetop"}
{"pos":[296.895386,87.3518219,256.831696],"rotationMatrix":[0.35780561,0.933796108,0,-0.933796108,0.35780561,0,0,0,0.999999881],"scale":0.793554366,"type":"Clover_closetop"}
{"pos":[252.503632,140.26889,253.97435],"rotationMatrix":[0.997805774,-0.0662070662,0,0.0662070662,0.997805774,0,0,0,0.999999881],"scale":0.604919493,"type":"Clover_closetop"}
{"pos":[265.463226,137.263489,254.206268],"rotationMatrix":[-0.145820796,-0.98931092,0,0.98931092,-0.145820796,0,0,0,0.999999881],"scale":0.620572805,"type":"Clover_closetop"}
{"pos":[245.724991,130.649887,254.155731],"rotationMatrix":[-0.102610685,0.994721472,0,-0.994721472,-0.102610685,0,0,0,0.999999881],"scale":0.662114263,"type":"Clover_closetop"}
{"pos":[236.89502,120.337761,254.338654],"rotationMatrix":[-0.910556674,-0.41338402,0,0.41338402,-0.910556674,0,0,0,0.999999881],"scale":0.712872207,"type":"Clover_closetop"}
{"pos":[208.166229,84.2719269,254.272461],"rotationMatrix":[0.510311842,-0.859989345,0,0.859989345,0.510311842,0,0,0,0.999999881],"scale":0.763579249,"type":"Clover_closetop"}
{"pos":[207.749252,96.0266876,254.272858],"rotationMatrix":[0.28576681,0.95829916,0,-0.95829916,0.28576681,0,0,0,0.999999881],"scale":0.624121785,"type":"Clover_closetop"}
{"pos":[225.153259,105.330803,254.318237],"rotationMatrix":[-0.966689765,0.255950511,0,-0.255950511,-0.966689765,0,0,0,0.999999881],"scale":0.684140682,"type":"Clover_closetop"}
{"pos":[217.511642,99.514267,254.310822],"rotationMatrix":[0.946129024,0.323789686,0,-0.323789686,0.946129024,0,0,0,0.999999881],"scale":0.743020535,"type":"Clover_closetop"}
{"pos":[178.525223,55.6068306,254.379272],"rotationMatrix":[0.943973184,0.330021977,0,-0.330021977,0.943973184,0,0,0,0.999999881],"scale":0.63438791,"type":"Clover_closetop"}
{"pos":[149.878769,95.5972137,254.379272],"rotationMatrix":[0.408919781,0.912570298,0,-0.912570298,0.408919781,0,0,0,0.999999881],"scale":0.703933835,"type":"Clover_closetop"}
{"pos":[142.585052,86.9911041,254.379272],"rotationMatrix":[-0.267736614,-0.963492036,0,0.963492036,-0.267736614,0,0,0,0.999999881],"scale":0.72363019,"type":"Clover_closetop"}
{"pos":[151.055984,68.9597168,254.379272],"rotationMatrix":[-0.571593702,-0.820536673,0,0.820536673,-0.571593702,0,0,0,0.999999881],"scale":0.790143847,"type":"Clover_closetop"}
{"pos":[145.158813,93.3614883,254.379272],"rotationMatrix":[-0.355974585,-0.934495628,0,0.934495628,-0.355974585,0,0,0,0.999999881],"scale":0.635387659,"type":"Clover_closetop"}
{"pos":[182.772308,147.01413,254.379272],"rotationMatrix":[0.866444588,-0.499273062,0,0.499273062,0.866444588,0,0,0,0.999999881],"scale":0.660324872,"type":"Clover_closetop"}
{"pos":[181.096725,143.592773,254.379272],"rotationMatrix":[0.48376134,0.875199974,0,-0.875199974,0.48376134,0,0,0,0.999999881],"scale":0.659614742,"type":"Clover_closetop"}
