{"pos":[784.294067,-97.2501373,57.4677925],"rotationMatrix":[-0.492600948,0.870255172,0,-0.870255172,-0.492600948,0,0,0,0.999999881],"scale":0.759211063,"type":"Clover_closetop"}
{"pos":[790.326904,-104.643227,57.9864006],"rotationMatrix":[0.877665102,-0.479274064,0,0.479274064,0.877665102,0,0,0,0.999999881],"scale":0.789679527,"type":"Clover_closetop"}
{"pos":[771.255371,-111.98381,58.0499268],"rotationMatrix":[-0.889296412,-0.457331032,0,0.457331032,-0.889296412,0,0,0,0.999999881],"scale":0.728919983,"type":"Clover_closetop"}
{"pos":[699.781616,63.9182167,54.9318161],"rotationMatrix":[0.427124828,0.904192686,0,-0.904192686,0.427124828,0,0,0,0.999999881],"scale":0.797010481,"type":"Clover_closetop"}
{"pos":[734.019531,27.854641,52.5589714],"rotationMatrix":[-0.845399916,0.534133732,0,-0.534133732,-0.845399916,0,0,0,0.999999881],"scale":0.682509542,"type":"Clover_closetop"}
{"pos":[734.746521,61.5543976,54.9993896],"rotationMatrix":[-0.98960942,0.143781394,0,-0.143781394,-0.98960942,0,0,0,0.999999881],"scale":0.755527973,"type":"Clover_closetop"}
{"pos":[862.247131,-83.0767746,66.1176224],"rotationMatrix":[0.915868223,0.401478887,0,-0.401478887,0.915868223,-0,-0,0,0.999999881],"scale":0.792999506,"type":"Clover_closetop"}
