{"pos":[784.294067,-97.2501373,57.4677925],"rotationMatrix":[-0.492600948,0.870255172,0,-0.870255172,-0.492600948,0,0,0,0.999999881],"scale":0.759211063,"type":"Clover_closetop"}
{"pos":[790.326904,-104.643227,57.9864006],"rotationMatrix":[0.877665102,-0.479274064,0,0.479274064,0.877665102,0,0,0,0.999999881],"scale":0.789679527,"type":"Clover_closetop"}
{"pos":[771.255371,-111.98381,58.0499268],"rotationMatrix":[-0.889296412,-0.457331032,0,0.457331032,-0.889296412,0,0,0,0.999999881],"scale":0.728919983,"type":"Clover_closetop"}
