{"pos":[-9.76414013,-36.3839989,252.991913],"rotationMatrix":[0.744739354,0.667355418,0,-0.667355418,0.744739354,0,0,0,0.999999881],"scale":0.852556229,"type":"cork_oak_bush_medium"}
{"pos":[28.6845417,8.36834812,250.034576],"rotationMatrix":[-0.192695141,0.981258571,0,-0.981258571,-0.192695141,0,0,0,0.999999881],"scale":0.92510426,"type":"cork_oak_bush_medium"}
{"pos":[-27.5685062,10.7666168,250.028488],"rotationMatrix":[0.924903452,-0.380201817,0,0.380201817,0.924903452,0,0,0,0.999999881],"scale":1.01901615,"type":"cork_oak_bush_medium"}
{"pos":[42.8835602,2.99100304,252.602158],"rotationMatrix":[0.930423021,-0.366487086,0,0.366487086,0.930423021,0,0,0,0.999999881],"scale":0.839744627,"type":"cork_oak_bush_medium"}
{"pos":[53.9073982,7.28423929,254.520172],"rotationMatrix":[-0.305214614,-0.952283502,0,0.952283502,-0.305214614,0,0,0,0.999999881],"scale":0.977613151,"type":"cork_oak_bush_medium"}
{"pos":[44.4879417,16.2765388,253.576538],"rotationMatrix":[0.173134044,-0.98489815,0,0.98489815,0.173134044,0,0,0,0.999999881],"scale":1.12006652,"type":"cork_oak_bush_medium"}
{"pos":[13.9100618,14.2398138,252.150238],"rotationMatrix":[0.730282068,-0.683145583,0,0.683145583,0.730282068,0,0,0,0.999999881],"scale":1.13819551,"type":"cork_oak_bush_medium"}
{"pos":[-37.6647644,12.5008535,250.239319],"rotationMatrix":[-0.812346816,-0.583174586,0,0.583174586,-0.812346816,0,0,0,0.999999881],"scale":0.804789722,"type":"cork_oak_bush_medium"}
{"pos":[-49.7905464,8.68375778,250.058624],"rotationMatrix":[-0.0601665601,-0.998188257,0,0.998188257,-0.0601665601,0,0,0,0.999999881],"scale":0.857684195,"type":"cork_oak_bush_medium"}
{"pos":[-68.5496979,14.8369274,250.026108],"rotationMatrix":[0.513412356,0.858142018,0,-0.858142018,0.513412356,0,0,0,0.999999881],"scale":1.12007463,"type":"cork_oak_bush_medium"}
{"pos":[-49.8174782,16.4585648,250.109497],"rotationMatrix":[-0.939604938,0.34226051,0,-0.34226051,-0.939604938,0,0,0,0.999999881],"scale":1.03673899,"type":"cork_oak_bush_medium"}
{"pos":[-252.242355,198.667328,239.501953],"rotationMatrix":[0.997958004,-0.0638722703,0,0.0638722703,0.997958004,0,-0,0,0.999999881],"scale":1.11659956,"type":"cork_oak_bush_medium"}
