{"pos":[765.543762,0.198331594,52.2702942],"rotationMatrix":[0.219992384,-0.975501478,0,0.975501478,0.219992384,0,0,0,0.999999881],"scale":0.940713644,"type":"cork_oak_bush_medium"}
{"pos":[754.90564,-2.87724352,52.1110725],"rotationMatrix":[0.823743761,-0.566962183,0,0.566962183,0.823743761,0,0,0,0.999999881],"scale":0.923310757,"type":"cork_oak_bush_medium"}
{"pos":[748.319702,-6.86453152,51.9750214],"rotationMatrix":[0.867974162,0.4966093,0,-0.4966093,0.867974162,0,0,0,0.999999881],"scale":1.13553131,"type":"cork_oak_bush_medium"}
