{"pos":[20.2245331,-33.2643166,252.2099],"rotationMatrix":[-0.895277739,-0.445508391,0,0.445508391,-0.895277739,0,0,0,0.999999881],"scale":1.08690476,"type":"cork_oak_bush_large"}
{"pos":[-41.2567902,9.21439362,250.202499],"rotationMatrix":[0.0304045603,-0.999537587,0,0.999537587,0.0304045603,0,0,0,0.999999881],"scale":0.944443345,"type":"cork_oak_bush_large"}
