{"pos":[-9.76414013,-36.3839989,252.991913],"rotationMatrix":[0.744739354,0.667355418,0,-0.667355418,0.744739354,-0,-0,0,0.999999881],"scale":0.852556229,"type":"cork_oak_bush_medium"}
