{"pos":[20.2245331,-33.2643166,252.2099],"rotationMatrix":[-0.895277739,-0.445508391,0,0.445508391,-0.895277739,0,0,0,0.999999881],"scale":1.08690476,"type":"cork_oak_bush_large"}
{"pos":[-41.2567902,9.21439362,250.202499],"rotationMatrix":[0.0304045603,-0.999537587,0,0.999537587,0.0304045603,0,0,0,0.999999881],"scale":0.944443345,"type":"cork_oak_bush_large"}
{"pos":[359.472778,73.4881516,258.447357],"rotationMatrix":[0.987628222,0.156812981,0,-0.156812981,0.987628222,0,0,0,0.999999881],"scale":1.13278496,"type":"cork_oak_bush_large"}
{"pos":[327.508362,58.0946579,257.38089],"rotationMatrix":[0.186120018,0.982526958,0,-0.982526958,0.186120018,0,0,0,0.999999881],"scale":1.03321528,"type":"cork_oak_bush_large"}
{"pos":[309.873016,96.3926697,256.299347],"rotationMatrix":[-0.715617299,0.698492467,0,-0.698492467,-0.715617299,0,0,0,0.999999881],"scale":1.05837262,"type":"cork_oak_bush_large"}
{"pos":[304.588013,98.0585632,256.092743],"rotationMatrix":[0.498773068,0.866732657,0,-0.866732657,0.498773068,0,0,0,0.999999881],"scale":0.980712235,"type":"cork_oak_bush_large"}
{"pos":[293.998016,87.8501511,256.953491],"rotationMatrix":[0.530393541,-0.847751439,0,0.847751439,0.530393541,0,0,0,0.999999881],"scale":0.994100332,"type":"cork_oak_bush_large"}
{"pos":[285.008026,96.410759,257.362732],"rotationMatrix":[0.535914063,-0.844272435,0,0.844272435,0.535914063,0,0,0,0.999999881],"scale":1.03219271,"type":"cork_oak_bush_large"}
{"pos":[280.005096,90.6657181,257.995453],"rotationMatrix":[0.982175648,0.187965244,0,-0.187965244,0.982175648,0,0,0,0.999999881],"scale":1.06190836,"type":"cork_oak_bush_large"}
{"pos":[284.074799,89.8389053,257.767944],"rotationMatrix":[0.979771733,0.200117931,0,-0.200117931,0.979771733,0,0,0,0.999999881],"scale":1.19694924,"type":"cork_oak_bush_large"}
{"pos":[299.769653,92.0636749,256.702515],"rotationMatrix":[0.927799165,0.373079896,0,-0.373079896,0.927799165,0,0,0,0.999999881],"scale":0.935460567,"type":"cork_oak_bush_large"}
{"pos":[307.506744,65.2389832,256.901489],"rotationMatrix":[-0.974514902,-0.224322662,0,0.224322662,-0.974514902,0,0,0,0.999999881],"scale":1.12130034,"type":"cork_oak_bush_large"}
{"pos":[240.698746,112.030479,254.344177],"rotationMatrix":[-0.411712527,-0.911313713,0,0.911313713,-0.411712527,0,0,0,0.999999881],"scale":0.956219375,"type":"cork_oak_bush_large"}
{"pos":[241.915619,117.410294,254.341217],"rotationMatrix":[0.878509104,0.477725506,0,-0.477725506,0.878509104,0,0,0,0.999999881],"scale":1.12094414,"type":"cork_oak_bush_large"}
{"pos":[229.2659,98.4485168,254.341888],"rotationMatrix":[-0.995526195,0.094485119,0,-0.094485119,-0.995526195,0,0,0,0.999999881],"scale":1.01826179,"type":"cork_oak_bush_large"}
{"pos":[183.83493,66.1293259,254.272461],"rotationMatrix":[0.569511414,0.821983397,0,-0.821983397,0.569511414,0,0,0,0.999999881],"scale":1.15801692,"type":"cork_oak_bush_large"}
{"pos":[198.837753,74.6562271,254.272461],"rotationMatrix":[-0.972696364,-0.232081026,0,0.232081026,-0.972696364,0,0,0,0.999999881],"scale":1.01942873,"type":"cork_oak_bush_large"}
{"pos":[166.05661,65.942276,254.272461],"rotationMatrix":[0.996572793,0.082719408,0,-0.082719408,0.996572793,0,0,0,0.999999881],"scale":1.06339288,"type":"cork_oak_bush_large"}
{"pos":[153.190033,124.030678,254.379272],"rotationMatrix":[-0.491767466,0.870726407,0,-0.870726407,-0.491767466,0,0,0,0.999999881],"scale":0.995965481,"type":"cork_oak_bush_large"}
{"pos":[155.878845,100.992264,254.379272],"rotationMatrix":[0.803225935,0.595674515,0,-0.595674515,0.803225935,0,0,0,0.999999881],"scale":1.14908481,"type":"cork_oak_bush_large"}
{"pos":[154.72493,132.163239,254.379272],"rotationMatrix":[-0.111052655,-0.993814409,0,0.993814409,-0.111052655,0,0,0,0.999999881],"scale":0.936732233,"type":"cork_oak_bush_large"}
{"pos":[159.879501,127.423965,254.379272],"rotationMatrix":[0.606263697,0.795263648,0,-0.795263648,0.606263697,0,0,0,0.999999881],"scale":1.14744437,"type":"cork_oak_bush_large"}
{"pos":[173.699615,142.075729,254.379272],"rotationMatrix":[0.145011544,-0.989429891,0,0.989429891,0.145011544,0,0,0,0.999999881],"scale":1.02384627,"type":"cork_oak_bush_large"}
{"pos":[179.610809,145.678146,254.379272],"rotationMatrix":[-0.938521445,-0.345220864,0,0.345220864,-0.938521445,0,0,0,0.999999881],"scale":1.09260964,"type":"cork_oak_bush_large"}
{"pos":[170.031448,131.465744,254.379272],"rotationMatrix":[0.739973724,-0.672635615,0,0.672635615,0.739973724,0,0,0,0.999999881],"scale":1.0106281,"type":"cork_oak_bush_large"}
{"pos":[188.888367,168.874771,254.379272],"rotationMatrix":[-0.737495899,0.675351322,0,-0.675351322,-0.737495899,0,0,0,0.999999881],"scale":1.13193035,"type":"cork_oak_bush_large"}
{"pos":[206.25386,181.218353,254.379272],"rotationMatrix":[-0.985022843,-0.172423437,0,0.172423437,-0.985022843,0,0,0,0.999999881],"scale":1.03395081,"type":"cork_oak_bush_large"}
{"pos":[207.494659,185.072601,254.379272],"rotationMatrix":[-0.0994758978,-0.99503988,0,0.99503988,-0.0994758978,0,0,0,0.999999881],"scale":1.03917241,"type":"cork_oak_bush_large"}
{"pos":[213.976776,184.751205,254.212143],"rotationMatrix":[0.893193662,-0.449672073,0,0.449672073,0.893193662,0,0,0,0.999999881],"scale":1.1703403,"type":"cork_oak_bush_large"}
{"pos":[224.26413,170.225388,254.028641],"rotationMatrix":[0.771104217,-0.636708856,0,0.636708856,0.771104217,0,0,0,0.999999881],"scale":1.17712533,"type":"cork_oak_bush_large"}
{"pos":[227.76181,183.490036,253.504959],"rotationMatrix":[-0.74387902,0.668314219,0,-0.668314219,-0.74387902,0,0,0,0.999999881],"scale":1.17229593,"type":"cork_oak_bush_large"}
{"pos":[242.723175,185.010559,252.084137],"rotationMatrix":[-0.967824161,-0.251627058,0,0.251627058,-0.967824161,0,0,0,0.999999881],"scale":0.90014565,"type":"cork_oak_bush_large"}
{"pos":[253.368225,123.091026,254.232285],"rotationMatrix":[0.0193978604,-0.999811769,0,0.999811769,0.0193978604,0,0,0,0.999999881],"scale":0.966442168,"type":"cork_oak_bush_large"}
{"pos":[243.676926,129.564285,254.185822],"rotationMatrix":[-0.900712073,0.434416592,0,-0.434416592,-0.900712073,0,0,0,0.999999881],"scale":1.01785588,"type":"cork_oak_bush_large"}
{"pos":[268.684875,122.824501,254.741226],"rotationMatrix":[-0.982797742,0.184684709,0,-0.184684709,-0.982797742,0,0,0,0.999999881],"scale":0.983507097,"type":"cork_oak_bush_large"}
{"pos":[284.301361,129.651154,255.181915],"rotationMatrix":[0.948869407,-0.315668583,0,0.315668583,0.948869407,0,0,0,0.999999881],"scale":0.985449314,"type":"cork_oak_bush_large"}
{"pos":[78.9818497,143.624252,234.365189],"rotationMatrix":[0.147258803,-0.989097893,0,0.989097893,0.147258803,0,0,0,0.999999881],"scale":0.911227167,"type":"cork_oak_bush_large"}
{"pos":[4.95881081,114.63327,233.569733],"rotationMatrix":[0.435112298,-0.900376022,0,0.900376022,0.435112298,0,0,0,0.999999881],"scale":1.18040705,"type":"cork_oak_bush_large"}
{"pos":[409.789703,45.1406364,250.393509],"rotationMatrix":[-0.893253863,-0.449552357,0,0.449552357,-0.893253863,0,0,0,0.999999881],"scale":0.908087552,"type":"cork_oak_bush_large"}
{"pos":[410.99408,51.8491211,250.350769],"rotationMatrix":[-0.814930737,-0.579558313,0,0.579558313,-0.814930737,0,0,0,0.999999881],"scale":1.04700267,"type":"cork_oak_bush_large"}
{"pos":[416.722626,67.3400116,250.396729],"rotationMatrix":[-0.219889268,0.975524724,0,-0.975524724,-0.219889268,0,0,0,0.999999881],"scale":0.911854088,"type":"cork_oak_bush_large"}
{"pos":[406.597229,81.8889923,250.20134],"rotationMatrix":[-0.997182727,-0.0750100166,0,0.0750100166,-0.997182727,0,0,0,0.999999881],"scale":1.18237901,"type":"cork_oak_bush_large"}
{"pos":[405.661438,94.1492615,250.386383],"rotationMatrix":[0.99996078,0.00885028299,0,-0.00885028299,0.99996078,0,0,0,0.999999881],"scale":0.967852175,"type":"cork_oak_bush_large"}
{"pos":[407.791779,92.9555817,250.396729],"rotationMatrix":[-0.191455081,-0.981501281,0,0.981501281,-0.191455081,0,0,0,0.999999881],"scale":1.17713022,"type":"cork_oak_bush_large"}
{"pos":[412.567139,81.4421005,250.390106],