{"pos":[775.809692,-17.8925362,51.8907547],"rotationMatrix":[-0.111710362,0.993740678,-0,-0.993740678,-0.111710362,0,-0,0,0.999999881],"scale":1.18339682,"type":"daisies_closetop"}
{"pos":[763.462646,-7.4065547,51.9688911],"rotationMatrix":[0.320833385,-0.947135627,0,0.947135627,0.320833385,0,-0,0,0.999999881],"scale":1.0484395,"type":"daisies_closetop"}
