{"pos":[775.809692,-17.8925362,51.8907547],"rotationMatrix":[-0.111710362,0.993740678,0,-0.993740678,-0.111710362,0,0,0,0.999999881],"scale":1.18339682,"type":"daisies_closetop"}
{"pos":[763.462646,-7.4065547,51.9688911],"rotationMatrix":[0.320833385,-0.947135627,0,0.947135627,0.320833385,0,0,0,0.999999881],"scale":1.0484395,"type":"daisies_closetop"}
{"pos":[761.506348,-93.3917694,52.4270821],"rotationMatrix":[-0.97183758,0.23565127,0,-0.23565127,-0.97183758,0,0,0,0.999999881],"scale":1.09741783,"type":"daisies_closetop"}
{"pos":[757.190002,-98.318779,52.1755524],"rotationMatrix":[0.732117295,-0.68117851,0,0.68117851,0.732117295,0,0,0,0.999999881],"scale":1.29629493,"type":"daisies_closetop"}
{"pos":[776.718689,-87.9545593,53.7377205],"rotationMatrix":[-0.87502414,0.484079212,0,-0.484079212,-0.87502414,0,0,0,0.999999881],"scale":1.00925875,"type":"daisies_closetop"}
{"pos":[775.706909,-82.4025345,53.6661453],"rotationMatrix":[-0.879452229,0.475986958,0,-0.475986958,-0.879452229,0,0,0,0.999999881],"scale":1.06624198,"type":"daisies_closetop"}
{"pos":[781.424072,-102.540329,57.9471474],"rotationMatrix":[0.494923741,0.868936419,0,-0.868936419,0.494923741,0,0,0,0.999999881],"scale":1.02779305,"type":"daisies_closetop"}
{"pos":[782.663879,-97.5511017,57.1055489],"rotationMatrix":[-0.624318957,-0.781169355,0,0.781169355,-0.624318957,0,0,0,0.999999881],"scale":1.21925497,"type":"daisies_closetop"}
{"pos":[789.30896,-105.939629,57.9363136],"rotationMatrix":[-0.555222452,0.831701696,0,-0.831701696,-0.555222452,0,0,0,0.999999881],"scale":1.04388809,"type":"daisies_closetop"}
{"pos":[780.261292,-101.964478,57.9252357],"rotationMatrix":[-0.602368534,-0.798217952,0,0.798217952,-0.602368534,0,0,0,0.999999881],"scale":1.21808159,"type":"daisies_closetop"}
{"pos":[778.04541,-104.431335,57.9357681],"rotationMatrix":[-0.988241971,-0.152897418,0,0.152897418,-0.988241971,0,0,0,0.999999881],"scale":1.14159536,"type":"daisies_closetop"}
{"pos":[785.577698,-96.8759613,57.3258324],"rotationMatrix":[0.124421775,0.992229342,0,-0.992229342,0.124421775,0,0,0,0.999999881],"scale":1.0878799,"type":"daisies_closetop"}
{"pos":[788.69104,-102.684196,57.8582535],"rotationMatrix":[0.0232038479,0.999730706,0,-0.999730706,0.0232038479,0,0,0,0.999999881],"scale":1.19238091,"type":"daisies_closetop"}
{"pos":[774.11554,-111.268951,57.9382782],"rotationMatrix":[-0.999920309,-0.0126152579,0,0.0126152579,-0.999920309,0,0,0,0.999999881],"scale":1.11647105,"type":"daisies_closetop"}
{"pos":[765.738464,-105.470108,56.3856201],"rotationMatrix":[0.565883875,0.824484885,0,-0.824484885,0.565883875,0,0,0,0.999999881],"scale":1.24120224,"type":"daisies_closetop"}
