{"pos":[357.824097,70.2146912,258.639374],"rotationMatrix":[0.634378254,0.773022771,0,-0.773022771,0.634378254,-0,-0,0,0.999999881],"scale":1.14038277,"type":"daisies_closetop"}
{"pos":[367.833649,63.8193588,258.419922],"rotationMatrix":[-0.968943715,0.247280911,-0,-0.247280911,-0.968943715,0,-0,0,0.999999881],"scale":1.1058898,"type":"daisies_closetop"}
{"pos":[321.901398,86.3712692,257.076874],"rotationMatrix":[-0.609833241,0.792529523,-0,-0.792529523,-0.609833241,0,-0,0,0.999999881],"scale":1.00890422,"type":"daisies_closetop"}
{"pos":[334.550507,90.1396484,257.618073],"rotationMatrix":[-0.134924427,-0.990855813,0,0.990855813,-0.134924427,0,-0,0,0.999999881],"scale":1.28741527,"type":"daisies_closetop"}
{"pos":[338.744324,85.5134125,258.091309],"rotationMatrix":[-0.622503221,-0.782617211,0,0.782617211,-0.622503221,0,-0,0,0.999999881],"scale":1.23117256,"type":"daisies_closetop"}
{"pos":[323.118164,61.884285,257.189117],"rotationMatrix":[-0.899945676,-0.436001897,0,0.436001897,-0.899945676,0,-0,0,0.999999881],"scale":1.02917492,"type":"daisies_closetop"}
{"pos":[297.180969,89.8050156,256.857697],"rotationMatrix":[-0.995354354,0.0962783918,-0,-0.0962783918,-0.995354354,0,-0,0,0.999999881],"scale":1.05989194,"type":"daisies_closetop"}
{"pos":[311.576874,85.8178558,256.447693],"rotationMatrix":[-0.86344552,-0.504441917,0,0.504441917,-0.86344552,0,-0,0,0.999999881],"scale":1.14822149,"type":"daisies_closetop"}
{"pos":[298.959961,76.5991745,256.20636],"rotationMatrix":[-0.838340223,-0.545147359,0,0.545147359,-0.838340223,0,-0,0,0.999999881],"scale":1.0631001,"type":"daisies_closetop"}
{"pos":[300.34314,79.8924179,256.222809],"rotationMatrix":[0.746310592,-0.665597737,0,0.665597737,0.746310592,0,-0,0,0.999999881],"scale":1.1308291,"type":"daisies_closetop"}
{"pos":[317.733246,89.1519699,256.63089],"rotationMatrix":[0.448893517,-0.893585205,0,0.893585205,0.448893517,0,-0,0,0.999999881],"scale":1.29489017,"type":"daisies_closetop"}
{"pos":[307.906616,97.998291,256.051971],"rotationMatrix":[-0.983633399,-0.180181131,0,0.180181131,-0.983633399,0,-0,0,0.999999881],"scale":1.05264449,"type":"daisies_closetop"}
{"pos":[256.904694,125.966156,254.150833],"rotationMatrix":[-0.508657992,-0.860968649,0,0.860968649,-0.508657992,0,-0,0,0.999999881],"scale":1.03348374,"type":"daisies_closetop"}
{"pos":[262.788788,115.823135,254.600204],"rotationMatrix":[-0.267647713,-0.963516772,0,0.963516772,-0.267647713,0,-0,0,0.999999881],"scale":1.16355157,"type":"daisies_closetop"}
{"pos":[253.790665,126.426582,254.091446],"rotationMatrix":[0.844516933,0.535528839,0,-0.535528839,0.844516933,-0,-0,0,0.999999881],"scale":1.07919836,"type":"daisies_closetop"}
{"pos":[263.072845,131.939331,254.167206],"rotationMatrix":[-0.631541729,0.77534163,-0,-0.77534163,-0.631541729,0,-0,0,0.999999881],"scale":1.04784894,"type":"daisies_closetop"}
{"pos":[262.239838,132.715698,254.124649],"rotationMatrix":[-0.771633089,0.636067808,-0,-0.636067808,-0.771633089,0,-0,0,0.999999881],"scale":1.10604,"type":"daisies_closetop"}
{"pos":[254.230972,116.687332,254.229645],"rotationMatrix":[0.146279633,0.989243209,0,-0.989243209,0.146279633,-0,-0,0,0.999999881],"scale":1.09762168,"type":"daisies_closetop"}
{"pos":[246.582596,114.566048,254.185669],"rotationMatrix":[-0.191169083,0.981557012,-0,-0.981557012,-0.191169083,0,-0,0,0.999999881],"scale":1.12594581,"type":"daisies_closetop"}
{"pos":[238.872269,124.047272,254.231552],"rotationMatrix":[0.121778421,0.992557228,0,-0.992557228,0.121778421,-0,-0,0,0.999999881],"scale":1.17208004,"type":"daisies_closetop"}
{"pos":[259.516846,114.615021,254.483063],"rotationMatrix":[-0.0185711104,-0.999827445,0,0.999827445,-0.0185711104,0,-0,0,0.999999881],"scale":1.08758235,"type":"daisies_closetop"}
{"pos":[240.48674,114.574066,254.237793],"rotationMatrix":[-0.988935709,-0.148344189,0,0.148344189,-0.988935709,0,-0,0,0.999999881],"scale":1.01586807,"type":"daisies_closetop"}
{"pos":[260.550537,132.795929,254.09082],"rotationMatrix":[-0.781468689,0.623944342,-0,-0.623944342,-0.781468689,0,-0,0,0.999999881],"scale":1.16027498,"type":"daisies_closetop"}
{"pos":[268.098297,121.073349,254.679398],"rotationMatrix":[0.973778665,-0.22749725,0,0.22749725,0.973778665,0,-0,0,0.999999881],"scale":1.05694187,"type":"daisies_closetop"}
{"pos":[226.884338,105.51825,254.206802],"rotationMatrix":[-0.625110209,0.780536294,-0,-0.780536294,-0.625110209,0,-0,0,0.999999881],"scale":1.11437428,"type":"daisies_closetop"}
{"pos":[219.97644,107.352165,254.205688],"rotationMatrix":[-0.685443759,-0.728125393,0,0.728125393,-0.685443759,0,-0,0,0.999999881],"scale":1.12550426,"type":"daisies_closetop"}
{"pos":[216.225449,88.4422531,254.170273],"rotationMatrix":[-0.175817072,-0.984422743,0,0.984422743,-0.175817072,0,-0,0,0.999999881],"scale":1.02182901,"type":"daisies_closetop"}
{"pos":[219.813202,93.8826828,254.183609],"rotationMatrix":[0.25308767,0.967443287,0,-0.967443287,0.25308767,-0,-0,0,0.999999881],"scale":1.19363236,"type":"daisies_closetop"}
{"pos":[212.026123,100.488831,254.229034],"rotationMatrix":[0.123929232,0.992291033,0,-0.992291033,0.123929232,-0,-0,0,0.999999881],"scale":1.04455256,"type":"daisies_closetop"}
{"pos":[218.077148,87.978714,254.177979],"rotationMatrix":[-0.66044265,-0.750876486,0,0.750876486,-0.66044265,0,-0,0,0.999999881],"scale":1.09275842,"type":"daisies_closetop"}
{"pos":[226.493347,86.1339111,254.201157],"rotationMatrix":[-0.71165508,0.702528954,-0,-0.702528954,-0.71165508,0,-0,0,0.999999881],"scale":1.22742748,"type":"daisies_closetop"}
{"pos":[186.083359,62.092144,254.214767],"rotationMatrix":[0.612727225,0.790294468,0,-0.790294468,0.612727225,-0,-0,0,0.999999881],"scale":1.01155245,"type":"daisies_closetop"}
{"pos":[192.716827,49.9152336,253.529724],"rotationMatrix":[0.105832756,-0.994383812,0,0.994383812,0.105832756,0,-0,0,0.999999881],"scale":1.04220843,"type":"daisies_closetop"}
{"pos":[192.794022,60.3071709,254.260544],"rotationMatrix":[-0.833711445,0.552200198,-0,-0.552200198,-0.833711445,0,-0,0,0.999999881],"scale":1.18724513,"type":"daisies_closetop"}
{"pos":[179.133301,57.5361137,254.245255],"rotationMatrix":[-0.694002032,-0.719972908,0,0.719972908,-0.694002032,0,-0,0,0.999999881],"scale":1.15771067,"type":"daisies_closetop"}
{"pos":[190.499146,61.3803177,254.26474],"rotationMatrix":[-0.35913983,0.933283627,-0,-0.933283627,-0.35913983,0,-0,0,0.999999881],"scale":1.07079136,"type":"daisies_closetop"}
{"pos":[143.554367,76.2206497,254.260178],"rotationMatrix":[-0.761366725,-0.648321271,0,0.648321271,-0.761366725,0,-0,0,0.999999881],"scale":1.19094312,"type":"daisies_closetop"}
{"pos":[145.227524,78.1302643,254.25116],"rotationMatrix":[0.864539742,-0.502564132,0,0.502564132,0.864539742,0,-0,0,0.999999881],"scale":1.2811625,"type":"daisies_closetop"}
{"pos":[156.977737,67.981575,254.21904],"rotationMatrix":[-0.842257082,0.53907609,-0,-0.53907609,-0.842257082,0,-0,0,0.999999881],"scale":1.13082004,"type":"daisies_closetop"}
{"pos":[156.349197,73.0131836,254.216049],"rotationMatrix":[0.376161307,0.926554143,0,-0.926554143,0.376161307,-0,-0,0,0.999999881],"scale":1.25465178,"type":"daisies_closetop"}
{"pos":[143.241241,78.601059,254.2724],"rotationMatrix":[-0.550168514,-0.835053504,0,0.835053504,-0.550168514,0,-0,0,0.999999881],"scale":1.06867671,"type":"daisies_closetop"}
{"pos":[157.623077,72.0911942,254.209366],"rotationMatrix":[0.974965513,0.222355798,0,-0.222355798,0.974965513,-0,-0,0,0.999999881],"scale":1.12902987,"type":"daisies_closetop"}
{"pos":[147.042114,77.9303513,254.264847],"rotationMatrix":[0.772485197,0.635032773,0,-0.635032773,0.772485197,-0,-0,0,0.999999881],"scale":1.14418101,"type":"daisies_closetop"}
{"pos":[188.738907,158.720596,254.263565],"rotationMatrix":[-0.464257419,-0.885700166,0,0.885700166,-0.464257419,0,-0,0,0.999999881],"scale":1.1570816,"type":"daisies_closetop"}
{"pos":[177.4375,145.940308,254.261276],"rotationMatrix":[-0.239331111,-0.970937908,0,0.970937908,-0.239331111,0,-0,0,0.999999881],"scale":1.17990673,