{"pos":[-618.804993,-352.484009,34.4548988],"rotationMatrix":[0.385502994,0.922687829,0,-0.922687829,0.385502994,0,0,0,1],"scale":1,"type":"eca_bld_house_04_a"}
{"pos":[701.731018,-479.787994,57.6663017],"rotationMatrix":[1,0,0,0,1,0,0,0,1],"scale":1,"type":"eca_bld_house_04_a"}
{"pos":[766.989014,-516.085999,56.6931],"rotationMatrix":[-1,0,0,0,-1,0,0,0,1],"scale":1,"type":"eca_bld_house_04_a"}
{"pos":[695.599976,-507.709991,57.7382011],"rotationMatrix":[-1,0,0,0,-1,0,0,0,1],"scale":1,"type":"eca_bld_house_04_a"}
{"pos":[524.192017,1.8901,53.7566986],"rotationMatrix":[-0.765696287,0.643062234,0,-0.643062234,-0.765696287,0,0,0,1],"scale":1,"type":"eca_bld_house_04_a"}
