{"pos":[783.52301,-343.60199,53.3039017],"rotationMatrix":[0.0236365795,-0.99969995,0,0.99969995,0.0236365795,0,0,0,1],"scale":1,"type":"eca_bld_shop_town_b"}
{"pos":[640.39801,-92.6555023,51.3488007],"rotationMatrix":[-0.606348872,0.795287848,0,-0.795287848,-0.606348872,0,0,0,1],"scale":1,"type":"eca_bld_shop_town_b"}
{"pos":[694.739014,-229.403,53.6495552],"rotationMatrix":[-0.679944396,-0.733200014,0,0.733200014,-0.679944396,0,0,0,1],"scale":1,"type":"eca_bld_shop_town_b"}
{"pos":[637.588989,-137.992996,53.3949013],"rotationMatrix":[0.75219202,-0.658944011,0,0.658944011,0.75219202,0,0,0,1],"scale":1,"type":"eca_bld_shop_town_b"}
{"pos":[675.691406,-133.044479,51.9160385],"rotationMatrix":[-0.740849674,0.671889365,0,-0.671889365,-0.740849674,0,0,0,1],"scale":1,"type":"eca_bld_shop_town_b"}
{"pos":[744.867676,-284.479187,53.7031784],"rotationMatrix":[-0.354658008,0.935092568,0,-0.935092568,-0.354658008,0,0,0,1],"scale":1,"type":"eca_bld_shop_town_b"}
