{"pos":[1.15393817,-27.7981758,251.307404],"rotationMatrix":[-0.729047596,0.682835817,-0.0471591279,0.37399745,0.33970812,-0.862973213,-0.573248804,-0.646786332,-0.503042459],"scale":0.820270061,"type":"eca_rock_big_wide"}
{"pos":[2.78904057,-31.6276741,251.221344],"rotationMatrix":[0.0507130027,0.993346274,0.103392795,0.374046206,0.0770993233,-0.924198687,-0.926021516,0.0855429396,-0.367647648],"scale":0.820270061,"type":"eca_rock_big_wide"}
{"pos":[4.05205345,-32.9805069,251.022812],"rotationMatrix":[-0.684099436,0.72520858,-0.0779673308,0.28891325,0.171270996,-0.941909313,-0.669727504,-0.666886091,-0.326689035],"scale":0.820270061,"type":"eca_rock_big_wide"}
{"pos":[-3.26735663,-26.4770279,250.913635],"rotationMatrix":[-0.961177051,-0.275752425,0.00986847188,-0.130965218,0.424435347,-0.895935774,0.242868483,-0.862446249,-0.444071829],"scale":0.820270061,"type":"eca_rock_big_wide"}
{"pos":[-7.75108051,-28.6114521,251.004272],"rotationMatrix":[-0.747611523,-0.663688779,0.0243288875,-0.29087168,0.294280171,-0.91037941,0.597050011,-0.687687635,-0.413055837],"scale":0.820270061,"type":"eca_rock_big_wide"}
{"pos":[6.33811903,-36.8188744,250.905975],"rotationMatrix":[-0.313000828,0.933897972,0.172809958,0.260861933,0.259489447,-0.929846048,-0.913224518,-0.245963007,-0.324839175],"scale":0.820270061,"type":"eca_rock_big_wide"}
{"pos":[21.8363609,-35.0610085,251.143143],"rotationMatrix":[-0.0104092062,-0.999641716,0.0246175695,-0.44688642,-0.0173729025,-0.894420326,0.894528508,-0.0203112718,-0.446545988],"scale":1.18402743,"type":"eca_rock_big_wide"}
{"pos":[22.2408943,-28.5480328,251.120407],"rotationMatrix":[-0.122373834,-0.992177546,0.0246175658,-0.4460181,0.0328192636,-0.894420207,0.886616826,-0.12043345,-0.446545929],"scale":1.18402743,"type":"eca_rock_big_wide"}
{"pos":[23.9369621,-22.2256203,251.105103],"rotationMatrix":[-0.394583821,-0.918528676,0.0246175621,-0.419107795,0.156069979,-0.894420087,0.817709625,-0.363241374,-0.446545869],"scale":1.18402743,"type":"eca_rock_big_wide"}
{"pos":[27.4707031,-17.1868973,251.117447],"rotationMatrix":[-0.744389057,-0.667290092,0.0246175583,-0.314556926,0.317904234,-0.894419968,0.589012623,-0.67354089,-0.44654581],"scale":1.18402743,"type":"eca_rock_big_wide"}
{"pos":[33.5125771,-14.0582771,251.169006],"rotationMatrix":[-0.992435813,-0.120258242,0.0246175546,-0.0755986124,0.440787911,-0.894419849,0.0967106521,-0.889516771,-0.44654575],"scale":1.18402743,"type":"eca_rock_big_wide"}
{"pos":[40.0697327,-13.788868,251.191238],"rotationMatrix":[-0.999080956,-0.0350403041,0.0246175509,-0.037668176,0.445634604,-0.89441973,0.0203706026,-0.894526601,-0.44654569],"scale":1.18402743,"type":"eca_rock_big_wide"}
{"pos":[36.1389236,4.99787092,249.154556],"rotationMatrix":[0.0348271802,-0.999088883,0.0246175621,-0.445642769,-0.0375731178,-0.894420087,0.89453131,0.0201797262,-0.446545869],"scale":1.18402743,"type":"eca_rock_big_wide"}
{"pos":[43.7008858,5.54509258,250.721832],"rotationMatrix":[-0.0233898219,0.999402523,0.0253848806,-0.479448795,0.0110675227,-0.877497554,-0.877255857,-0.0326954983,0.478904366],"scale":1.18402743,"type":"eca_rock_big_wide"}
{"pos":[33.3255386,9.34336662,249.478836],"rotationMatrix":[0.96526444,-0.260106593,0.0246175509,-0.0949535891,-0.437027395,-0.89441973,0.243403196,0.861015618,-0.44654569],"scale":1.18402743,"type":"eca_rock_big_wide"}
{"pos":[26.8558807,11.0146227,249.478836],"rotationMatrix":[0.96526444,-0.260106593,0.0246175509,-0.0949535891,-0.437027395,-0.89441973,0.243403196,0.861015618,-0.44654569],"scale":1.18402743,"type":"eca_rock_big_wide"}
{"pos":[20.1021271,12.8609772,249.478836],"rotationMatrix":[0.997063339,-0.0724930465,0.0246175472,-0.0104240328,-0.447102249,-0.894419611,0.0758456439,0.891538143,-0.446545631],"scale":1.18402743,"type":"eca_rock_big_wide"}
{"pos":[16.9118576,13.3630943,248.785767],"rotationMatrix":[0.566159844,0.823925495,0.0246175434,0.380617648,-0.234817445,-0.894419491,-0.731156111,0.515755177,-0.446545571],"scale":1.18402743,"type":"eca_rock_big_wide"}
{"pos":[10.9752789,10.2162085,248.892639],"rotationMatrix":[0.998467684,0.0495237559,0.0246175434,0.0441261157,-0.445041478,-0.894419491,-0.0333395228,0.894137084,-0.446545571],"scale":1.18402743,"type":"eca_rock_big_wide"}
{"pos":[4.35117769,9.72882271,248.892639],"rotationMatrix":[0.988327086,0.150331125,0.024617536,0.0889451653,-0.438289523,-0.894419253,-0.123669989,0.886170447,-0.446545452],"scale":1.18402743,"type":"eca_rock_big_wide"}
{"pos":[-2.1796813,11.0174141,248.892639],"rotationMatrix":[0.80710125,-0.589896023,0.0246175323,-0.245793805,-0.373623222,-0.894419134,0.53681308,0.715837896,-0.446545392],"scale":1.18402743,"type":"eca_rock_big_wide"}
{"pos":[-6.98329926,12.1975317,248.892639],"rotationMatrix":[0.996545017,0.0792947933,0.0246175323,0.0573859625,-0.443526506,-0.894419134,-0.060004659,0.892743826,-0.446545392],"scale":1.18402743,"type":"eca_rock_big_wide"}
{"pos":[-11.9525728,12.014308,248.651154],"rotationMatrix":[0.99959892,0.0138368607,0.0246175285,0.0282055084,-0.4463332,-0.894419014,-0.00138859078,0.894756973,-0.446545333],"scale":1.18402743,"type":"eca_rock_big_wide"}
{"pos":[-18.7084484,11.9786005,248.166641],"rotationMatrix":[0.99959892,0.0138368607,0.0246175285,0.0282055084,-0.4463332,-0.894419014,-0.00138859078,0.894756973,-0.446545333],"scale":1.18402743,"type":"eca_rock_big_wide"}
{"pos":[-22.5951385,11.9786005,247.91954],"rotationMatrix":[0.99959892,0.0138368607,0.0246175285,0.0282055084,-0.4463332,-0.894419014,-0.00138859078,0.894756973,-0.446545333],"scale":1.18402743,"type":"eca_rock_big_wide"}
{"pos":[-29.1393147,11.9786005,247.644775],"rotationMatrix":[0.99959892,0.0138368607,0.0246175285,0.0282055084,-0.4463332,-0.894419014,-0.00138859078,0.894756973,-0.446545333],"scale":1.18402743,"type":"eca_rock_big_wide"}
{"pos":[-32.3645859,-22.2201042,248.590332],"rotationMatrix":[-0.959075034,0.17694211,0.221051514,-0.122797832,0.443527073,-0.887806535,-0.255132854,-0.878619134,-0.403648257],"scale":1.18402743,"type":"eca_rock_big_wide"}
{"pos":[-38.3046074,-24.2145214,248.8255],"rotationMatrix":[-0.760231674,-0.64847213,0.0390901901,-0.260778248,0.249504268,-0.932597041,0.595011353,-0.719185233,-0.358788997],"scale":1.18402743,"type":"eca_rock_big_wide"}
{"pos":[-43.5177612,-27.1126537,248.8255],"rotationMatrix":[-0.910723507,-0.411157668,0.0390901864,-0.180996597,0.312246501,-0.932596922,0.371239543,-0.856415153,-0.358788967],"scale":1.18402743,"type":"eca_rock_big_wide"}
{"pos":[-72.5396423,56.5262222,243.425888],"rotationMatrix":[-0.989451051,0.139479056,0.0390901826,0.0139941722,0.360640764,-0.932596803,-0.144175589,-0.92221421,-0.358788937],"scale":2.46178627,"type":"eca_rock_big_wide"}
{"pos":[-85.272934,57.8299675,243.179428],"rotationMatrix":[-0.992666483,-0.119544677,0.0178078525,-0.0678685978,0.429413497,-0.900550246,0.100009434,-0.895157635,-0.434378803],"scale":2.46178627,"type":"eca_rock_big_wide"}
{"pos":[-98.3879776,58.3709869,243.615158],"rotationMatrix":[-0.997240543,0.0720329359,0.0178078506,0.0153019056,0.434474289,-0.900550127,-0.0726065338,-0.897795796,-0.434378743],"scale":2.46178627,"type":"eca_rock_big_wide"}
{"pos":[-112.270851,58.37043,243.615158],"rotationMatrix":[0.995090663,0.0988781899,0.00341319991,-0.0373005345,0.406890273,-0.912710667,-0.0916363671,0.90810585,0.408582687],"scale":2.46178627,"type":"eca_rock_big_wide"}
{"pos":[-121.354233,58.9888268,243.615158],"rotationMatrix":[0.786825597,-0.617160916,0.00341319945,0.254615754,0.319565028,-0.912710547,0.562200606,0.719015896,0.408582628],"scale":2.46178627,"type":"eca_rock_big_wide"}
{"pos":[-132.960281,60.2737541,243.615158],"rotationMatrix":[0.810707092,0.570882916,0.129767463,-0.0937511176,0.345388204,-0.933760107,-0.577890635,0.744843364,0.333531141],"scale":2.46178627,"type":"eca_rock_big_wide"}
{"pos":[-118.992775,158.818344,227.052017],"rotationMatrix":[0.99647826,-0.0788438991,0.0284381099,0.0131710218,-0.187774792,-0.98211956,0.0827743709,0.979039192,-0.186075285],