{"pos":[194.692383,-717.101135,43.3190842],"rotationMatrix":[-0.999720812,-0.0236285962,0,0.0236285962,-0.999720812,0,0,0,1],"scale":1,"type":"eca_guardrail_endcap_R"}
{"pos":[578.249023,-613.395447,49.1734619],"rotationMatrix":[0.636051178,-0.770840228,-0.0352727138,0.771320164,0.636447251,9.31322575e-10,0.0224492196,-0.0272065587,0.999377728],"scale":1,"type":"eca_guardrail_endcap_R"}
{"pos":[750.515625,-870.731812,42.5560036],"rotationMatrix":[-0.073748827,-0.992749572,-0.0949180871,0.997252107,-0.0740833282,1.11758709e-08,-0.00703185424,-0.0946572572,0.995485067],"scale":1,"type":"eca_guardrail_endcap_R"}
{"pos":[-573.304138,-601.692261,30.9033089],"rotationMatrix":[0.116843343,-0.992114723,0.0453430265,0.993136227,0.116963625,1.86264515e-09,-0.00530348904,0.0450318009,0.998971462],"scale":1,"type":"eca_guardrail_endcap_R"}
{"pos":[-415.220459,-752.507141,44.6935844],"rotationMatrix":[-0.998755455,-0.00684915856,-0.0494033806,0.00685753208,-0.999976516,1.11467671e-08,-0.0494022183,-0.000338774116,0.99877888],"scale":1,"type":"eca_guardrail_endcap_R"}
{"pos":[-690.487366,-784.97113,36.7801323],"rotationMatrix":[-0.984728217,-0.163800731,-0.0589871481,0.164086446,-0.986445904,1.25728548e-08,-0.0581876338,-0.00967898034,0.99825877],"scale":1,"type":"eca_guardrail_endcap_R"}
{"pos":[-449.26059,-883.367432,36.8309402],"rotationMatrix":[-0.992642999,0.0380262509,0.114951216,-0.0382800028,-0.999267101,-3.02679837e-09,0.114866965,-0.00440033618,0.993371129],"scale":1,"type":"eca_guardrail_endcap_R"}
{"pos":[67.6552277,-821.071228,27.1258392],"rotationMatrix":[0.882601976,-0.435839325,0.176232368,0.442769259,0.896635592,-1.11758709e-08,-0.158016205,0.0780302882,0.984348595],"scale":1,"type":"eca_guardrail_endcap_R"}
{"pos":[93.1849899,-921.831665,35.7237587],"rotationMatrix":[-0.567217588,0.822439313,-0.0431005321,-0.823204279,-0.56774509,-3.7252903e-09,-0.0244701244,0.035480544,0.999070764],"scale":1,"type":"eca_guardrail_endcap_R"}
{"pos":[82.5351028,-849.211731,32.4445343],"rotationMatrix":[-0.892913818,0.415538222,-0.173300907,-0.421922356,-0.906632066,1.11758709e-08,-0.157120153,0.073119536,0.984868944],"scale":1,"type":"eca_guardrail_endcap_R"}
{"pos":[178.952332,-846.291138,49.075161],"rotationMatrix":[-0.982806444,0.183970809,0.0156903341,-0.183993459,-0.982927442,-2.56113708e-09,0.0154224606,-0.0028869214,0.999876916],"scale":1,"type":"eca_guardrail_endcap_R"}
{"pos":[386.098206,-658.248352,43.1429367],"rotationMatrix":[-0.830723524,-0.556261718,0.0217102692,0.556392848,-0.830919385,-2.32830644e-09,0.0180394836,0.0120794363,0.999764323],"scale":1,"type":"eca_guardrail_endcap_R"}
{"pos":[362.789276,-511.723694,48.1922531],"rotationMatrix":[0.515622377,-0.856622696,-0.0181946307,0.856764555,0.515707731,9.31322575e-10,0.00938311126,-0.0155885145,0.999834478],"scale":1,"type":"eca_guardrail_endcap_R"}
{"pos":[68.915596,-297.627411,47.5837593],"rotationMatrix":[-0.977667093,0.119114801,-0.173144117,-0.120941445,-0.992659688,1.49011612e-08,-0.171873167,0.0209403131,0.984896481],"scale":1,"type":"eca_guardrail_endcap_R"}
{"pos":[-19.8411541,-288.448578,37.8487778],"rotationMatrix":[-0.643681288,0.76168412,-0.0742410123,-0.763791978,-0.645462513,7.4505806e-09,-0.0479197875,0.0567046925,0.997240305],"scale":1,"type":"eca_guardrail_endcap_R"}
{"pos":[-35.905407,-330.873077,46.5255966],"rotationMatrix":[0.731377602,-0.662923753,0.160059214,0.671582162,0.74093008,-1.11758709e-08,-0.11859268,0.107492909,0.987107396],"scale":1,"type":"eca_guardrail_endcap_R"}
{"pos":[-66.5562515,-297.746948,41.0058289],"rotationMatrix":[-0.673936248,0.735049963,-0.0742410272,-0.737084031,-0.675801158,7.4505806e-09,-0.0501721576,0.0547218807,0.997240305],"scale":1,"type":"eca_guardrail_endcap_R"}
{"pos":[64.6942215,143.564087,84.7245331],"rotationMatrix":[-0.645424604,0.757706821,-0.0964747816,-0.759790838,-0.649837375,-0.0207150765,-0.0783888847,0.0599306412,0.99511987],"scale":1,"type":"eca_guardrail_endcap_R"}
{"pos":[319.232239,-75.7801666,51.3933105],"rotationMatrix":[-0.0465443134,-0.998814464,-0.014259533,0.998715401,-0.0462440252,-0.0207150802,0.0200311057,-0.0152053833,0.999683738],"scale":1,"type":"eca_guardrail_endcap_R"}
{"pos":[171.181686,226.319382,45.4458046],"rotationMatrix":[-0.424190044,0.898086786,-0.116202816,-0.902980566,-0.429181933,-0.0207150765,-0.068476066,0.0961417556,0.993009448],"scale":1,"type":"eca_guardrail_endcap_R"}
{"pos":[160.453781,349.573669,37.8038902],"rotationMatrix":[0.0514145494,0.996926129,-0.059117116,-0.998520911,0.0502684116,-0.0207150616,-0.0176796615,0.0600947328,0.998036087],"scale":1,"type":"eca_guardrail_endcap_R"}
{"pos":[161.853683,317.562531,39.3373985],"rotationMatrix":[-0.087043047,-0.99619633,-0.0040566558,0.995998085,-0.0869413614,-0.0207150634,0.0202835798,-0.00584352203,0.999777198],"scale":1,"type":"eca_guardrail_endcap_R"}
{"pos":[611.437012,416.691956,53.385788],"rotationMatrix":[0.326761901,-0.939357936,-0.104082793,0.943570673,0.330522597,-0.0207150504,0.0538605563,-0.0914405957,0.994352877],"scale":1,"type":"eca_guardrail_endcap_R"}
{"pos":[599.949463,572.307251,50.1221809],"rotationMatrix":[0.0495263338,0.997265697,-0.054848142,-0.998610616,0.0484538078,-0.020715056,-0.0180008113,0.0557978749,0.99827981],"scale":1,"type":"eca_guardrail_endcap_R"}
{"pos":[888.28772,-639.102722,42.0654869],"rotationMatrix":[-0.245429873,-0.962631702,0.114474766,0.968201399,-0.249313354,-0.0207150988,0.0484810844,0.105750516,0.993210137],"scale":1,"type":"eca_guardrail_endcap_R"}
{"pos":[805.066101,767.67334,77.1903458],"rotationMatrix":[0.173335969,-0.969509602,-0.173221678,0.983531833,0.179544091,-0.0207150877,0.0511844046,-0.166778356,0.984664977],"scale":1,"type":"eca_guardrail_endcap_R"}
{"pos":[669.911743,941.407471,79.1677475],"rotationMatrix":[0.958210647,0.281549871,0.0506167896,-0.280843318,0.959530056,-0.0207150951,-0.0544006638,0.00563403871,0.998503268],"scale":1,"type":"eca_guardrail_endcap_R"}
{"pos":[175.091232,826.052734,44.4467354],"rotationMatrix":[-0.966866136,-0.253088742,0.0334031545,0.252505869,-0.96737349,-0.020715097,0.0375560857,-0.011594234,0.999227285],"scale":1,"type":"eca_guardrail_endcap_R"}
{"pos":[47.0905991,800.196716,34.1798248],"rotationMatrix":[0.573665559,0.81876868,0.0228955615,-0.818535745,0.574081242,-0.0207150895,-0.0301048122,-0.00685733324,0.999523222],"scale":1,"type":"eca_guardrail_endcap_R"}
{"pos":[-105.705986,886.321533,23.1635189],"rotationMatrix":[-0.8677001,0.496560425,0.0228955951,-0.496995717,-0.86750567,-0.0207150877,0.00957576744,-0.0293534957,0.999523222],"scale":1,"type":"eca_guardrail_endcap_R"}
{"pos":[-555.355408,-198.147827,30.5617199],"rotationMatrix":[-0.813420773,0.580634296,-0.0347876996,-0.580274284,-0.814157486,-0.0207151063,-0.0403505713,0.00333630759,0.999180019],"scale":1,"type":"eca_guardrail_endcap_R"}
{"pos":[-700.074951,62.4850121,25.2958679],"rotationMatrix":[-0.379078507,0.924962282,0.0272812098,-0.925322413,-0.378615141,-0.0207151119,-0.00883161929,-0.0330965668,0.999413133],"scale":1,"type":"eca_guardrail_endcap_R"}
{"pos":[-711.866516,309.607269,26.6886997],"rotationMatrix":[0.186781943,0.982022524,0.0272812098,-0.982071519,0.187366784,-0.0207151044,-0.0254542902,-0.022922894,0.999413133],"scale":1,"type":"eca_guardrail_endcap_R"}
{"pos":[-401.832947,650.421509,23.1485558],"rotationMatrix":[0.99177593,0.127123073,-0.0148395831,-0.127414718,0.991633177,-0.0207150914,0.0120820561,0.0224355124,0.999675274],"scale":1,"type":"eca_guardrail_endcap_R"}
{"pos":[-425.597107,379.186432,27.1215935],"rotationMatrix":[0.581521034,0.812027395,-0.0494445674,-0.813444078,0.581274152,-0.0207150839,0.0119196363,0.0522666462,0.998562038],"scale":1,"type":"eca_guardrail_endcap_R"}
{"pos":[-277.596832,474.518524,36.5218735],"rotationMatrix":[0.440771043,0.896924794,-0.0353097916,-0.897614419,0.440294445,-0.0207150765,-0.00303316116,0.0408251844,0.99916172],"scale":1,"type":"eca_guardrail_endcap_R"}
{"pos":[-84.2103958,614.749084,37.3554726],