{"pos":[-0.124686718,-29.6420994,252.742126],"rotationMatrix":[0.753385365,0.657579243,0,-0.657579243,0.753385365,0,0,0,0.999999881],"scale":1.00266755,"type":"eca_rock_big_narrow"}
{"pos":[-1.71282005,-29.559761,252.272476],"rotationMatrix":[0.787070453,0.616862953,0,-0.606953621,0.774426877,0.178522572,0.110123992,-0.140509874,0.983935654],"scale":1.07900357,"type":"eca_rock_big_narrow"}
{"pos":[-5.95406532,-30.123642,252.633926],"rotationMatrix":[-0.470807672,0.882235706,0,-0.882235706,-0.470807672,0,0,0,0.999999881],"scale":1.18956304,"type":"eca_rock_big_narrow"}
{"pos":[226.355927,51.2413445,251.512207],"rotationMatrix":[-0.651910245,0.758295894,0,-0.758295894,-0.651910245,0,0,0,0.999999881],"scale":1.24765456,"type":"eca_rock_big_narrow"}
{"pos":[262.634613,91.5633392,254.435043],"rotationMatrix":[-0.990329564,0.138733938,0,-0.138733938,-0.990329564,0,0,0,0.999999881],"scale":1.03996563,"type":"eca_rock_big_narrow"}
{"pos":[303.558746,123.418228,254.354004],"rotationMatrix":[-0.930007398,-0.367540836,0,0.367540836,-0.930007398,0,0,0,0.999999881],"scale":1.22153687,"type":"eca_rock_big_narrow"}
{"pos":[-648.798462,320.999237,232.824326],"rotationMatrix":[0.435625732,-0.900127709,0,0.900127709,0.435625732,0,0,0,0.999999881],"scale":1.2724154,"type":"eca_rock_big_narrow"}
{"pos":[272.989807,321.247162,223.581863],"rotationMatrix":[0.128523633,0.148793101,0.980480313,-0.961723387,-0.222571984,0.159841433,0.242010832,-0.96349442,0.114492059],"scale":6.66922665,"type":"eca_rock_big_narrow"}
{"pos":[287.396362,289.338623,223.581863],"rotationMatrix":[0.107074954,-0.175564557,0.978626966,0.991364121,-0.0560942292,-0.118531823,0.0757053047,0.982867956,0.168042153],"scale":6.66922665,"type":"eca_rock_big_narrow"}
{"pos":[290.944458,295.40921,217.103256],"rotationMatrix":[-0.802665234,-0.175564542,-0.57000351,-0.569899917,-0.0560942255,0.819796681,-0.17590116,0.982867897,-0.055029355],"scale":6.66922665,"type":"eca_rock_big_narrow"}
{"pos":[300.564667,224.009003,254.463348],"rotationMatrix":[-0.183374703,-0.983043015,0,0.983043015,-0.183374703,0,0,0,0.999999881],"scale":1.29038763,"type":"eca_rock_big_narrow"}
{"pos":[315.426941,240.146194,255.192062],"rotationMatrix":[0.746432126,0.66546154,0,-0.66546154,0.746432126,0,0,0,0.999999881],"scale":1.15175796,"type":"eca_rock_big_narrow"}
{"pos":[326.594971,244.461761,257.393036],"rotationMatrix":[0.408137202,-0.912920535,0,0.912920535,0.408137202,0,0,0,0.999999881],"scale":1.11518216,"type":"eca_rock_big_narrow"}
{"pos":[328.470612,348.432251,263.559875],"rotationMatrix":[0.262390137,-0.964961767,0,0.964961767,0.262390137,0,0,0,0.999999881],"scale":1.23226023,"type":"eca_rock_big_narrow"}
{"pos":[446.763458,126.997894,256.37915],"rotationMatrix":[-0.99586755,0.0908154994,0,-0.0908154994,-0.99586755,0,0,0,0.999999881],"scale":1.28241205,"type":"eca_rock_big_narrow"}
{"pos":[516.076721,95.9864197,257.304932],"rotationMatrix":[-0.42810297,0.903729796,0,-0.903729796,-0.42810297,0,0,0,0.999999881],"scale":1.17784762,"type":"eca_rock_big_narrow"}
{"pos":[511.526123,83.9907379,255.900589],"rotationMatrix":[0.461526781,-0.887126148,0,0.887126148,0.461526781,0,0,0,0.999999881],"scale":1.2961421,"type":"eca_rock_big_narrow"}
{"pos":[515.983093,111.731995,257.140442],"rotationMatrix":[-0.821775079,0.56981194,0,-0.56981194,-0.821775079,0,0,0,0.999999881],"scale":1.03994739,"type":"eca_rock_big_narrow"}
{"pos":[502.481995,118.47081,256.391907],"rotationMatrix":[0.815890729,0.578206062,0,-0.578206062,0.815890729,0,0,0,0.999999881],"scale":1.04701209,"type":"eca_rock_big_narrow"}
{"pos":[513.959595,122.836052,256.965485],"rotationMatrix":[-0.842828751,-0.538181841,0,0.538181841,-0.842828751,0,0,0,0.999999881],"scale":1.12974966,"type":"eca_rock_big_narrow"}
{"pos":[469.815979,165.899307,254.881744],"rotationMatrix":[0.132365361,0.991200864,0,-0.991200864,0.132365361,0,0,0,0.999999881],"scale":1.24935567,"type":"eca_rock_big_narrow"}
{"pos":[468.401611,166.397461,255.427322],"rotationMatrix":[-0.518184662,0.855268598,0,-0.855268598,-0.518184662,0,0,0,0.999999881],"scale":1.13847804,"type":"eca_rock_big_narrow"}
{"pos":[468.9487,149.324951,255.358582],"rotationMatrix":[0.652013958,-0.758206785,0,0.758206785,0.652013958,0,0,0,0.999999881],"scale":1.07121456,"type":"eca_rock_big_narrow"}
{"pos":[457.328857,187.171753,254.447708],"rotationMatrix":[-0.342544556,-0.939501464,0,0.939501464,-0.342544556,0,0,0,0.999999881],"scale":1.16493225,"type":"eca_rock_big_narrow"}
{"pos":[448.738739,215.425476,252.89032],"rotationMatrix":[-0.564546943,-0.825400949,0,0.825400949,-0.564546943,0,0,0,0.999999881],"scale":1.10021877,"type":"eca_rock_big_narrow"}
{"pos":[448.922516,218.57576,252.987122],"rotationMatrix":[-0.998893857,-0.0470199287,0,0.0470199287,-0.998893857,0,0,0,0.999999881],"scale":1.24111986,"type":"eca_rock_big_narrow"}
{"pos":[429.954865,277.897858,251.40921],"rotationMatrix":[0.351728171,-0.936102092,0,0.936102092,0.351728171,0,0,0,0.999999881],"scale":1.062397,"type":"eca_rock_big_narrow"}
{"pos":[411.78241,278.593903,250.582306],"rotationMatrix":[-0.326081485,-0.945341647,0,0.945341647,-0.326081485,0,0,0,0.999999881],"scale":1.13055241,"type":"eca_rock_big_narrow"}
{"pos":[425.02533,277.292908,251.238815],"rotationMatrix":[-0.875405431,-0.483389467,0,0.483389467,-0.875405431,0,0,0,0.999999881],"scale":1.10373473,"type":"eca_rock_big_narrow"}
{"pos":[402.349213,305.26474,250.334244],"rotationMatrix":[0.277806282,-0.960637033,0,0.960637033,0.277806282,0,0,0,0.999999881],"scale":1.21297348,"type":"eca_rock_big_narrow"}
{"pos":[500.720459,147.047073,256.65863],"rotationMatrix":[-0.110546976,0.993870795,0,-0.993870795,-0.110546976,0,0,0,0.999999881],"scale":1.11960149,"type":"eca_rock_big_narrow"}
{"pos":[472.581329,206.383774,253.858398],"rotationMatrix":[0.121112928,-0.992638648,0,0.992638648,0.121112928,0,0,0,0.999999881],"scale":1.19931889,"type":"eca_rock_big_narrow"}
{"pos":[413.961426,316.873505,253.615814],"rotationMatrix":[0.467082441,0.884213746,0,-0.884213746,0.467082441,0,0,0,0.999999881],"scale":1.02612579,"type":"eca_rock_big_narrow"}
{"pos":[395.977081,323.40802,250.250885],"rotationMatrix":[-0.88752383,0.460761756,0,-0.460761756,-0.88752383,0,0,0,0.999999881],"scale":1.27648067,"type":"eca_rock_big_narrow"}
{"pos":[515.39502,34.8398056,254.854431],"rotationMatrix":[-0.230338037,-0.973110616,0,0.973110616,-0.230338037,0,0,0,0.999999881],"scale":1.11027026,"type":"eca_rock_big_narrow"}
{"pos":[533.349792,46.5748863,258.981384],"rotationMatrix":[0.150451049,0.98861742,0,-0.98861742,0.150451049,0,0,0,0.999999881],"scale":1.0306356,"type":"eca_rock_big_narrow"}
{"pos":[533.593079,54.8964806,258.991211],"rotationMatrix":[-0.873982489,-0.485957474,0,0.485957474,-0.873982489,0,0,0,0.999999881],"scale":1.25261033,"type":"eca_rock_big_narrow"}
{"pos":[533.75824,39.7341919,258.815552],"rotationMatrix":[0.662218034,0.749311149,0,-0.749311149,0.662218034,0,0,0,0.999999881],"scale":1.00295687,"type":"eca_rock_big_narrow"}
{"pos":[537.516113,43.5993958,258.838348],"rotationMatrix":[0.672373474,-0.740211904,0,0.740211904,0.672373474,0,0,0,0.999999881],"scale":1.10872841,"type":"eca_rock_big_narrow"}
{"pos":[532.631042,49.7480888,258.552094],"rotationMatrix":[0.932836354,0.360300183,0,-0.360300183,0.932836354,0,0,0,0.999999881],"scale":1.18185019,"type":"eca_rock_big_narrow"}
{"pos":[527.148499,59.5073624,258.821289],"rotationMatrix":[0.0889940783,0.996032059,0,-0.996032059,0.0889940783,0,0,0,0.999999881],"scale":1.07538295,"type":"eca_rock_big_narrow"}
{"pos":[535.91272,83.8361282,258.756439],"rotationMatrix":[0.749587357,0.661905408,0,-0.661905408,0.749587357,0,0,0,0.999999881],"scale":1.23610258,"type":"eca_rock_big_narrow"}
{"pos":[523.436829,88.589859,257.793793],"rotationMatrix":[0.0110744666,-0.999938607,0,0.999938607,0.0110744666,0,0,0,0.999999881],"scale":1.27894402,"type":"eca_rock_big_narrow"}
{"pos":[525.742737,83.7148743,257.727234],