{"pos":[534.16803,40.0500984,53.1755981],"rotationMatrix":[0.771917403,-0.635686517,0,0.635686517,0.771917403,0,0,0,1],"scale":1,"type":"eca_bld_house_05_d"}
