{"pos":[3.25418758,-27.4841747,251.274506],"rotationMatrix":[-0.360760093,-0.932658494,0,0.932658494,-0.360760093,0,-0,0,0.999999881],"scale":1.13875282,"type":"eca_rock_medium_1"}
{"pos":[-7.68516779,-23.4897461,249.853424],"rotationMatrix":[0.969814003,0.243845537,0,-0.243845537,0.969814003,0,0,0,0.999999881],"scale":2.19651246,"type":"eca_rock_medium_1"}
