{"pos":[770.234985,-271.078003,50.1402016],"rotationMatrix":[-0.439225674,0.898349702,0,-0.898349702,-0.439225674,0,0,0,1],"scale":1,"type":"eca_bld_warehouse_02_a"}
{"pos":[754.801025,-392.049988,53.4249992],"rotationMatrix":[0.0629195571,-0.99800092,0,0.99800092,0.0629195571,0,0,0,1],"scale":1,"type":"eca_bld_warehouse_02_a"}
{"pos":[740.698975,-316.574005,51.8819008],"rotationMatrix":[0.784306884,0.620347619,0,-0.620347619,0.784306884,0,0,0,1],"scale":1,"type":"eca_bld_warehouse_02_a"}
