{"pos":[716.600037,-58.2840118,51.9031601],"rotationMatrix":[0.881534636,-0.472119153,0,0.472119153,0.881534636,0,0,0,0.999999881],"scale":0.870963633,"type":"eca_rock_small_5"}
{"pos":[721.921875,-50.414547,51.8472633],"rotationMatrix":[0.188759342,-0.982023299,0,0.982023299,0.188759342,0,0,0,0.999999881],"scale":0.748272002,"type":"eca_rock_small_5"}
{"pos":[722.115051,-50.6568642,51.8650856],"rotationMatrix":[-0.0884397179,-0.996081471,0,0.996081471,-0.0884397179,0,0,0,0.999999881],"scale":1.14200246,"type":"eca_rock_small_5"}
{"pos":[725.779236,-50.1126556,51.9242554],"rotationMatrix":[0.571619809,0.820518553,0,-0.820518553,0.571619809,0,0,0,0.999999881],"scale":0.823847711,"type":"eca_rock_small_5"}
{"pos":[733.314758,-52.2241364,51.9185829],"rotationMatrix":[0.9671821,0.25408408,0,-0.25408408,0.9671821,0,0,0,0.999999881],"scale":1.05886185,"type":"eca_rock_small_5"}
{"pos":[733.651184,-51.7857971,51.9227028],"rotationMatrix":[0.675080419,0.737744153,0,-0.737744153,0.675080419,0,0,0,0.999999881],"scale":0.802073479,"type":"eca_rock_small_5"}
{"pos":[709.455505,-70.1308289,51.8472633],"rotationMatrix":[0.188759342,-0.982023299,0,0.982023299,0.188759342,0,0,0,0.999999881],"scale":0.748272002,"type":"eca_rock_small_5"}
{"pos":[670.96521,0.31673789,49.5693893],"rotationMatrix":[0.980228007,-0.197870702,0,0.197870702,0.980228007,0,-0,0,0.999999881],"scale":0.724947989,"type":"eca_rock_small_5"}
{"pos":[672.107666,1.39821863,49.5876999],"rotationMatrix":[-0.385328829,-0.922779262,0,0.922779262,-0.385328829,0,-0,0,0.999999881],"scale":1.05300021,"type":"eca_rock_small_5"}
{"pos":[672.686035,1.69533777,49.5316391],"rotationMatrix":[-0.641184866,-0.767386436,0,0.767386436,-0.641184866,0,-0,0,0.999999881],"scale":0.951793909,"type":"eca_rock_small_5"}
{"pos":[671.681335,-0.247628927,49.3051414],"rotationMatrix":[-0.419808686,-0.907612503,0,0.907612503,-0.419808686,0,-0,0,0.999999881],"scale":0.943429232,"type":"eca_rock_small_5"}
{"pos":[672.240662,0.277691364,49.3024368],"rotationMatrix":[0.753297567,-0.657679737,0,0.657679737,0.753297567,0,-0,0,0.999999881],"scale":0.773600876,"type":"eca_rock_small_5"}
{"pos":[673.312561,0.131213069,49.0555916],"rotationMatrix":[-0.572611332,-0.819826782,0,0.819826782,-0.572611332,0,-0,0,0.999999881],"scale":0.839591086,"type":"eca_rock_small_5"}
{"pos":[671.438538,-1.10010481,49.1917877],"rotationMatrix":[0.255673319,0.966763198,0,-0.966763198,0.255673319,-0,-0,0,0.999999881],"scale":1.252226,"type":"eca_rock_small_5"}
{"pos":[672.414856,10.1759434,51.9018211],"rotationMatrix":[-0.669192851,0.743088663,-0,-0.743088663,-0.669192851,0,-0,0,0.999999881],"scale":0.837253809,"type":"eca_rock_small_5"}
{"pos":[674.201843,7.96455336,51.1699066],"rotationMatrix":[-0.591092944,-0.806603432,0,0.806603432,-0.591092944,0,-0,0,0.999999881],"scale":0.72743696,"type":"eca_rock_small_5"}
{"pos":[675.200684,7.88146257,50.884922],"rotationMatrix":[-0.696610749,-0.717449307,0,0.717449307,-0.696610749,0,-0,0,0.999999881],"scale":0.877440453,"type":"eca_rock_small_5"}
{"pos":[672.161987,8.39642048,51.6252747],"rotationMatrix":[-0.667318821,-0.744772017,0,0.744772017,-0.667318821,0,-0,0,0.999999881],"scale":0.862615228,"type":"eca_rock_small_5"}
{"pos":[698.838501,-3.66337013,50.9762268],"rotationMatrix":[0.953610301,0.30104363,0,-0.30104363,0.953610301,-0,-0,0,0.999999881],"scale":0.722974777,"type":"eca_rock_small_5"}
{"pos":[696.375244,-3.95884848,50.0103645],"rotationMatrix":[0.779174089,-0.626807392,0,0.626807392,0.779174089,0,-0,0,0.999999881],"scale":0.750262797,"type":"eca_rock_small_5"}
{"pos":[694.719543,-23.8280411,50.7027321],"rotationMatrix":[0.980743706,-0.195299014,0,0.195299014,0.980743706,0,-0,0,0.999999881],"scale":0.854816079,"type":"eca_rock_small_5"}
{"pos":[694.438293,-22.5587769,50.5014954],"rotationMatrix":[0.878724515,-0.477328956,0,0.477328956,0.878724515,0,-0,0,0.999999881],"scale":1.19542444,"type":"eca_rock_small_5"}
{"pos":[692.827454,-23.6905308,49.6722374],"rotationMatrix":[0.663912594,-0.747810066,0,0.747810066,0.663912594,0,-0,0,0.999999881],"scale":1.04487062,"type":"eca_rock_small_5"}
{"pos":[696.849487,-40.3151741,51.3519287],"rotationMatrix":[-0.287662745,-0.957731664,0,0.957731664,-0.287662745,0,-0,0,0.999999881],"scale":1.09439015,"type":"eca_rock_small_5"}
{"pos":[698.139832,-41.4056969,51.4253845],"rotationMatrix":[0.243838474,0.969815791,0,-0.969815791,0.243838474,-0,-0,0,0.999999881],"scale":1.15699673,"type":"eca_rock_small_5"}
{"pos":[697.857056,-41.5958328,51.3404541],"rotationMatrix":[0.210258931,-0.977645636,0,0.977645636,0.210258931,0,-0,0,0.999999881],"scale":1.07655084,"type":"eca_rock_small_5"}
{"pos":[699.16394,-40.2075424,51.6575089],"rotationMatrix":[-0.803094447,0.595851421,-0,-0.595851421,-0.803094447,0,-0,0,0.999999881],"scale":0.854413509,"type":"eca_rock_small_5"}
{"pos":[697.180664,-41.2675133,51.2517166],"rotationMatrix":[-0.984728277,0.174097836,-0,-0.174097836,-0.984728277,0,-0,0,0.999999881],"scale":1.24873102,"type":"eca_rock_small_5"}
{"pos":[697.242859,-40.3879242,51.3891869],"rotationMatrix":[0.997214913,-0.0745800883,0,0.0745800883,0.997214913,0,-0,0,0.999999881],"scale":1.06995058,"type":"eca_rock_small_5"}
{"pos":[698.044983,-42.2952042,51.3253899],"rotationMatrix":[0.888360202,0.459147066,0,-0.459147066,0.888360202,-0,-0,0,0.999999881],"scale":1.15821803,"type":"eca_rock_small_5"}
{"pos":[690.98999,-57.8881607,49.9738846],"rotationMatrix":[0.457380861,-0.889270842,0,0.889270842,0.457380861,0,-0,0,0.999999881],"scale":0.861700714,"type":"eca_rock_small_5"}
{"pos":[692.073547,-58.3300438,50.5404091],"rotationMatrix":[-0.486204684,-0.873844802,0,0.873844802,-0.486204684,0,-0,0,0.999999881],"scale":0.883497596,"type":"eca_rock_small_5"}
{"pos":[751.894958,4.20858765,52.0258102],"rotationMatrix":[-0.110044613,0.993926585,-0,-0.993926585,-0.110044613,0,-0,0,0.999999881],"scale":1.20147896,"type":"eca_rock_small_5"}
{"pos":[754.483704,5.22528362,52.0734749],"rotationMatrix":[-0.579942644,-0.814657271,0,0.814657271,-0.579942644,0,-0,0,0.999999881],"scale":1.02368689,"type":"eca_rock_small_5"}
{"pos":[753.382568,6.95531082,51.9972115],"rotationMatrix":[0.79692632,-0.604076445,0,0.604076445,0.79692632,0,-0,0,0.999999881],"scale":1.26143837,"type":"eca_rock_small_5"}
{"pos":[754.659302,5.00822639,52.2026825],"rotationMatrix":[-0.983393371,-0.181486532,0,0.181486532,-0.983393371,0,-0,0,0.999999881],"scale":1.05449784,"type":"eca_rock_small_5"}
{"pos":[751.847168,5.26151371,51.9971695],"rotationMatrix":[0.613320947,0.789833784,0,-0.789833784,0.613320947,-0,-0,0,0.999999881],"scale":0.992125332,"type":"eca_rock_small_5"}
{"pos":[759.817871,1.67634225,52.9266548],"rotationMatrix":[-0.999973893,-0.0072132037,0,0.0072132037,-0.999973893,0,-0,0,0.999999881],"scale":1.28488243,"type":"eca_rock_small_5"}
{"pos":[761.86792,1.82315779,52.2121582],"rotationMatrix":[0.878398359,0.477929056,0,-0.477929056,0.878398359,-0,-0,0,0.999999881],"scale":1.27473617,"type":"eca_rock_small_5"}
{"pos":[760.263245,1.48231077,53.131031],"rotationMatrix":[0.936738372,0.350030184,0,-0.350030184,0.936738372,-0,-0,0,0.999999881],"scale":0.739903808,"type":"eca_rock_small_5"}
{"pos":[773.611206,4.65543461,52.018219],"rotationMatrix":[-0.696247995,-0.717801273,0,0.717801273,-0.696247995,0,-0,0,0.999999881],"scale":0.978381395,"type":"eca_rock_small_5"}
{"pos":[766.355103,3.88978887,52.175499],"rotationMatrix":[0.669012427,0.743251204,0,-0.743251204,0.669012427,-0,-0,0,0.999999881],"scale":1.07929552,"type":"eca_rock_small_5"}
{"pos":[765.852112,3.70466805,52.1758232],"rotationMatrix":[-0.658957601,0.75217998,-0,-0.75217998,-0.658957601,0,-0,0,0.999999881],"scale":1.07666004,"type":"eca_rock_small_5"}
{"pos":[754.633545,-7.19158936,52.1389999],"rotationMatrix":[-0.754508495,-0.656290293,0,0.656290293,-0.754508495,0,-0,0,0.999999881],"scale":1.15435028,"type":"eca_rock_small_5"}
{"pos":[754.928833,-7.22563648,52.1226349],"rotationMatrix":[-0.114266448,-0.993450046,0,0.993450046,-0.114266448,0,-0,0,0.999999881],