{"pos":[742.702454,-86.7646866,51.2422409],"rotationMatrix":[0.947935164,0.318463266,0,-0.318463266,0.947935164,0,0,0,0.999999881],"scale":1.16878271,"type":"eca_rock_big_narrow"}
{"pos":[671.610352,5.98316479,50.5904045],"rotationMatrix":[-0.946053147,-0.324011505,0,0.324011505,-0.946053147,0,-0,0,0.999999881],"scale":1.07632709,"type":"eca_rock_big_narrow"}
{"pos":[768.01178,-0.023321867,51.7507362],"rotationMatrix":[-0.670045674,0.742319763,-0,-0.742319763,-0.670045674,0,-0,0,0.999999881],"scale":1.22698438,"type":"eca_rock_big_narrow"}
