{"pos":[671.596008,-491.394012,57.3638],"rotationMatrix":[-1,0,0,0,-1,0,0,0,1],"scale":1,"type":"eca_bld_house_sml_02"}
