{"pos":[-0.124686718,-29.6420994,252.742126],"rotationMatrix":[0.753385365,0.657579243,0,-0.657579243,0.753385365,0,0,0,0.999999881],"scale":1.00266755,"type":"eca_rock_big_narrow"}
{"pos":[-1.71282005,-29.559761,252.272476],"rotationMatrix":[0.787070453,0.616862953,0,-0.606953621,0.774426877,0.178522572,0.110123992,-0.140509874,0.983935654],"scale":1.07900357,"type":"eca_rock_big_narrow"}
{"pos":[-5.95406532,-30.123642,252.633926],"rotationMatrix":[-0.470807672,0.882235706,0,-0.882235706,-0.470807672,0,0,0,0.999999881],"scale":1.18956304,"type":"eca_rock_big_narrow"}
{"pos":[226.355927,51.2413445,251.512207],"rotationMatrix":[-0.651910245,0.758295894,0,-0.758295894,-0.651910245,0,0,0,0.999999881],"scale":1.24765456,"type":"eca_rock_big_narrow"}
{"pos":[262.634613,91.5633392,254.435043],"rotationMatrix":[-0.990329564,0.138733938,0,-0.138733938,-0.990329564,0,0,0,0.999999881],"scale":1.03996563,"type":"eca_rock_big_narrow"}
{"pos":[303.558746,123.418228,254.354004],"rotationMatrix":[-0.930007398,-0.367540836,0,0.367540836,-0.930007398,0,0,0,0.999999881],"scale":1.22153687,"type":"eca_rock_big_narrow"}
{"pos":[-648.798462,320.999237,232.824326],"rotationMatrix":[0.435625732,-0.900127709,0,0.900127709,0.435625732,0,0,0,0.999999881],"scale":1.2724154,"type":"eca_rock_big_narrow"}
{"pos":[272.989807,321.247162,223.581863],"rotationMatrix":[0.128523633,0.148793101,0.980480313,-0.961723387,-0.222571984,0.159841433,0.242010832,-0.96349442,0.114492059],"scale":6.66922665,"type":"eca_rock_big_narrow"}
{"pos":[287.396362,289.338623,223.581863],"rotationMatrix":[0.107074954,-0.175564557,0.978626966,0.991364121,-0.0560942292,-0.118531823,0.0757053047,0.982867956,0.168042153],"scale":6.66922665,"type":"eca_rock_big_narrow"}
{"pos":[290.944458,295.40921,217.103256],"rotationMatrix":[-0.802665234,-0.175564542,-0.57000351,-0.569899917,-0.0560942255,0.819796681,-0.17590116,0.982867897,-0.055029355],"scale":6.66922665,"type":"eca_rock_big_narrow"}
