{"pos":[716.445557,-39.2782364,51.9031601],"rotationMatrix":[0.881534636,-0.472119153,0,0.472119153,0.881534636,0,-0,0,0.999999881],"scale":0.870963633,"type":"eca_rock_small_5"}
