{"pos":[218.675568,42.798996,251.690277],"rotationMatrix":[-0.453750879,-0.89112848,0,0.89112848,-0.453750879,0,0,0,0.999999881],"scale":1.00431895,"type":"eca_rock_medium_2"}
