{"pos":[742.702454,-86.7646866,51.2422409],"rotationMatrix":[0.947935164,0.318463266,0,-0.318463266,0.947935164,-0,-0,0,0.999999881],"scale":1.16878271,"type":"eca_rock_big_narrow"}
