{"pos":[699.937012,-464.367004,54.1824989],"rotationMatrix":[-0.999599934,0.0301969796,0,-0.0301969796,-0.999599934,0,0,0,1],"scale":1,"type":"eca_bld_house_sml_01"}
{"pos":[779.776978,-509.654999,56.7994995],"rotationMatrix":[-1,0,0,0,-1,0,0,0,1],"scale":1,"type":"eca_bld_house_sml_01"}
{"pos":[681.994995,-507.32901,57.9104004],"rotationMatrix":[-1,0,0,0,-1,0,0,0,1],"scale":1,"type":"eca_bld_house_sml_01"}
