{"pos":[716.877197,-38.7855339,51.876358],"rotationMatrix":[-0.913536251,-0.406757027,0,0.406757027,-0.913536251,0,-0,0,0.999999881],"scale":1.14559615,"type":"eca_rock_small_4"}
