{"pos":[-0.124686718,-29.6420994,252.742126],"rotationMatrix":[0.753385365,0.657579243,0,-0.657579243,0.753385365,0,0,0,0.999999881],"scale":1.00266755,"type":"eca_rock_big_narrow"}
{"pos":[-1.71282005,-29.559761,252.272476],"rotationMatrix":[0.787070453,0.616862953,0,-0.606953621,0.774426877,0.178522572,0.110123992,-0.140509874,0.983935654],"scale":1.07900357,"type":"eca_rock_big_narrow"}
{"pos":[-5.95406532,-30.123642,252.633926],"rotationMatrix":[-0.470807672,0.882235706,0,-0.882235706,-0.470807672,0,-0,0,0.999999881],"scale":1.18956304,"type":"eca_rock_big_narrow"}
