{"pos":[1.15393817,-27.7981758,251.307404],"rotationMatrix":[-0.729047596,0.682835817,-0.0471591279,0.37399745,0.33970812,-0.862973213,-0.573248804,-0.646786332,-0.503042459],"scale":0.820270061,"type":"eca_rock_big_wide"}
{"pos":[2.78904057,-31.6276741,251.221344],"rotationMatrix":[0.0507130027,0.993346274,0.103392795,0.374046206,0.0770993233,-0.924198687,-0.926021516,0.0855429396,-0.367647648],"scale":0.820270061,"type":"eca_rock_big_wide"}
{"pos":[4.05205345,-32.9805069,251.022812],"rotationMatrix":[-0.684099436,0.72520858,-0.0779673308,0.28891325,0.171270996,-0.941909313,-0.669727504,-0.666886091,-0.326689035],"scale":0.820270061,"type":"eca_rock_big_wide"}
{"pos":[-3.26735663,-26.4770279,250.913635],"rotationMatrix":[-0.961177051,-0.275752425,0.00986847188,-0.130965218,0.424435347,-0.895935774,0.242868483,-0.862446249,-0.444071829],"scale":0.820270061,"type":"eca_rock_big_wide"}
{"pos":[-7.75108051,-28.6114521,251.004272],"rotationMatrix":[-0.747611523,-0.663688779,0.0243288875,-0.29087168,0.294280171,-0.91037941,0.597050011,-0.687687635,-0.413055837],"scale":0.820270061,"type":"eca_rock_big_wide"}
{"pos":[6.33811903,-36.8188744,250.905975],"rotationMatrix":[-0.313000828,0.933897972,0.172809958,0.260861933,0.259489447,-0.929846048,-0.913224518,-0.245963007,-0.324839175],"scale":0.820270061,"type":"eca_rock_big_wide"}
