{"pos":[762.052002,-168.983994,53.3620987],"rotationMatrix":[-1,0,0,0,-1,0,0,0,1],"scale":1,"type":"eca_bld_shop_town_f"}
{"pos":[755.224976,-336.778992,53.5009003],"rotationMatrix":[-0.0405473709,0.999144793,0,-0.999144793,-0.0405473709,0,0,0,1],"scale":1,"type":"eca_bld_shop_town_f"}
{"pos":[762.453979,-258.209015,53.4976006],"rotationMatrix":[0.598771214,-0.800934792,0,0.800934792,0.598771214,0,0,0,1],"scale":1,"type":"eca_bld_shop_town_f"}
{"pos":[655.591003,-111.859001,51.3418007],"rotationMatrix":[-0.622520924,0.782528102,0,-0.782528102,-0.622520924,0,0,0,1],"scale":1,"type":"eca_bld_shop_town_f"}
{"pos":[703.833008,-158.360992,53.3574982],"rotationMatrix":[-0.709030628,0.705317199,0,-0.705317199,-0.709030628,0,0,0,1],"scale":1,"type":"eca_bld_shop_town_f"}
{"pos":[745.383972,-223.832001,53.4999847],"rotationMatrix":[0.0320030451,-0.999442577,0,0.999442577,0.0320030451,0,0,0,1],"scale":1,"type":"eca_bld_shop_town_f"}
{"pos":[626.495972,-128.938004,53.4827995],"rotationMatrix":[0.770429134,-0.637553871,0,0.637553871,0.770429134,0,0,0,1],"scale":1,"type":"eca_bld_shop_town_f"}
{"pos":[668.309021,-203.445999,53.5047989],"rotationMatrix":[-0.735011935,0.677872956,0,-0.677872956,-0.735011935,0,0,0,1],"scale":1,"type":"eca_bld_shop_town_f"}
{"pos":[575.473022,-86.0110016,53.3574982],"rotationMatrix":[0.743958354,-0.668227255,0,0.668227255,0.743958354,0,0,0,1],"scale":1,"type":"eca_bld_shop_town_f"}
{"pos":[718.554688,-250.366196,53.4341393],"rotationMatrix":[-0.707182407,0.706968307,0,-0.706968307,-0.707182407,0,0,0,1],"scale":1,"type":"eca_bld_shop_town_f"}
