{"pos":[25.3446712,-15.1045589,249.97319],"rotationMatrix":[-0.0751342997,-0.997173309,0,0.997173309,-0.0751342997,0,0,0,0.999999881],"scale":1.32936311,"type":"eca_rock_small_2"}
{"pos":[22.0723991,-23.401186,251.553558],"rotationMatrix":[-0.962916195,0.269800216,0,-0.269800216,-0.962916195,0,0,0,0.999999881],"scale":0.782114029,"type":"eca_rock_small_2"}
{"pos":[20.3822994,-31.8553448,252.014038],"rotationMatrix":[0.778399229,-0.62776953,0,0.62776953,0.778399229,0,0,0,0.999999881],"scale":0.785770774,"type":"eca_rock_small_2"}
{"pos":[34.3217735,-12.8206043,250.902054],"rotationMatrix":[0.330756783,-0.94371593,0,0.94371593,0.330756783,0,0,0,0.999999881],"scale":0.744151592,"type":"eca_rock_small_2"}
{"pos":[5.98823071,-39.1853828,253.068848],"rotationMatrix":[0.9579193,-0.287037432,0,0.287037432,0.9579193,0,0,0,0.999999881],"scale":1.43157029,"type":"eca_rock_small_2"}
{"pos":[-3.32768321,-38.8668442,254.294006],"rotationMatrix":[0.611539483,0.79121387,0,-0.79121387,0.611539483,0,0,0,0.999999881],"scale":0.877323151,"type":"eca_rock_small_2"}
{"pos":[-3.49682713,-38.6670761,254.064026],"rotationMatrix":[-0.459173739,0.888346314,0,-0.888346314,-0.459173739,0,0,0,0.999999881],"scale":1.53259337,"type":"eca_rock_small_2"}
{"pos":[22.1685619,-39.4545898,253.897156],"rotationMatrix":[-0.86764425,-0.497185618,0,0.497185618,-0.86764425,0,0,0,0.999999881],"scale":1.04855371,"type":"eca_rock_small_2"}
{"pos":[24.1286888,-30.3532104,254.245529],"rotationMatrix":[0.905055106,0.42529425,0,-0.42529425,0.905055106,0,0,0,0.999999881],"scale":1.21616054,"type":"eca_rock_small_2"}
