{"pos":[748.983704,-9.00057793,51.4539795],"rotationMatrix":[-0.790588856,0.612347007,0,-0.612347007,-0.790588856,0,0,0,0.999999881],"scale":1.11885929,"type":"eca_rock_medium_1"}
{"pos":[776.39386,2.39825344,51.7829475],"rotationMatrix":[-0.811787784,-0.583952367,0,0.583952367,-0.811787784,0,0,0,0.999999881],"scale":1.20522106,"type":"eca_rock_medium_1"}
{"pos":[730.481201,2.99719405,51.7829475],"rotationMatrix":[0.479657531,-0.877455592,0,0.877455592,0.479657531,0,0,0,0.999999762],"scale":1.20522106,"type":"eca_rock_medium_1"}
