{"pos":[703.101013,-235.929993,53.4582329],"rotationMatrix":[-0.720512509,0.693399012,0,-0.693399012,-0.720512509,0,0,0,1],"scale":1,"type":"eca_bld_shop_town_c"}
{"pos":[745.153015,-210.940002,53.475769],"rotationMatrix":[1.92523003e-05,-0.999980748,0,0.999980748,1.92523003e-05,0,0,0,1],"scale":1,"type":"eca_bld_shop_town_c"}
{"pos":[649.96698,-186.307007,53.4691849],"rotationMatrix":[-0.735011935,0.678059161,0,-0.678059161,-0.735011935,0,0,0,1],"scale":1,"type":"eca_bld_shop_town_c"}
{"pos":[603.471008,-110.098999,53.4333],"rotationMatrix":[0.764290214,-0.644854724,0,0.644854724,0.764290214,0,0,0,1],"scale":1,"type":"eca_bld_shop_town_c"}
