{"pos":[268.319611,-722.851257,42.5808983],"rotationMatrix":[-0.989509106,-0.14447093,0,0.14447093,-0.989509106,0,0,0,1],"scale":1,"type":"eca_guardrail_endcap_L"}
{"pos":[557.025696,-515.620544,51.9137001],"rotationMatrix":[-0.0823866129,-0.996085465,-0.0320329443,0.996596873,-0.0824289322,-1.86264515e-09,-0.00264044013,-0.0319239348,0.999486804],"scale":1,"type":"eca_guardrail_endcap_L"}
{"pos":[835.336792,-766.819214,42.5793495],"rotationMatrix":[-0.370941639,-0.928416193,-0.021109663,0.92862314,-0.371024251,9.31322575e-10,-0.00783219747,-0.0196029209,0.999777138],"scale":1,"type":"eca_guardrail_endcap_L"}
{"pos":[-691.235046,-547.118591,24.7499561],"rotationMatrix":[0.997649908,-0.0659546554,-0.0185638443,0.065966025,0.997821867,-1.17579475e-08,0.01852341,-0.00122457137,0.999827683],"scale":1,"type":"eca_guardrail_endcap_L"}
{"pos":[-263.68045,-769.200195,39.2394714],"rotationMatrix":[-0.97631371,0.173254952,0.129592419,-0.174728379,-0.984616637,-2.42143869e-08,0.127598852,-0.0226434972,0.991567373],"scale":1,"type":"eca_guardrail_endcap_L"}
{"pos":[-546.618347,-868.561584,42.131813],"rotationMatrix":[-0.960577726,0.272251397,0.0562971644,-0.272683889,-0.962103605,-1.67638063e-08,0.0541637056,-0.0153513439,0.99841404],"scale":1,"type":"eca_guardrail_endcap_L"}
{"pos":[-229.043304,-829.122803,16.6342735],"rotationMatrix":[-0.826931596,-0.562086999,-0.0155749517,0.562155187,-0.82703197,-9.77888703e-09,-0.0128809744,-0.00875554793,0.999878705],"scale":1,"type":"eca_guardrail_endcap_L"}
{"pos":[-236.319,-822.075012,16.6416588],"rotationMatrix":[0.826931775,0.562086523,-0.0155749507,-0.56215471,0.827032089,-9.77888703e-09,0.0128809791,0.00875554048,0.999878705],"scale":1,"type":"eca_guardrail_endcap_L"}
{"pos":[257.682983,-967.010132,27.9787407],"rotationMatrix":[-0.993550301,-0.00280504045,0.113357484,0.00282323663,-0.999996066,-1.38388714e-08,0.113357037,0.000320021238,0.993554294],"scale":1,"type":"eca_guardrail_endcap_L"}
{"pos":[740.547546,-881.979797,40.9347],"rotationMatrix":[-0.993620753,0.109829754,0.0255966019,-0.109865755,-0.993946433,-6.05359674e-09,0.0254416522,-0.00281219603,0.999672353],"scale":1,"type":"eca_guardrail_endcap_L"}
{"pos":[310.548523,-854.607422,45.9860878],"rotationMatrix":[-0.977579832,-0.209840253,-0.0174548309,0.209872231,-0.977728844,-2.09547579e-09,-0.0170660894,-0.00366328633,0.999847651],"scale":1,"type":"eca_guardrail_endcap_L"}
{"pos":[481.18277,-608.067993,51.4236488],"rotationMatrix":[-0.918135047,-0.38631314,-0.0882606879,0.387826681,-0.921732187,3.7252903e-09,-0.0813527331,-0.0342298485,0.996097386],"scale":1,"type":"eca_guardrail_endcap_L"}
{"pos":[314.129974,-426.321411,42.7408257],"rotationMatrix":[0.451926529,-0.891200423,0.0390418917,0.891880393,0.452271342,-5.58793545e-09,-0.0176575258,0.0348206982,0.999237597],"scale":1,"type":"eca_guardrail_endcap_L"}
{"pos":[164.938843,-352.860168,40.6275368],"rotationMatrix":[-0.843452811,0.537176371,0.00535708433,-0.537184119,-0.843464971,-5.12227416e-09,0.00451851031,-0.00287774508,0.999985635],"scale":1,"type":"eca_guardrail_endcap_L"}
{"pos":[154.041489,-477.31665,42.1149597],"rotationMatrix":[-0.686543465,0.726787329,-0.0209375825,-0.726946712,-0.686694026,-1.86264515e-09,-0.0143777123,0.0152205033,0.999780774],"scale":1,"type":"eca_guardrail_endcap_L"}
{"pos":[-117.983841,-246.724792,39.1447372],"rotationMatrix":[0.665903687,-0.744894981,-0.0412772931,0.745530367,0.66647172,-9.31322575e-10,0.0275101494,-0.030773472,0.999147713],"scale":1,"type":"eca_guardrail_endcap_L"}
{"pos":[8.88127422,-397.52832,49.2012787],"rotationMatrix":[-0.634957194,0.772263527,-0.0209375769,-0.772432804,-0.635096312,-1.86264515e-09,-0.0132973827,0.016172871,0.999780774],"scale":1,"type":"eca_guardrail_endcap_L"}
{"pos":[124.868439,-87.432106,79.7853317],"rotationMatrix":[-0.69699192,0.715923607,0.0406878442,-0.716516912,-0.697569609,1.21071935e-08,0.0283826143,-0.0291535221,0.999171913],"scale":1,"type":"eca_guardrail_endcap_L"}
{"pos":[289.680756,30.0469093,51.9662361],"rotationMatrix":[0.566727817,-0.823000133,0.0386057459,0.823614061,0.567150593,1.3038516e-08,-0.021895282,0.0317962319,0.999254525],"scale":1,"type":"eca_guardrail_endcap_L"}
{"pos":[231.158844,95.78965,50.96912],"rotationMatrix":[-0.395699859,0.918373287,0.00349380425,-0.91837889,-0.395702362,1.67638063e-08,0.00138252159,-0.00320862932,0.99999392],"scale":1,"type":"eca_guardrail_endcap_L"}
{"pos":[162.500504,248.847,43.0360947],"rotationMatrix":[-0.224125504,0.970443547,-0.0894818306,-0.974352181,-0.225028276,2.60770321e-08,-0.0201359205,0.0871868283,0.995988429],"scale":1,"type":"eca_guardrail_endcap_L"}
{"pos":[105.787483,495.225372,32.6398773],"rotationMatrix":[0.448778927,-0.89350158,0.0158855952,0.893614352,0.448835611,1.49011612e-08,-0.0071300338,0.0141955903,0.999873817],"scale":1,"type":"eca_guardrail_endcap_L"}
{"pos":[597.597046,490.083344,57.1042595],"rotationMatrix":[0.0332545638,-0.999320626,0.0158855952,0.99944675,0.0332587957,1.49011612e-08,-0.000528350007,0.0158768073,0.999873817],"scale":1,"type":"eca_guardrail_endcap_L"}
{"pos":[596.210083,459.518402,58.0633621],"rotationMatrix":[-0.0244910717,0.99922663,-0.0307613462,-0.999699771,-0.0245027542,1.86264515e-08,-0.000753718428,0.0307521112,0.999526739],"scale":1,"type":"eca_guardrail_endcap_L"}
{"pos":[911.499756,-378.196564,43.4974747],"rotationMatrix":[-0.0475285053,-0.998356462,0.0320198685,0.998868704,-0.0475529432,1.3038516e-08,0.00152262859,0.0319836438,0.999487221],"scale":1,"type":"eca_guardrail_endcap_L"}
{"pos":[682.375061,935.938049,80.2978592],"rotationMatrix":[0.636269331,-0.769584477,0.0538615584,0.770703256,0.637194276,1.11758709e-08,-0.0343202874,0.0415112674,0.998548388],"scale":1,"type":"eca_guardrail_endcap_L"}
{"pos":[571.905945,950.705383,68.4795074],"rotationMatrix":[0.936247468,-0.307192445,0.170509309,0.311757803,0.950161576,9.31322575e-09,-0.162011385,0.0531576052,0.985356092],"scale":1,"type":"eca_guardrail_endcap_L"}
{"pos":[251.793457,877.042664,37.8479156],"rotationMatrix":[-0.72247386,-0.691130936,0.0192207526,0.691258609,-0.722607374,2.88709998e-08,0.0138890389,0.0132865328,0.999815285],"scale":1,"type":"eca_guardrail_endcap_L"}
{"pos":[28.513731,739.764587,25.4624157],"rotationMatrix":[0.105477333,0.991241515,0.0794657618,-0.994386137,0.105811954,2.23517418e-08,-0.00840840116,-0.0790196583,0.996837616],"scale":1,"type":"eca_guardrail_endcap_L"}
{"pos":[-17.0103474,825.760986,25.3820763],"rotationMatrix":[0.109115064,0.993717134,0.0249027833,-0.994025409,0.10914886,2.88709998e-08,-0.0027180817,-0.0247540027,0.999689877],"scale":1,"type":"eca_guardrail_endcap_L"}
{"pos":[-460.898712,-257.377228,33.2187881],"rotationMatrix":[-0.98792851,0.140481263,-0.0652880371,-0.140781641,-0.990040779,2.00234354e-08,-0.06463781,0.00919137523,0.997866452],"scale":1,"type":"eca_guardrail_endcap_L"}
{"pos":[-655.800171,-53.7395287,23.1405506],"rotationMatrix":[-0.626283169,0.779594839,0.00107404217,-0.779595315,-0.626283526,1.49011612e-08,0.000672666531,-0.000837308879,0.999999404],"scale":1,"type":"eca_guardrail_endcap_L"}
{"pos":[-725.218018,151.108643,27.3512497],"rotationMatrix":[-0.0505615473,0.997211516,-0.0548870824,-0.99871701,-0.0506379604,2.42143869e-08,-0.00277935341,0.0548166707,0.998492539],"scale":1,"type":"eca_guardrail_endcap_L"}
{"pos":[-528.3349,559.537903,26.8718147],"rotationMatrix":[0.614094615,0.787321508,-0.0548870936,-0.788510144,0.615021706,2.23517418e-08,0.0337567702,0.0432790183,0.998492539],"scale":1,"type":"eca_guardrail_endcap_L"}
{"pos":[-428.594269,251.529434,49.6991348],"rotationMatrix":[-0.393521905,0.901114583,-0.18202427,-0.916424394,-0.400207758,3.7252903e-08,-0.0728475153,0.166811496,0.98329401],"scale":1,"type":"eca_guardrail_endcap_L"}
{"pos":[-298.487671,254.487457,33.3951073],"rotationMatrix":[-0.549392819,0.834213555,0.0474873148,-0.835155785,-0.550013304,2.04890966e-08,0.0261186771,-0.0396592915,0.998871863],"scale":1,"type":"eca_guardrail_endcap_L"}
{"pos":[-207.482925,564.098633,30.5539284],