{"pos":[21.7694912,-21.1920509,250.68576],"rotationMatrix":[-0.200939193,0.979603589,0,-0.979603589,-0.200939193,0,0,0,0.999999881],"scale":1.27889013,"type":"eca_rock_small_3"}
{"pos":[21.7767735,-22.9712582,251.354446],"rotationMatrix":[-0.979695141,-0.200492695,0,0.200492695,-0.979695141,0,0,0,0.999999881],"scale":1.24825478,"type":"eca_rock_small_3"}
{"pos":[-13.5035353,-38.2895622,252.617645],"rotationMatrix":[-0.168615431,0.985681832,0,-0.985681832,-0.168615431,0,0,0,0.999999881],"scale":0.825916767,"type":"eca_rock_small_3"}
{"pos":[23.8046646,-30.241066,254.24147],"rotationMatrix":[0.90493381,-0.42555204,0,0.42555204,0.90493381,0,0,0,0.999999881],"scale":0.996458113,"type":"eca_rock_small_3"}
{"pos":[-363.51889,163.700073,231.398438],"rotationMatrix":[-0.13106513,0.991373658,0,-0.991373658,-0.13106513,0,0,0,0.999999881],"scale":1.17694128,"type":"eca_rock_small_3"}
{"pos":[-20.0372028,126.399139,232.328094],"rotationMatrix":[-0.952886879,0.303325474,0,-0.303325474,-0.952886879,0,0,0,0.999999881],"scale":1.10165536,"type":"eca_rock_small_3"}
{"pos":[68.3137131,137.920471,232.731186],"rotationMatrix":[0.98704654,-0.16043365,0,0.16043365,0.98704654,0,0,0,0.999999881],"scale":1.19362974,"type":"eca_rock_small_3"}
{"pos":[76.232933,142.616394,234.295959],"rotationMatrix":[0.939556658,-0.3423931,0,0.3423931,0.939556658,0,0,0,0.999999881],"scale":0.870259106,"type":"eca_rock_small_3"}
{"pos":[93.4311066,150.084137,233.251114],"rotationMatrix":[-0.849195421,0.528078616,0,-0.528078616,-0.849195421,0,0,0,0.999999881],"scale":1.01817596,"type":"eca_rock_small_3"}
{"pos":[292.385345,238.160706,252.465378],"rotationMatrix":[0.830524504,-0.556981802,0,0.556981802,0.830524504,0,0,0,0.999999881],"scale":0.815480769,"type":"eca_rock_small_3"}
{"pos":[290.539673,238.138657,252.115524],"rotationMatrix":[0.719486415,0.694506526,0,-0.694506526,0.719486415,0,0,0,0.999999881],"scale":1.15565932,"type":"eca_rock_small_3"}
{"pos":[314.194366,216.89772,263.93988],"rotationMatrix":[-0.324696332,0.945818186,0,-0.945818186,-0.324696332,0,0,0,0.999999881],"scale":1.05917084,"type":"eca_rock_small_3"}
{"pos":[313.625061,217.398331,263.955414],"rotationMatrix":[0.336581081,-0.941654444,0,0.941654444,0.336581081,0,0,0,0.999999881],"scale":0.965296984,"type":"eca_rock_small_3"}
{"pos":[249.103485,181.803558,251.675217],"rotationMatrix":[-0.755139649,-0.655563951,0,0.655563951,-0.755139649,0,0,0,0.999999881],"scale":1.28191245,"type":"eca_rock_small_3"}
{"pos":[249.662231,182.584946,251.512192],"rotationMatrix":[0.0385638475,-0.999256015,0,0.999256015,0.0385638475,0,0,0,0.999999881],"scale":1.20646572,"type":"eca_rock_small_3"}
{"pos":[250.54805,178.521286,251.840973],"rotationMatrix":[0.813065529,0.582172155,0,-0.582172155,0.813065529,0,0,0,0.999999881],"scale":1.0749824,"type":"eca_rock_small_3"}
{"pos":[254.236816,159.037903,252.861526],"rotationMatrix":[0.627860367,0.778325975,0,-0.778325975,0.627860367,0,0,0,0.999999881],"scale":1.07975924,"type":"eca_rock_small_3"}
{"pos":[254.978958,154.20787,253.153381],"rotationMatrix":[-0.916227102,-0.400659323,0,0.400659323,-0.916227102,0,0,0,0.999999881],"scale":1.1138196,"type":"eca_rock_small_3"}
{"pos":[248.826401,159.310074,253.135239],"rotationMatrix":[0.375702649,-0.92674011,0,0.92674011,0.375702649,0,0,0,0.999999881],"scale":0.97599411,"type":"eca_rock_small_3"}
{"pos":[250.050018,154.650024,253.309097],"rotationMatrix":[-0.782949924,-0.622084558,0,0.622084558,-0.782949924,0,0,0,0.999999881],"scale":1.01112819,"type":"eca_rock_small_3"}
{"pos":[269.545868,128.883057,254.528244],"rotationMatrix":[-0.309350699,-0.95094794,0,0.95094794,-0.309350699,0,0,0,0.999999881],"scale":0.980563641,"type":"eca_rock_small_3"}
{"pos":[266.078827,132.957092,254.276077],"rotationMatrix":[-0.215053961,0.976602077,0,-0.976602077,-0.215053961,0,0,0,0.999999881],"scale":1.2930454,"type":"eca_rock_small_3"}
{"pos":[274.196777,131.683365,254.672424],"rotationMatrix":[-0.778019309,0.628240287,0,-0.628240287,-0.778019309,0,0,0,0.999999881],"scale":0.720759869,"type":"eca_rock_small_3"}
{"pos":[277.827454,132.262192,254.796082],"rotationMatrix":[0.243790388,0.96982795,0,-0.96982795,0.243790388,0,0,0,0.999999881],"scale":0.723338902,"type":"eca_rock_small_3"}
{"pos":[269.364624,127.42691,254.558868],"rotationMatrix":[0.0942755938,-0.995546043,0,0.995546043,0.0942755938,0,0,0,0.999999881],"scale":1.20326579,"type":"eca_rock_small_3"}
{"pos":[225.365051,196.88855,253.563934],"rotationMatrix":[0.731674433,0.681654274,0,-0.681654274,0.731674433,0,0,0,0.999999881],"scale":0.719256222,"type":"eca_rock_small_3"}
{"pos":[223.12355,192.065338,253.740952],"rotationMatrix":[-0.999413192,-0.0342496708,0,0.0342496708,-0.999413192,0,0,0,0.999999881],"scale":0.946367323,"type":"eca_rock_small_3"}
{"pos":[220.19754,190.441284,253.9328],"rotationMatrix":[-0.94974196,0.31303376,0,-0.31303376,-0.94974196,0,0,0,0.999999881],"scale":1.03847361,"type":"eca_rock_small_3"}
{"pos":[241.110474,119.633636,254.305542],"rotationMatrix":[-0.999006033,0.0445722081,0,-0.0445722081,-0.999006033,0,0,0,0.999999881],"scale":0.721613705,"type":"eca_rock_small_3"}
{"pos":[213.390945,91.3731918,254.240585],"rotationMatrix":[-0.86064136,0.509211481,0,-0.509211481,-0.86064136,0,0,0,0.999999881],"scale":0.713877499,"type":"eca_rock_small_3"}
{"pos":[204.318085,76.5720062,254.221085],"rotationMatrix":[0.464874625,0.885376513,0,-0.885376513,0.464874625,0,0,0,0.999999881],"scale":1.27774167,"type":"eca_rock_small_3"}
{"pos":[202.095428,76.5285492,254.224838],"rotationMatrix":[-0.618300915,0.785941243,0,-0.785941243,-0.618300915,0,0,0,0.999999881],"scale":1.06219697,"type":"eca_rock_small_3"}
{"pos":[198.581711,73.2947617,254.215149],"rotationMatrix":[0.738399088,-0.674363852,0,0.674363852,0.738399088,0,0,0,0.999999881],"scale":1.19475448,"type":"eca_rock_small_3"}
{"pos":[171.278427,66.8882294,254.233582],"rotationMatrix":[-0.531381845,0.847132266,0,-0.847132266,-0.531381845,0,0,0,0.999999881],"scale":0.915967882,"type":"eca_rock_small_3"}
{"pos":[162.453262,65.7773666,254.253479],"rotationMatrix":[-0.993125021,-0.117057644,0,0.117057644,-0.993125021,0,0,0,0.999999881],"scale":1.02062273,"type":"eca_rock_small_3"}
{"pos":[156.519974,64.75811,254.287003],"rotationMatrix":[0.211371124,0.977405846,0,-0.977405846,0.211371124,0,0,0,0.999999881],"scale":1.25082827,"type":"eca_rock_small_3"}
{"pos":[161.147049,60.1735229,254.279892],"rotationMatrix":[-0.836936355,-0.547300041,0,0.547300041,-0.836936355,0,0,0,0.999999881],"scale":0.866236091,"type":"eca_rock_small_3"}
{"pos":[152.910645,100.873245,254.3358],"rotationMatrix":[-0.247073874,0.968996525,0,-0.968996525,-0.247073874,0,0,0,0.999999881],"scale":0.96173948,"type":"eca_rock_small_3"}
{"pos":[158.148788,94.3582611,254.344437],"rotationMatrix":[0.958848655,-0.283917397,0,0.283917397,0.958848655,0,0,0,0.999999881],"scale":0.88072747,"type":"eca_rock_small_3"}
{"pos":[149.214706,95.319252,254.328568],"rotationMatrix":[-0.335694075,-0.941971004,0,0.941971004,-0.335694075,0,0,0,0.999999881],"scale":1.07651651,"type":"eca_rock_small_3"}
{"pos":[153.291977,101.927071,254.354218],"rotationMatrix":[-0.76409924,0.645098567,0,-0.645098567,-0.76409924,0,0,0,0.999999881],"scale":0.783183217,"type":"eca_rock_small_3"}
{"pos":[157.634964,98.7122726,254.342514],"rotationMatrix":[-0.404794008,0.91440779,0,-0.91440779,-0.404794008,0,0,0,0.999999881],"scale":1.04611492,"type":"eca_rock_small_3"}
{"pos":[150.930359,94.2305298,254.352051],"rotationMatrix":[0.187068194,0.982346892,0,-0.982346892,0.187068194,0,0,0,0.999999881],"scale":0.798751831,"type":"eca_rock_small_3"}
{"pos":[151.512863,94.3259659,254.3237],"rotationMatrix":[-0.706071615,0.708140314,0,-0.708140314,-0.706071615,0,0,0,0.999999881],"scale":1.15537822,"type":"eca_rock_small_3"}
{"pos":[142.050049,86.2341843,254.338699],"rotationMatrix":[0.0956787765,0.995412171,0,-0.995412171,0.0956787765,0,0,0,0.999999881],"scale":0.980867505,"type":"eca_rock_small_3"}
{"pos":[146.043716,79.7118835,254.331238],