{"pos":[742.702454,-86.7646866,51.2422409],"rotationMatrix":[0.947935164,0.318463266,0,-0.318463266,0.947935164,0,0,0,0.999999881],"scale":1.16878271,"type":"eca_rock_big_narrow"}
{"pos":[671.610352,5.98316479,50.5904045],"rotationMatrix":[-0.946053147,-0.324011505,0,0.324011505,-0.946053147,0,0,0,0.999999881],"scale":1.07632709,"type":"eca_rock_big_narrow"}
{"pos":[768.01178,-0.023321867,51.7507362],"rotationMatrix":[-0.670045674,0.742319763,0,-0.742319763,-0.670045674,0,0,0,0.999999881],"scale":1.22698438,"type":"eca_rock_big_narrow"}
{"pos":[756.861694,25.1463852,51.5772552],"rotationMatrix":[-0.0362550914,0.998847008,-0.0314610451,-0.998970628,-0.0353651941,0.0283979215,0.0272525623,0.0324582458,0.999101102],"scale":1.22698438,"type":"eca_rock_big_narrow"}
{"pos":[760.21991,26.0204468,51.5772552],"rotationMatrix":[-0.609957159,-0.79180932,-0.0314610414,0.791336119,-0.610720932,0.0283979177,-0.0416996777,-0.00757475197,0.999100983],"scale":1.22698438,"type":"eca_rock_big_narrow"}
{"pos":[733.501526,26.8213139,51.65308],"rotationMatrix":[-0.510973275,0.859020412,-0.0314610414,-0.859555781,-0.51025176,0.0283979177,0.00834134128,0.0415531173,0.999100983],"scale":1.22698438,"type":"eca_rock_big_narrow"}
{"pos":[828.645996,16.1717796,56.8168716],"rotationMatrix":[0.792351902,-0.610064209,0,0.610064209,0.792351902,0,-0,0,0.999999881],"scale":1.12686849,"type":"eca_rock_big_narrow"}
{"pos":[833.6922,-24.9322319,57.0129776],"rotationMatrix":[0.162242934,-0.986750782,0,0.986750782,0.162242934,0,0,0,0.999999881],"scale":1.01144648,"type":"eca_rock_big_narrow"}
{"pos":[739.377808,-202.089996,59.1980515],"rotationMatrix":[-0.347698838,0.937606156,-0,-0.937606156,-0.347698838,0,-0,0,0.999999881],"scale":1.01858282,"type":"eca_rock_big_narrow"}
{"pos":[741.728455,-203.437378,59.6513977],"rotationMatrix":[0.695950389,0.718089819,0,-0.718089819,0.695950389,-0,-0,0,0.999999881],"scale":1.03932869,"type":"eca_rock_big_narrow"}
{"pos":[741.110596,-199.017288,57.7051964],"rotationMatrix":[-0.942129195,-0.335249633,0,0.335249633,-0.942129195,0,-0,0,0.999999881],"scale":1.13373303,"type":"eca_rock_big_narrow"}
{"pos":[744.365234,-209.064865,61.7437477],"rotationMatrix":[-0.936723769,-0.350069374,0,0.350069374,-0.936723769,0,-0,0,0.999999881],"scale":1.059901,"type":"eca_rock_big_narrow"}
{"pos":[748.971863,-216.230743,63.6202927],"rotationMatrix":[0.715297282,-0.698820233,0,0.698820233,0.715297282,0,-0,0,0.999999881],"scale":1.29397118,"type":"eca_rock_big_narrow"}
{"pos":[751.069397,-221.899323,66.2688141],"rotationMatrix":[0.898667037,-0.438631237,0,0.438631237,0.898667037,0,-0,0,0.999999881],"scale":1.12172723,"type":"eca_rock_big_narrow"}
{"pos":[754.429871,-225.318787,66.1213379],"rotationMatrix":[-0.982296169,-0.187333986,0,0.187333986,-0.982296169,0,-0,0,0.999999881],"scale":1.05795634,"type":"eca_rock_big_narrow"}
{"pos":[716.203796,-206.633606,57.5905266],"rotationMatrix":[-0.952327549,0.305077255,-0,-0.305077255,-0.952327549,0,-0,0,0.999999881],"scale":1.29978275,"type":"eca_rock_big_narrow"}
{"pos":[722.151001,-219.732773,60.9164543],"rotationMatrix":[0.261471361,-0.965211153,0,0.965211153,0.261471361,0,0,0,0.999999881],"scale":1.13287723,"type":"eca_rock_big_narrow"}
{"pos":[741.740845,-120.230522,57.9650269],"rotationMatrix":[-0.784498274,-0.620130777,0,0.620130777,-0.784498274,0,-0,0,0.999999881],"scale":1.04303408,"type":"eca_rock_big_narrow"}
{"pos":[760.236328,-120.038933,58.0470123],"rotationMatrix":[0.135876223,-0.990725696,0,0.990725696,0.135876223,0,-0,0,0.999999881],"scale":1.14564729,"type":"eca_rock_big_narrow"}
{"pos":[720.637024,-113.172401,57.3853722],"rotationMatrix":[-0.689297378,0.724478424,-0,-0.724478424,-0.689297378,0,-0,0,0.999999881],"scale":1.08236969,"type":"eca_rock_big_narrow"}
{"pos":[726.550659,-135.613831,58.6861649],"rotationMatrix":[-0.590524673,0.807019353,-0,-0.807019353,-0.590524673,0,-0,0,0.999999881],"scale":1.21618581,"type":"eca_rock_big_narrow"}
{"pos":[808.114807,-191.699875,70.7672653],"rotationMatrix":[0.102307454,0.994752765,0,-0.994752765,0.102307454,-0,-0,0,0.999999881],"scale":1.24763417,"type":"eca_rock_big_narrow"}
{"pos":[757.500732,-235.176727,69.5871201],"rotationMatrix":[0.975809991,0.218620107,0,-0.218620107,0.975809991,-0,-0,0,0.999999881],"scale":1.27961993,"type":"eca_rock_big_narrow"}
{"pos":[772.489563,-230.188538,70.5003738],"rotationMatrix":[0.244866326,-0.969556808,0,0.969556808,0.244866326,0,-0,0,0.999999881],"scale":1.08112502,"type":"eca_rock_big_narrow"}
{"pos":[769.820923,-217.292725,70.7857513],"rotationMatrix":[-0.92678988,-0.375580013,0,0.375580013,-0.92678988,0,-0,0,0.999999881],"scale":1.13078713,"type":"eca_rock_big_narrow"}
{"pos":[797.306885,-178.928268,70.3303833],"rotationMatrix":[-0.130963534,-0.991387069,0,0.991387069,-0.130963534,0,-0,0,0.999999881],"scale":1.25551391,"type":"eca_rock_big_narrow"}
{"pos":[704.265442,-209.407043,58.9148293],"rotationMatrix":[0.146697566,0.98918134,0,-0.98918134,0.146697566,-0,-0,0,0.999999881],"scale":1.08058047,"type":"eca_rock_big_narrow"}
{"pos":[710.334839,-236.032166,63.6436806],"rotationMatrix":[0.885384262,-0.464859605,0,0.464859605,0.885384262,0,-0,0,0.999999881],"scale":1.09444845,"type":"eca_rock_big_narrow"}
{"pos":[693.796326,-239.362198,63.1453438],"rotationMatrix":[0.911067188,0.412257761,0,-0.412257761,0.911067188,-0,-0,0,0.999999881],"scale":1.29592991,"type":"eca_rock_big_narrow"}
{"pos":[692.581055,-231.647659,63.3583794],"rotationMatrix":[-0.159189343,0.987247944,-0,-0.987247944,-0.159189343,0,-0,0,0.999999881],"scale":1.02054274,"type":"eca_rock_big_narrow"}
