{"pos":[742.702454,-86.7646866,51.2422409],"rotationMatrix":[0.947935164,0.318463266,0,-0.318463266,0.947935164,0,0,0,0.999999881],"scale":1.16878271,"type":"eca_rock_big_narrow"}
{"pos":[671.610352,5.98316479,50.5904045],"rotationMatrix":[-0.946053147,-0.324011505,0,0.324011505,-0.946053147,0,0,0,0.999999881],"scale":1.07632709,"type":"eca_rock_big_narrow"}
{"pos":[768.01178,-0.023321867,51.7507362],"rotationMatrix":[-0.670045674,0.742319763,0,-0.742319763,-0.670045674,0,0,0,0.999999881],"scale":1.22698438,"type":"eca_rock_big_narrow"}
{"pos":[756.861694,25.1463852,51.5772552],"rotationMatrix":[-0.0362550914,0.998847008,-0.0314610451,-0.998970628,-0.0353651941,0.0283979215,0.0272525623,0.0324582458,0.999101102],"scale":1.22698438,"type":"eca_rock_big_narrow"}
{"pos":[760.21991,26.0204468,51.5772552],"rotationMatrix":[-0.609957159,-0.79180932,-0.0314610414,0.791336119,-0.610720932,0.0283979177,-0.0416996777,-0.00757475197,0.999100983],"scale":1.22698438,"type":"eca_rock_big_narrow"}
{"pos":[733.501526,26.8213139,51.65308],"rotationMatrix":[-0.510973275,0.859020412,-0.0314610414,-0.859555781,-0.51025176,0.0283979177,0.00834134128,0.0415531173,0.999100983],"scale":1.22698438,"type":"eca_rock_big_narrow"}
