{"pos":[509.213013,16.7805004,53.135601],"rotationMatrix":[-0.757062674,0.653485596,0,-0.653485596,-0.757062674,0,0,0,1],"scale":1,"type":"eca_bld_house_05_a"}
{"pos":[549.307007,27.3145008,53.1938019],"rotationMatrix":[0.773400903,-0.633952439,0,0.633952439,0.773400903,0,0,0,1],"scale":1,"type":"eca_bld_house_05_a"}
