{"pos":[853.239014,-223.110001,53.3628998],"rotationMatrix":[1.92523003e-05,-0.999980748,0,0.999980748,1.92523003e-05,0,0,0,1],"scale":1,"type":"eca_bld_house_05_c"}
{"pos":[853.221985,-281.977997,53.3653984],"rotationMatrix":[1.92523003e-05,-0.999980748,0,0.999980748,1.92523003e-05,0,0,0,1],"scale":1,"type":"eca_bld_house_05_c"}
{"pos":[610.197021,-24.3652,53.1598015],"rotationMatrix":[0.760568023,-0.649234354,0,0.649234354,0.760568023,0,0,0,1],"scale":1,"type":"eca_bld_house_05_c"}
{"pos":[483.260986,-4.04309988,53.156601],"rotationMatrix":[-0.653289318,-0.757181764,0,0.757181764,-0.653289318,0,0,0,1],"scale":1,"type":"eca_bld_house_05_c"}
