{"pos":[773.66803,-180.662003,53.2591019],"rotationMatrix":[0.0522109866,0.998593032,0,-0.998593032,0.0522109866,0,0,0,1],"scale":1,"type":"eca_lamppost"}
{"pos":[799.958008,-244.867996,53.3266983],"rotationMatrix":[-1,-0.0131999999,0,0.0131999999,-1,0,0,0,1],"scale":1,"type":"eca_lamppost"}
{"pos":[799.007996,-206.908005,53.3266983],"rotationMatrix":[-0.998400331,-0.0533786379,0,0.0533786379,-0.998400331,0,0,0,1],"scale":1,"type":"eca_lamppost"}
{"pos":[763.067993,-356.77301,53.2938004],"rotationMatrix":[1,0,0,0,1,0,0,0,1],"scale":1,"type":"eca_lamppost"}
{"pos":[759.460022,-313.105011,53.5265999],"rotationMatrix":[0.985000908,0.172541842,0,-0.172541842,0.985000908,0,0,0,1],"scale":1,"type":"eca_lamppost"}
{"pos":[751.965027,-281.631989,53.5187988],"rotationMatrix":[0.9278,0.373084009,0,-0.373084009,0.9278,0,0,0,1],"scale":1,"type":"eca_lamppost"}
{"pos":[776.161011,-335.846008,53.3498993],"rotationMatrix":[-0.998800278,-0.0507847592,0,0.0507847592,-0.998800278,0,0,0,1],"scale":1,"type":"eca_lamppost"}
{"pos":[772.013855,-294.304352,53.5187988],"rotationMatrix":[-0.980049968,-0.198800996,0,0.198800996,-0.980049968,0,0,0,1],"scale":1,"type":"eca_lamppost"}
{"pos":[750.138,-352.919006,53.362999],"rotationMatrix":[-0.708291292,0.706088781,0,-0.706088781,-0.708291292,0,0,0,1],"scale":1,"type":"eca_lamppost"}
{"pos":[790.078979,-300.75,53.1878014],"rotationMatrix":[-0.0193065405,-0.999745607,0,0.999745607,-0.0193065405,0,0,0,1],"scale":1,"type":"eca_lamppost"}
{"pos":[793.854004,-278.033997,53.3325005],"rotationMatrix":[1,0,0,0,1,0,0,0,1],"scale":1,"type":"eca_lamppost"}
{"pos":[780.987976,-463.423004,53.2938004],"rotationMatrix":[-0.996801257,0.0795363188,0,-0.0795363188,-0.996801257,0,0,0,1],"scale":1,"type":"eca_lamppost"}
{"pos":[780.478027,-413.359985,53.2938004],"rotationMatrix":[-0.999599934,-0.0283971597,0,0.0283971597,-0.999599934,0,0,0,1],"scale":1,"type":"eca_lamppost"}
{"pos":[777.926025,-375.061005,53.2938004],"rotationMatrix":[-0.997600794,-0.0691584796,0,0.0691584796,-0.997600794,0,0,0,1],"scale":1,"type":"eca_lamppost"}
{"pos":[690.018982,-90.1285019,52.4957008],"rotationMatrix":[0.75219202,-0.658944011,0,0.658944011,0.75219202,0,0,0,1],"scale":1,"type":"eca_lamppost"}
{"pos":[724.682983,-99.8817978,52.6044998],"rotationMatrix":[1,0,0,0,1,0,0,0,1],"scale":1,"type":"eca_lamppost"}
{"pos":[680.620972,-60.3526993,52.5141983],"rotationMatrix":[0.649380565,0.760442972,0,-0.760442972,0.649380565,0,0,0,1],"scale":1,"type":"eca_lamppost"}
{"pos":[647.690002,-28.1625996,52.4458008],"rotationMatrix":[-0.0198776722,-0.999882817,0,0.999882817,-0.0198776722,0,0,0,1],"scale":1,"type":"eca_lamppost"}
{"pos":[642.617981,-83.9072037,51.3418007],"rotationMatrix":[0.766618848,0.642139673,0,-0.642139673,0.766618848,0,0,0,1],"scale":1,"type":"eca_lamppost"}
{"pos":[665.911987,-113.424004,51.3418007],"rotationMatrix":[0.692044497,0.721859038,0,-0.721859038,0.692044497,0,0,0,1],"scale":1,"type":"eca_lamppost"}
{"pos":[661.596985,-92.4440002,51.3418007],"rotationMatrix":[-0.777743578,-0.62847048,0,0.62847048,-0.777743578,0,0,0,1],"scale":1,"type":"eca_lamppost"}
{"pos":[738.471985,-138.404007,53.3418007],"rotationMatrix":[-0.999599934,0.0233976599,0,-0.0233976599,-0.999599934,0,0,0,1],"scale":1,"type":"eca_lamppost"}
{"pos":[721.106018,-243.462997,53.3418007],"rotationMatrix":[0.731355548,0.681983173,0,-0.681983173,0.731355548,0,0,0,1],"scale":1,"type":"eca_lamppost"}
{"pos":[696.452026,-219.996994,53.3415985],"rotationMatrix":[0.688107967,0.725589216,0,-0.725589216,0.688107967,0,0,0,1],"scale":1,"type":"eca_lamppost"}
{"pos":[721.594971,-221.684006,53.3418007],"rotationMatrix":[0.323948145,-0.946054041,0,0.946054041,0.323948145,0,0,0,1],"scale":1,"type":"eca_lamppost"}
{"pos":[738.491028,-193.501999,53.3330002],"rotationMatrix":[-0.994803429,0.102866106,0,-0.102866106,-0.994803429,0,0,0,1],"scale":1,"type":"eca_lamppost"}
{"pos":[655.854004,-182.139999,53.3417015],"rotationMatrix":[0.674052596,0.738690257,0,-0.738690257,0.674052596,0,0,0,1],"scale":1,"type":"eca_lamppost"}
{"pos":[630.263977,-159.393005,53.3418007],"rotationMatrix":[0.698601484,0.715530276,0,-0.715530276,0.698601484,0,0,0,1],"scale":1,"type":"eca_lamppost"}
{"pos":[686.346008,-132.925995,51.9418983],"rotationMatrix":[0.650551975,0.759506047,0,-0.759506047,0.650551975,0,0,0,1],"scale":1,"type":"eca_lamppost"}
{"pos":[655.734985,-128.703003,52.3086014],"rotationMatrix":[0.753597975,-0.657352805,0,0.657352805,0.753597975,0,0,0,1],"scale":1,"type":"eca_lamppost"}
{"pos":[677.067993,-201.927002,53.3415985],"rotationMatrix":[0.708151996,0.706088781,0,-0.706088781,0.708151996,0,0,0,1],"scale":1,"type":"eca_lamppost"}
{"pos":[584.752991,-121.860001,53.3418007],"rotationMatrix":[0.673406363,0.739260495,0,-0.739260495,0.673406363,0,0,0,1],"scale":1,"type":"eca_lamppost"}
{"pos":[623.33197,-66.4941711,51.3284988],"rotationMatrix":[0.64095664,0.767574906,0,-0.767574906,0.64095664,0,0,0,1],"scale":1,"type":"eca_lamppost"}
{"pos":[598.17572,-73.8830338,51.3613815],"rotationMatrix":[0.731208861,-0.682169318,0,0.682169318,0.731208861,0,0,0,1],"scale":1,"type":"eca_lamppost"}
{"pos":[608.646973,-141.020996,53.3418007],"rotationMatrix":[0.636707127,0.77108109,0,-0.77108109,0.636707127,0,0,0,1],"scale":1,"type":"eca_lamppost"}
{"pos":[738.779724,-261.371185,53.3562012],"rotationMatrix":[0.82107836,0.57080245,0,-0.57080245,0.82107836,0,0,0,1],"scale":1,"type":"eca_lamppost"}
{"pos":[710.30249,-324.084229,56.5878983],"rotationMatrix":[0.90883553,0.417136282,0,-0.417136282,0.90883553,0,0,0,1],"scale":1,"type":"eca_lamppost"}
{"pos":[715.794983,-353.652008,56.4826012],"rotationMatrix":[0.999990344,-0.00439999998,0,0.00439999998,0.999990344,0,0,0,1],"scale":1,"type":"eca_lamppost"}
{"pos":[694.523987,-454.963989,53.3418007],"rotationMatrix":[0.0516600609,0.998607695,0,-0.998607695,0.0516600609,0,0,0,1],"scale":1,"type":"eca_lamppost"}
{"pos":[720.169983,-456.852997,53.3418007],"rotationMatrix":[0.113154411,0.993522763,0,-0.993522763,0.113154411,0,0,0,1],"scale":1,"type":"eca_lamppost"}
{"pos":[745.255981,-458.93399,53.3418007],"rotationMatrix":[0.078732729,0.996874511,0,-0.996874511,0.078732729,0,0,0,1],"scale":1,"type":"eca_lamppost"}
{"pos":[712.083008,-499.324005,57.3041992],"rotationMatrix":[0.0241955519,0.999693215,0,-0.999693215,0.0241955519,0,0,0,1],"scale":1,"type":"eca_lamppost"}
{"pos":[735.68103,-444.29599,53.3418007],"rotationMatrix":[-0.0778055191,-0.997054577,0,0.997054577,-0.0778055191,0,0,0,1],"scale":1,"type":"eca_lamppost"}
{"pos":[658.469971,-451.915985,53.3418007],"rotationMatrix":[0.0494552255,0.998802722,0,-0.998802722,0.0494552255,0,0,0,1],"scale":1,"type":"eca_lamppost"}
{"pos":[678.866028,-454.028992,53.3418007],"rotationMatrix":[0.0615500212,0.998045027,0,-0.998045027,0.0615500212,0,0,0,1],"scale":1,"type":"eca_lamppost"}
{"pos":[684.575012,-499.238007,57.3418007],"rotationMatrix":[0.0275453925,0.999649286,0,-0.999649286,0.0275453925,0,0,0,1],"scale":1,"type":"eca_lamppost"}
{"pos":[770.439026,-501.980011,56.361599],"rotationMatrix":[-0.070477128,0.997463405,0,-0.997463405,-0.070477128,0,0,0,1],"scale":1,"type":"eca_lamppost"}
{"pos":[740.973999,-500.787994,56.7064018],"rotationMatrix":[0.0502822995,0.998781562,0,-0.998781562,0.0502822995,0,0,0,1],"scale":1,"type":"eca_lamppost"}
