{"pos":[716.600037,-58.2840118,51.9031601],"rotationMatrix":[0.881534636,-0.472119153,0,0.472119153,0.881534636,0,0,0,0.999999881],"scale":0.870963633,"type":"eca_rock_small_5"}
{"pos":[721.921875,-50.414547,51.8472633],"rotationMatrix":[0.188759342,-0.982023299,0,0.982023299,0.188759342,0,0,0,0.999999881],"scale":0.748272002,"type":"eca_rock_small_5"}
{"pos":[722.115051,-50.6568642,51.8650856],"rotationMatrix":[-0.0884397179,-0.996081471,0,0.996081471,-0.0884397179,0,0,0,0.999999881],"scale":1.14200246,"type":"eca_rock_small_5"}
{"pos":[725.779236,-50.1126556,51.9242554],"rotationMatrix":[0.571619809,0.820518553,0,-0.820518553,0.571619809,0,0,0,0.999999881],"scale":0.823847711,"type":"eca_rock_small_5"}
{"pos":[733.314758,-52.2241364,51.9185829],"rotationMatrix":[0.9671821,0.25408408,0,-0.25408408,0.9671821,0,0,0,0.999999881],"scale":1.05886185,"type":"eca_rock_small_5"}
{"pos":[733.651184,-51.7857971,51.9227028],"rotationMatrix":[0.675080419,0.737744153,0,-0.737744153,0.675080419,0,0,0,0.999999881],"scale":0.802073479,"type":"eca_rock_small_5"}
{"pos":[709.455505,-70.1308289,51.8472633],"rotationMatrix":[0.188759342,-0.982023299,0,0.982023299,0.188759342,0,0,0,0.999999881],"scale":0.748272002,"type":"eca_rock_small_5"}
