{"pos":[218.675568,42.798996,251.690277],"rotationMatrix":[-0.453750879,-0.89112848,0,0.89112848,-0.453750879,0,0,0,0.999999881],"scale":1.00431895,"type":"eca_rock_medium_2"}
{"pos":[335.260223,346.336914,264.437958],"rotationMatrix":[-0.629091501,0.777330995,0,-0.777330995,-0.629091501,0,0,0,0.999999881],"scale":1.04759145,"type":"eca_rock_medium_2"}
{"pos":[471.38855,120.338989,255.805847],"rotationMatrix":[-0.442054182,-0.896988213,0,0.896988213,-0.442054182,0,0,0,0.999999881],"scale":1.01133335,"type":"eca_rock_medium_2"}
{"pos":[462.88385,132.393051,255.49881],"rotationMatrix":[0.963524997,-0.267617851,0,0.267617851,0.963524997,0,0,0,0.999999881],"scale":1.23659134,"type":"eca_rock_medium_2"}
{"pos":[512.215515,90.2908478,257.119629],"rotationMatrix":[0.73968178,-0.672956645,0,0.672956645,0.73968178,0,0,0,0.999999881],"scale":1.04876649,"type":"eca_rock_medium_2"}
{"pos":[517.717285,98.9837418,257.525604],"rotationMatrix":[0.992769778,0.120032884,0,-0.120032884,0.992769778,0,0,0,0.999999881],"scale":1.05169249,"type":"eca_rock_medium_2"}
{"pos":[490.962585,134.006516,256.14505],"rotationMatrix":[0.16607812,0.986112535,0,-0.986112535,0.16607812,0,0,0,0.999999881],"scale":1.2886368,"type":"eca_rock_medium_2"}
{"pos":[478.546265,132.584793,255.884247],"rotationMatrix":[-0.494451851,0.869204879,0,-0.869204879,-0.494451851,0,0,0,0.999999881],"scale":1.17962289,"type":"eca_rock_medium_2"}
{"pos":[451.655487,201.299057,253.68364],"rotationMatrix":[-0.790085495,-0.612996459,0,0.612996459,-0.790085495,0,0,0,0.999999881],"scale":1.21583939,"type":"eca_rock_medium_2"}
{"pos":[447.770996,255.838333,252.442688],"rotationMatrix":[0.837074339,-0.54708904,0,0.54708904,0.837074339,0,0,0,0.999999881],"scale":1.17584467,"type":"eca_rock_medium_2"}
{"pos":[432.511658,275.133575,251.747238],"rotationMatrix":[0.0902711079,-0.995917141,0,0.995917141,0.0902711079,0,0,0,0.999999881],"scale":1.04978991,"type":"eca_rock_medium_2"}
{"pos":[405.059662,284.531586,250.928726],"rotationMatrix":[-0.510867894,0.859659016,0,-0.859659016,-0.510867894,0,0,0,0.999999881],"scale":1.02864993,"type":"eca_rock_medium_2"}
{"pos":[471.628937,185.859589,254.889801],"rotationMatrix":[-0.797634184,0.603141248,0,-0.603141248,-0.797634184,0,0,0,0.999999881],"scale":1.21097326,"type":"eca_rock_medium_2"}
{"pos":[532.046631,52.1783676,258.794708],"rotationMatrix":[0.872183621,0.489178628,0,-0.489178628,0.872183621,0,0,0,0.999999881],"scale":1.12899542,"type":"eca_rock_medium_2"}
{"pos":[511.844391,39.1082458,254.618988],"rotationMatrix":[0.669788897,-0.742551327,0,0.742551327,0.669788897,0,0,0,0.999999881],"scale":1.09415364,"type":"eca_rock_medium_2"}
{"pos":[523.032043,42.6624565,257.428467],"rotationMatrix":[-0.651704848,-0.758472621,0,0.758472621,-0.651704848,0,0,0,0.999999881],"scale":1.28799248,"type":"eca_rock_medium_2"}
{"pos":[538.417847,40.7002563,258.684479],"rotationMatrix":[0.770724118,0.637169003,0,-0.637169003,0.770724118,0,0,0,0.999999881],"scale":1.14179444,"type":"eca_rock_medium_2"}
{"pos":[526.838013,41.2764587,258.397858],"rotationMatrix":[-0.83536315,0.549698174,0,-0.549698174,-0.83536315,0,0,0,0.999999881],"scale":1.08440566,"type":"eca_rock_medium_2"}
{"pos":[521.011414,42.1189613,256.895111],"rotationMatrix":[0.532433212,0.846472025,0,-0.846472025,0.532433212,0,0,0,0.999999881],"scale":1.16741443,"type":"eca_rock_medium_2"}
{"pos":[531.19812,50.9812012,258.71402],"rotationMatrix":[-0.383233577,-0.923651338,0,0.923651338,-0.383233577,0,0,0,0.999999881],"scale":1.21894121,"type":"eca_rock_medium_2"}
{"pos":[515.790527,45.4720688,255.74762],"rotationMatrix":[-0.634765327,-0.77270484,0,0.77270484,-0.634765327,0,0,0,0.999999881],"scale":1.20563531,"type":"eca_rock_medium_2"}
{"pos":[299.195404,291.368591,224.902603],"rotationMatrix":[-0.570248961,-0.82147187,0,0.82147187,-0.570248961,0,0,0,0.999999881],"scale":1.134812,"type":"eca_rock_medium_2"}
{"pos":[299.099731,305.379913,222.066818],"rotationMatrix":[0.0685213134,-0.99764955,0,0.99764955,0.0685213134,0,0,0,0.999999881],"scale":1.17688775,"type":"eca_rock_medium_2"}
{"pos":[283.644257,302.375275,219.733307],"rotationMatrix":[0.829121947,0.559067726,0,-0.559067726,0.829121947,0,0,0,0.999999881],"scale":1.10490918,"type":"eca_rock_medium_2"}
{"pos":[343.074982,192.724304,263.414459],"rotationMatrix":[0.685125232,-0.728425264,0,0.728425264,0.685125232,0,0,0,0.999999881],"scale":1.22331595,"type":"eca_rock_medium_2"}
{"pos":[363.253143,218.346603,263.169312],"rotationMatrix":[0.990280211,0.139086187,0,-0.139086187,0.990280211,0,0,0,0.999999881],"scale":1.06391823,"type":"eca_rock_medium_2"}
{"pos":[429.061707,-2.99816275,273.45636],"rotationMatrix":[-0.855928123,0.517094553,0,-0.517094553,-0.855928123,0,0,0,0.999999881],"scale":1.28496146,"type":"eca_rock_medium_2"}
{"pos":[364.960968,254.540649,263.315979],"rotationMatrix":[-0.452708155,0.891658545,0,-0.886849165,-0.450266361,-0.103722855,-0.0924853981,-0.0469561964,0.994606018],"scale":1.95348823,"type":"eca_rock_medium_2"}
{"pos":[533.886658,1.40000343,290.139252],"rotationMatrix":[-0.987301886,0.157061696,0.0237939395,-0.158853784,-0.976163745,-0.147883162,0,-0.149785131,0.988718271],"scale":10.1914606,"type":"eca_rock_medium_2"}
{"pos":[505.233673,0.20284462,290.139252],"rotationMatrix":[0.905454516,-0.0609080382,0.420049548,-0.00437467545,0.988258064,0.152729362,-0.42441985,-0.140127093,0.894556344],"scale":10.1914606,"type":"eca_rock_medium_2"}
{"pos":[86.852829,-15.9263983,254.050735],"rotationMatrix":[0.490538299,0.871419668,0,-0.871419668,0.490538299,-0,-0,0,0.999999881],"scale":1.29693294,"type":"eca_rock_medium_2"}
