{"pos":[753.69397,-246.985992,53.4491844],"rotationMatrix":[0.638579965,-0.769601047,0,0.769601047,0.638579965,0,0,0,1],"scale":1,"type":"eca_bld_shop_town_a"}
{"pos":[756.327026,-362.835999,53.3003006],"rotationMatrix":[-0.0495107174,0.998802722,0,-0.998802722,-0.0495107174,0,0,0,1],"scale":1,"type":"eca_bld_shop_town_a"}
{"pos":[782.950989,-331.446991,53.4269981],"rotationMatrix":[0.0546875,-0.998524964,0,0.998524964,0.0546875,0,0,0,1],"scale":1,"type":"eca_bld_shop_town_a"}
{"pos":[745.47998,-168.009995,53.3841019],"rotationMatrix":[1.92523003e-05,0.999980748,0,-0.999980748,1.92523003e-05,0,0,0,1],"scale":1,"type":"eca_bld_shop_town_a"}
{"pos":[616.078979,-82.1162033,51.358799],"rotationMatrix":[0.680319905,0.732913375,0,-0.732913375,0.680319905,0,0,0,1],"scale":1,"type":"eca_bld_shop_town_a"}
{"pos":[734.869446,-268.071503,53.6686707],"rotationMatrix":[-0.616821587,0.787221253,0,-0.787221253,-0.616821587,0,0,0,1],"scale":1,"type":"eca_bld_shop_town_a"}
{"pos":[739.512207,-465.547455,53.4954224],"rotationMatrix":[-0.996709049,0.0813161731,0,-0.0813161731,-0.996709049,0,0,0,1],"scale":1,"type":"eca_bld_shop_town_a"}
