{"pos":[853.213989,-237.990005,53.3583984],"rotationMatrix":[1.92523003e-05,-0.999980748,0,0.999980748,1.92523003e-05,0,0,0,1],"scale":1,"type":"eca_bld_house_05_b"}
{"pos":[853.195007,-267.096008,53.3827019],"rotationMatrix":[1.92523003e-05,-0.999980748,0,0.999980748,1.92523003e-05,0,0,0,1],"scale":1,"type":"eca_bld_house_05_b"}
{"pos":[594.450989,-12.0186996,53.1565018],"rotationMatrix":[0.766345501,-0.642447293,0,0.642447293,0.766345501,0,0,0,1],"scale":1,"type":"eca_bld_house_05_b"}
{"pos":[495.405548,11.7522154,52.9598007],"rotationMatrix":[-0.62836194,-0.777750969,0,0.777750969,-0.62836194,0,0,0,1],"scale":1,"type":"eca_bld_house_05_b"}
