{"pos":[3.25418758,-27.4841747,251.274506],"rotationMatrix":[-0.360760093,-0.932658494,0,0.932658494,-0.360760093,0,0,0,0.999999881],"scale":1.13875282,"type":"eca_rock_medium_1"}
{"pos":[-7.68516779,-23.4897461,249.853424],"rotationMatrix":[0.969814003,0.243845537,0,-0.243845537,0.969814003,0,0,0,0.999999881],"scale":2.19651246,"type":"eca_rock_medium_1"}
{"pos":[16.4486885,10.3450718,249.442657],"rotationMatrix":[-0.360760093,-0.932658494,0,0.932658494,-0.360760093,0,0,0,0.999999881],"scale":1.13875282,"type":"eca_rock_medium_1"}
{"pos":[34.3851814,8.53714085,250.236755],"rotationMatrix":[0.878754914,0.47727263,0,-0.47727263,0.878754914,0,0,0,0.999999762],"scale":1.13875282,"type":"eca_rock_medium_1"}
{"pos":[228.913452,44.9858894,251.579941],"rotationMatrix":[-0.989771366,0.142662004,0,-0.142662004,-0.989771366,0,0,0,0.999999881],"scale":1.09981549,"type":"eca_rock_medium_1"}
{"pos":[-626.828796,307.108368,232.807831],"rotationMatrix":[0.995271742,0.0971288607,0,-0.0971288607,0.995271742,0,0,0,0.999999881],"scale":1.27111566,"type":"eca_rock_medium_1"}
{"pos":[-618.104126,302.565033,233.873093],"rotationMatrix":[0.359496146,-0.933146536,0,0.933146536,0.359496146,0,0,0,0.999999881],"scale":1.0408498,"type":"eca_rock_medium_1"}
{"pos":[308.667145,325.077148,249.490982],"rotationMatrix":[-0.189027891,0.564781725,-0.803298056,-0.797698796,-0.56538415,-0.20979917,-0.572663367,0.601132751,0.557399511],"scale":2.13591719,"type":"eca_rock_medium_1"}
{"pos":[311.18631,325.905762,249.686768],"rotationMatrix":[-0.129152149,0.304273844,-0.943787098,0.966692865,0.250708342,-0.0514589846,0.220958084,-0.918999553,-0.326519728],"scale":2.13591719,"type":"eca_rock_medium_1"}
{"pos":[314.41745,327.556702,248.871628],"rotationMatrix":[0.335734576,-0.851945519,-0.401830167,0.753206134,0.498978227,-0.428600788,0.565650284,-0.158765346,0.809215903],"scale":2.13591719,"type":"eca_rock_medium_1"}
{"pos":[317.436951,316.65918,248.697159],"rotationMatrix":[-0.4749915,-0.782886863,-0.401830107,0.85307622,-0.297589689,-0.428600729,0.215965763,-0.546374798,0.809215784],"scale":2.13591719,"type":"eca_rock_medium_1"}
{"pos":[461.417847,126.693886,256.825775],"rotationMatrix":[-0.297765225,-0.954639018,0,0.954639018,-0.297765225,0,0,0,0.999999881],"scale":1.15565419,"type":"eca_rock_medium_1"}
{"pos":[456.940063,128.741653,256.234589],"rotationMatrix":[-0.898434222,0.439107835,0,-0.439107835,-0.898434222,0,0,0,0.999999881],"scale":1.24853826,"type":"eca_rock_medium_1"}
{"pos":[508.151367,94.2795334,256.63858],"rotationMatrix":[-0.0821401253,0.996620715,0,-0.996620715,-0.0821401253,0,0,0,0.999999881],"scale":1.13297057,"type":"eca_rock_medium_1"}
{"pos":[498.36264,124.634659,256.355927],"rotationMatrix":[0.461408973,-0.887187421,0,0.887187421,0.461408973,0,0,0,0.999999881],"scale":1.1943593,"type":"eca_rock_medium_1"}
{"pos":[445.802643,216.334915,253.192657],"rotationMatrix":[0.270836443,-0.962625325,0,0.962625325,0.270836443,0,0,0,0.999999881],"scale":1.1206491,"type":"eca_rock_medium_1"}
{"pos":[449.25769,226.542999,253.040741],"rotationMatrix":[-0.731603622,-0.681730032,0,0.681730032,-0.731603622,0,0,0,0.999999881],"scale":1.17070699,"type":"eca_rock_medium_1"}
{"pos":[435.585999,262.518799,251.970001],"rotationMatrix":[0.332107395,0.943241537,0,-0.943241537,0.332107395,0,0,0,0.999999881],"scale":1.27104664,"type":"eca_rock_medium_1"}
{"pos":[453.463715,263.424042,253.164825],"rotationMatrix":[0.0942338407,0.995549977,0,-0.995549977,0.0942338407,0,0,0,0.999999881],"scale":1.00994992,"type":"eca_rock_medium_1"}
{"pos":[435.778595,297.428345,253.155731],"rotationMatrix":[0.602803946,-0.797889233,0,0.797889233,0.602803946,0,0,0,0.999999881],"scale":1.05997157,"type":"eca_rock_medium_1"}
{"pos":[378.563354,332.968781,250.456345],"rotationMatrix":[0.117222682,-0.993105531,0,0.993105531,0.117222682,0,0,0,0.999999881],"scale":1.05724323,"type":"eca_rock_medium_1"}
{"pos":[361.890686,331.711914,250.971252],"rotationMatrix":[-0.728307664,0.685249984,0,-0.685249984,-0.728307664,0,0,0,0.999999881],"scale":1.07449353,"type":"eca_rock_medium_1"}
{"pos":[526.484924,45.8337173,258.755676],"rotationMatrix":[-0.485319406,0.874336779,0,-0.874336779,-0.485319406,0,0,0,0.999999881],"scale":1.26421475,"type":"eca_rock_medium_1"}
{"pos":[524.393372,49.2835236,257.95694],"rotationMatrix":[-0.765427113,-0.643522382,0,0.643522382,-0.765427113,0,0,0,0.999999881],"scale":1.14795399,"type":"eca_rock_medium_1"}
{"pos":[515.157654,30.5580482,255.05571],"rotationMatrix":[-0.999207556,0.0398006998,0,-0.0398006998,-0.999207556,0,0,0,0.999999881],"scale":1.13097787,"type":"eca_rock_medium_1"}
{"pos":[525.091492,44.1396179,258.220276],"rotationMatrix":[-0.438687086,-0.898639858,0,0.898639858,-0.438687086,0,0,0,0.999999881],"scale":1.17672157,"type":"eca_rock_medium_1"}
{"pos":[532.709656,31.0531425,257.737854],"rotationMatrix":[0.207228735,0.978292465,0,-0.978292465,0.207228735,0,0,0,0.999999881],"scale":1.24657178,"type":"eca_rock_medium_1"}
{"pos":[510.445526,32.4017868,254.116806],"rotationMatrix":[0.999079466,0.0428948477,0,-0.0428948477,0.999079466,0,0,0,0.999999881],"scale":1.21821141,"type":"eca_rock_medium_1"}
{"pos":[513.184631,36.471138,255.113983],"rotationMatrix":[-0.591051757,0.806633413,0,-0.806633413,-0.591051757,0,0,0,0.999999881],"scale":1.24338186,"type":"eca_rock_medium_1"}
{"pos":[541.85675,43.4314499,258.163208],"rotationMatrix":[-0.525282383,-0.85092777,0,0.85092777,-0.525282383,0,0,0,0.999999881],"scale":1.08240962,"type":"eca_rock_medium_1"}
{"pos":[531.90332,54.9187851,259.075989],"rotationMatrix":[0.999327421,0.0366684832,0,-0.0366684832,0.999327421,0,0,0,0.999999881],"scale":1.0273155,"type":"eca_rock_medium_1"}
{"pos":[515.068237,36.0170212,255.085815],"rotationMatrix":[-0.417705089,-0.908582628,0,0.908582628,-0.417705089,0,0,0,0.999999881],"scale":1.02962804,"type":"eca_rock_medium_1"}
{"pos":[512.123047,33.7813606,254.709106],"rotationMatrix":[-0.604295731,-0.796760082,0,0.796760082,-0.604295731,0,0,0,0.999999881],"scale":1.05599153,"type":"eca_rock_medium_1"}
{"pos":[512.676147,29.3056068,254.837158],"rotationMatrix":[-0.927256048,-0.374427617,0,0.374427617,-0.927256048,0,0,0,0.999999881],"scale":1.2230649,"type":"eca_rock_medium_1"}
{"pos":[298.487732,298.938629,222.322357],"rotationMatrix":[0.999346197,0.0361528881,0,-0.0361528881,0.999346197,0,0,0,0.999999881],"scale":1.12158883,"type":"eca_rock_medium_1"}
{"pos":[278.636047,311.513245,219.68631],"rotationMatrix":[0.86722368,0.497918665,0,-0.497918665,0.86722368,0,0,0,0.999999881],"scale":1.19631767,"type":"eca_rock_medium_1"}
{"pos":[259.223083,281.735992,220.902084],"rotationMatrix":[0.926221848,-0.376978755,0,0.376978755,0.926221848,0,0,0,0.999999881],"scale":1.1100868,"type":"eca_rock_medium_1"}
{"pos":[277.207703,282.053955,224.146973],"rotationMatrix":[0.955622494,0.29459393,0,-0.29459393,0.955622494,0,0,0,0.999999881],"scale":1.12541986,"type":"eca_rock_medium_1"}
{"pos":[295.146362,300.008667,221.568115],"rotationMatrix":[0.810277224,-0.586046696,0,0.586046696,0.810277224,0,0,0,0.999999881],"scale":1.10922909,"type":"eca_rock_medium_1"}
{"pos":[304.940979,297.475616,227.631241],"rotationMatrix":[-0.98276931,-0.184835896,0,0.184835896,-0.98276931,0,0,0,0.999999881],"scale":1.11134732,"type":"eca_rock_medium_1"}
{"pos":[324.332001,204.415405,263.80014],"rotationMatrix":[0.247050628,-0.969002426,0,0.969002426,0.247050628,0,-0,0,0.999999881],"scale":1.0608176,"type":"eca_rock_medium_1"}
{"pos":[333.343262,200.530487,263.615875],"rotationMatrix":[0.0816196054,0.996663511,0,-0.996663511,0.0816196054,-0,-0,0,0.999999881],"scale":1.06775093,"type":"eca_rock_medium_1"}
{"pos":[427.609863,5.27961874,273.006104],"rotationMatrix":[-0.892662942,-0.450724781,0,0.450724781,-0.892662942,0,-0,0,0.999999881],"scale":1.21831405,"type":"eca_rock_medium_1"}
{"pos":[444.487579,56.017601,257.784882],"rotationMatrix":[0.839136779,0.543920457,0,-0.543920457,0.839136779,-0,-0,0,0.999999881],"scale":1.15537918,