{"pos":[629.341003,-171.003998,53.452301],"rotationMatrix":[-0.754439235,0.656369328,0,-0.656369328,-0.754439235,0,0,0,1],"scale":1,"type":"eca_bld_grocerystore"}
