{"pos":[586.768005,-49.6405983,53.4692993],"rotationMatrix":[0.773400903,-0.633952439,0,0.633952439,0.773400903,0,0,0,1],"scale":1,"type":"eca_bld_house_01_a"}
{"pos":[539.997986,-14.7847996,53.4861984],"rotationMatrix":[0.765524447,-0.643369615,0,0.643369615,0.765524447,0,0,0,1],"scale":1,"type":"eca_bld_house_01_a"}
{"pos":[741.129028,-479.571014,56.8213997],"rotationMatrix":[0.999525666,-0.030796919,0,0.030796919,0.999525666,0,0,0,1],"scale":1,"type":"eca_bld_house_01_a"}
{"pos":[750.486023,-511.144012,56.8031998],"rotationMatrix":[-1,0,0,0,-1,0,0,0,1],"scale":1,"type":"eca_bld_house_01_a"}
