{"pos":[853.231995,-252.085999,53.3660011],"rotationMatrix":[1.92523003e-05,-0.999980748,0,0.999980748,1.92523003e-05,0,0,0,1],"scale":1,"type":"eca_bld_house_05_e"}
{"pos":[570.218994,-34.4627991,53.1226006],"rotationMatrix":[-0.758937597,0.651208341,0,-0.651208341,-0.758937597,0,0,0,1],"scale":1,"type":"eca_bld_house_05_e"}
{"pos":[582.343994,-0.957199991,53.161499],"rotationMatrix":[0.769343674,-0.638855517,0,0.638855517,0.769343674,0,0,0,1],"scale":1,"type":"eca_bld_house_05_e"}
{"pos":[461.084564,19.9118366,53.0670128],"rotationMatrix":[0.659027219,0.752138615,0,-0.752138615,0.659027219,0,0,0,1],"scale":1,"type":"eca_bld_house_05_e"}
