{"pos":[716.577393,-45.2606812,51.876358],"rotationMatrix":[-0.913536251,-0.406757027,0,0.406757027,-0.913536251,0,0,0,0.999999881],"scale":1.14559615,"type":"eca_rock_small_4"}
{"pos":[722.943542,-39.4725266,51.9074745],"rotationMatrix":[0.241428599,-0.970418513,0,0.970418513,0.241428599,0,0,0,0.999999881],"scale":0.826639771,"type":"eca_rock_small_4"}
{"pos":[722.66626,-39.3815651,51.8829117],"rotationMatrix":[-0.344479829,-0.938793659,0,0.938793659,-0.344479829,0,0,0,0.999999881],"scale":1.22123587,"type":"eca_rock_small_4"}
{"pos":[726.354858,-50.2484169,51.9195824],"rotationMatrix":[0.886089623,0.463513911,0,-0.463513911,0.886089623,0,0,0,0.999999881],"scale":0.781646013,"type":"eca_rock_small_4"}
{"pos":[706.672241,-66.8327484,51.876358],"rotationMatrix":[-0.673433542,-0.73924768,0,0.73924768,-0.673433542,0,0,0,0.999999762],"scale":1.14559615,"type":"eca_rock_small_4"}
