{"pos":[671.643982,7.17443895,50.7087784],"rotationMatrix":[0.737521589,0.675323546,0,-0.675323546,0.737521589,0,0,0,0.999999881],"scale":1.24080217,"type":"eca_rock_medium_2"}
