{"pos":[644.58197,-131.134003,52.5998001],"rotationMatrix":[0.77353549,-0.633764088,0,0.633764088,0.77353549,0,0,0,1],"scale":1,"type":"eca_bld_shop_town_d"}
{"pos":[642.346985,-179.300003,53.4787788],"rotationMatrix":[-0.735011935,0.678059161,0,-0.678059161,-0.735011935,0,0,0,1],"scale":1,"type":"eca_bld_shop_town_d"}
{"pos":[584.986023,-80.3097,51.8331985],"rotationMatrix":[-0.689122081,-0.724539638,0,0.724539638,-0.689122081,0,0,0,1],"scale":1,"type":"eca_bld_shop_town_d"}
