{"pos":[785.631653,-404.206085,53.2945595],"rotationMatrix":[0.0722055435,-0.997402906,0,0.997402906,0.0722055435,0,0,0,1],"scale":1,"type":"eca_bld_store_fish_a"}
