{"pos":[25.3446712,-15.1045589,249.97319],"rotationMatrix":[-0.0751342997,-0.997173309,0,0.997173309,-0.0751342997,0,0,0,0.999999881],"scale":1.32936311,"type":"eca_rock_small_2"}
{"pos":[22.0723991,-23.401186,251.553558],"rotationMatrix":[-0.962916195,0.269800216,0,-0.269800216,-0.962916195,0,0,0,0.999999881],"scale":0.782114029,"type":"eca_rock_small_2"}
{"pos":[20.3822994,-31.8553448,252.014038],"rotationMatrix":[0.778399229,-0.62776953,0,0.62776953,0.778399229,0,0,0,0.999999881],"scale":0.785770774,"type":"eca_rock_small_2"}
{"pos":[34.3217735,-12.8206043,250.902054],"rotationMatrix":[0.330756783,-0.94371593,0,0.94371593,0.330756783,0,0,0,0.999999881],"scale":0.744151592,"type":"eca_rock_small_2"}
{"pos":[5.98823071,-39.1853828,253.068848],"rotationMatrix":[0.9579193,-0.287037432,0,0.287037432,0.9579193,0,0,0,0.999999881],"scale":1.43157029,"type":"eca_rock_small_2"}
{"pos":[-3.32768321,-38.8668442,254.294006],"rotationMatrix":[0.611539483,0.79121387,0,-0.79121387,0.611539483,0,0,0,0.999999881],"scale":0.877323151,"type":"eca_rock_small_2"}
{"pos":[-3.49682713,-38.6670761,254.064026],"rotationMatrix":[-0.459173739,0.888346314,0,-0.888346314,-0.459173739,0,0,0,0.999999881],"scale":1.53259337,"type":"eca_rock_small_2"}
{"pos":[22.9722557,-39.9317093,253.891968],"rotationMatrix":[-0.86764425,-0.497185618,0,0.497185618,-0.86764425,0,0,0,0.999999881],"scale":1.04855371,"type":"eca_rock_small_2"}
{"pos":[24.1286888,-30.3532104,254.245529],"rotationMatrix":[0.905055106,0.42529425,0,-0.42529425,0.905055106,0,0,0,0.999999881],"scale":1.21616054,"type":"eca_rock_small_2"}
{"pos":[-318.772491,147.455811,231.169769],"rotationMatrix":[0.986695111,-0.162581235,0,0.162581235,0.986695111,0,0,0,0.999999881],"scale":0.960843205,"type":"eca_rock_small_2"}
{"pos":[-328.702728,150.299316,232.313019],"rotationMatrix":[0.0667658374,0.997768641,0,-0.997768641,0.0667658374,0,0,0,0.999999881],"scale":0.894259691,"type":"eca_rock_small_2"}
{"pos":[-337.22702,153.791382,232.526306],"rotationMatrix":[-0.32497552,-0.945722342,0,0.945722342,-0.32497552,0,0,0,0.999999881],"scale":0.893192172,"type":"eca_rock_small_2"}
{"pos":[-39.2530403,124.689232,231.494141],"rotationMatrix":[0.814175844,0.580618382,0,-0.580618382,0.814175844,0,0,0,0.999999881],"scale":1.30164003,"type":"eca_rock_small_2"}
{"pos":[-27.8880424,125.916168,232.45697],"rotationMatrix":[0.984937012,0.172912985,0,-0.172912985,0.984937012,0,0,0,0.999999881],"scale":0.844526649,"type":"eca_rock_small_2"}
{"pos":[-2.14387488,119.023361,232.779755],"rotationMatrix":[-0.6624282,0.749125183,0,-0.749125183,-0.6624282,0,0,0,0.999999881],"scale":1.07838213,"type":"eca_rock_small_2"}
{"pos":[16.4639339,112.506966,233.349869],"rotationMatrix":[0.836579204,-0.54784584,0,0.54784584,0.836579204,0,0,0,0.999999881],"scale":0.915394962,"type":"eca_rock_small_2"}
{"pos":[19.9937649,114.456375,232.824219],"rotationMatrix":[0.976668656,0.214751735,0,-0.214751735,0.976668656,0,0,0,0.999999881],"scale":1.38536763,"type":"eca_rock_small_2"}
{"pos":[86.5332642,144.500259,234.295044],"rotationMatrix":[0.61676234,0.787149429,0,-0.787149429,0.61676234,0,0,0,0.999999881],"scale":1.11004865,"type":"eca_rock_small_2"}
