{"pos":[754.840698,5.86607265,52.0493889],"rotationMatrix":[0.986648142,0.162865788,0,-0.162865788,0.986648142,-0,-0,0,0.999999881],"scale":1.09862232,"type":"eca_rock_small"}
{"pos":[756.132507,-12.1340055,52.2044563],"rotationMatrix":[0.902025461,-0.431682706,0,0.431682706,0.902025461,0,-0,0,0.999999881],"scale":1.1965611,"type":"eca_rock_small"}
{"pos":[761.403687,-3.92406178,52.1755257],"rotationMatrix":[-0.998342037,0.0575587377,-0,-0.0575587377,-0.998342037,0,-0,0,0.999999881],"scale":1.27730072,"type":"eca_rock_small"}
{"pos":[727.824402,5.23669815,52.0493889],"rotationMatrix":[0.986648142,0.162865788,0,-0.162865788,0.986648142,0,0,0,0.999999881],"scale":1.09862232,"type":"eca_rock_small"}
