{"pos":[3.25418758,-27.4841747,251.274506],"rotationMatrix":[-0.360760093,-0.932658494,0,0.932658494,-0.360760093,0,0,0,0.999999881],"scale":1.13875282,"type":"eca_rock_medium_1"}
{"pos":[-7.68516779,-23.4897461,249.853424],"rotationMatrix":[0.969814003,0.243845537,0,-0.243845537,0.969814003,0,0,0,0.999999881],"scale":2.19651246,"type":"eca_rock_medium_1"}
{"pos":[16.4486885,10.3450718,249.442657],"rotationMatrix":[-0.360760093,-0.932658494,0,0.932658494,-0.360760093,0,0,0,0.999999881],"scale":1.13875282,"type":"eca_rock_medium_1"}
{"pos":[34.3851814,8.53714085,250.236755],"rotationMatrix":[0.878754914,0.47727263,0,-0.47727263,0.878754914,0,0,0,0.999999762],"scale":1.13875282,"type":"eca_rock_medium_1"}
{"pos":[228.913452,44.9858894,251.579941],"rotationMatrix":[-0.989771366,0.142662004,-0,-0.142662004,-0.989771366,0,-0,0,0.999999881],"scale":1.09981549,"type":"eca_rock_medium_1"}
