{"pos":[783.950989,-355.453003,53.2966003],"rotationMatrix":[0.0544124246,-0.998532772,0,0.998532772,0.0544124246,0,0,0,1],"scale":1,"type":"eca_bld_shop_town_bwhite"}
{"pos":[759.156494,-408.181549,53.5414391],"rotationMatrix":[-0.06959939,0.997639477,0,-0.997639477,-0.06959939,0,0,0,1],"scale":1,"type":"eca_bld_shop_town_bwhite"}
