{"pos":[74.4758453,141.803864,234.17775],"rotationMatrix":[0.448030025,-0.894018471,0,0.894018471,0.448030025,0,0,0,0.999999881],"scale":1.27632594,"type":"eca_rock_small"}
{"pos":[308.945282,240.024048,254.800262],"rotationMatrix":[0.628801525,-0.777565658,0,0.777565658,0.628801525,0,0,0,0.999999881],"scale":0.896799445,"type":"eca_rock_small"}
{"pos":[255.631531,157.046082,252.964508],"rotationMatrix":[0.0891346633,0.996019542,0,-0.996019542,0.0891346633,0,0,0,0.999999881],"scale":0.830026746,"type":"eca_rock_small"}
{"pos":[242.374893,154.878784,253.59729],"rotationMatrix":[0.990202367,-0.139638886,0,0.139638886,0.990202367,0,0,0,0.999999881],"scale":1.27628696,"type":"eca_rock_small"}
{"pos":[275.89563,139.256897,254.382629],"rotationMatrix":[0.817751408,0.575571597,0,-0.575571597,0.817751408,0,0,0,0.999999881],"scale":1.16059577,"type":"eca_rock_small"}
{"pos":[274.264191,139.536346,254.380493],"rotationMatrix":[0.998032749,0.0626928061,0,-0.0626928061,0.998032749,0,0,0,0.999999881],"scale":0.981636643,"type":"eca_rock_small"}
{"pos":[275.128967,138.745514,254.413193],"rotationMatrix":[0.974129617,0.225989759,0,-0.225989759,0.974129617,0,0,0,0.999999881],"scale":0.890355468,"type":"eca_rock_small"}
{"pos":[223.937439,191.148209,253.653503],"rotationMatrix":[0.512566328,0.858647645,0,-0.858647645,0.512566328,0,0,0,0.999999881],"scale":1.16887259,"type":"eca_rock_small"}
{"pos":[226.327774,189.4935,253.465729],"rotationMatrix":[-0.755020201,0.65570122,0,-0.65570122,-0.755020201,0,0,0,0.999999881],"scale":1.27991676,"type":"eca_rock_small"}
{"pos":[163.581894,62.5256233,254.228363],"rotationMatrix":[-0.998415112,0.0562774092,0,-0.0562774092,-0.998415112,0,0,0,0.999999881],"scale":1.09443736,"type":"eca_rock_small"}
{"pos":[164.345444,67.550209,254.240112],"rotationMatrix":[0.789453208,-0.613810539,0,0.613810539,0.789453208,0,0,0,0.999999881],"scale":1.12886727,"type":"eca_rock_small"}
{"pos":[151.093979,96.2175522,254.350464],"rotationMatrix":[-0.145896509,-0.989299834,0,0.989299834,-0.145896509,0,0,0,0.999999881],"scale":1.21350479,"type":"eca_rock_small"}
{"pos":[153.984314,98.2197495,254.330734],"rotationMatrix":[0.240685642,0.970603049,0,-0.970603049,0.240685642,0,0,0,0.999999881],"scale":1.01911426,"type":"eca_rock_small"}
{"pos":[161.141968,130.347824,254.343872],"rotationMatrix":[0.442899436,0.896571279,0,-0.896571279,0.442899436,0,0,0,0.999999881],"scale":0.840610564,"type":"eca_rock_small"}
{"pos":[178.041962,-68.2982178,257.30304],"rotationMatrix":[0.216610342,0.976258099,0,-0.976258099,0.216610342,0,0,0,0.999999881],"scale":0.942830324,"type":"eca_rock_small"}
{"pos":[-1055.68933,-98.4679871,347.436127],"rotationMatrix":[0.859719574,-0.51076597,0,0.51076597,0.859719574,0,-0,0,0.999999881],"scale":1.1408447,"type":"eca_rock_small"}
{"pos":[-1068.67957,-99.5184784,346.897186],"rotationMatrix":[0.668094337,-0.744076431,0,0.744076431,0.668094337,0,-0,0,0.999999881],"scale":0.913898945,"type":"eca_rock_small"}
{"pos":[-1067.0127,-100.063339,347.094666],"rotationMatrix":[-0.921731889,-0.387827635,0,0.387827635,-0.921731889,0,-0,0,0.999999881],"scale":0.985247433,"type":"eca_rock_small"}
