{"pos":[729.859985,-517.119995,57.6800995],"rotationMatrix":[-1,0,0,0,-1,0,0,0,1],"scale":1,"type":"eca_bld_house_02_a"}
{"pos":[566.718994,16.6081009,53.5533791],"rotationMatrix":[0.743098855,-0.669204473,0,0.669204473,0.743098855,0,0,0,1],"scale":1,"type":"eca_bld_house_02_a"}
