{"pos":[21.6194592,-21.7882843,250.941071],"rotationMatrix":[-0.853072464,0.521792173,0,-0.521792173,-0.853072464,0,0,0,0.999999881],"scale":0.891482115,"type":"eca_rock_small_4"}
{"pos":[20.7324066,-31.6259613,252.021484],"rotationMatrix":[-0.782480121,-0.622675359,0,0.622675359,-0.782480121,0,0,0,0.999999881],"scale":0.763724744,"type":"eca_rock_small_4"}
{"pos":[35.494278,-13.0212402,251.185638],"rotationMatrix":[0.999589145,-0.0286597088,0,0.0286597088,0.999589145,0,0,0,0.999999881],"scale":0.916071713,"type":"eca_rock_small_4"}
{"pos":[3.74891448,-30.9439888,251.965912],"rotationMatrix":[0.99351728,0.113680422,0,-0.113680422,0.99351728,0,0,0,0.999999881],"scale":0.824745297,"type":"eca_rock_small_4"}
{"pos":[3.59686089,-28.9181271,251.809479],"rotationMatrix":[0.444785535,0.895637155,0,-0.895637155,0.444785535,0,0,0,0.999999881],"scale":0.710259616,"type":"eca_rock_small_4"}
{"pos":[3.88498902,-29.3492432,251.819473],"rotationMatrix":[0.893062532,0.449932575,0,-0.449932575,0.893062532,0,0,0,0.999999881],"scale":0.900816679,"type":"eca_rock_small_4"}
{"pos":[-13.4298897,-38.5242043,252.655777],"rotationMatrix":[-0.165162653,0.986266255,0,-0.986266255,-0.165162653,0,0,0,0.999999881],"scale":0.734401047,"type":"eca_rock_small_4"}
{"pos":[226.118652,45.1289406,252.356308],"rotationMatrix":[-0.973482966,-0.228759214,0,0.228759214,-0.973482966,0,0,0,0.999999881],"scale":1.17478883,"type":"eca_rock_small_4"}
{"pos":[-728.754822,350.701996,232.840454],"rotationMatrix":[0.88912791,0.457658738,0,-0.457658738,0.88912791,0,0,0,0.999999881],"scale":1.27733564,"type":"eca_rock_small_4"}
{"pos":[-726.539429,350.771088,232.929321],"rotationMatrix":[-0.409545094,0.912289739,0,-0.912289739,-0.409545094,0,0,0,0.999999881],"scale":0.70531565,"type":"eca_rock_small_4"}
{"pos":[-725.89093,351.540955,232.988312],"rotationMatrix":[0.724406719,-0.689372659,0,0.689372659,0.724406719,0,0,0,0.999999881],"scale":0.751226306,"type":"eca_rock_small_4"}
{"pos":[-357.592041,160.397156,232.074142],"rotationMatrix":[-0.251373857,-0.967889965,0,0.967889965,-0.251373857,0,0,0,0.999999881],"scale":0.89959389,"type":"eca_rock_small_4"}
{"pos":[-43.6697922,124.144882,231.464508],"rotationMatrix":[0.99771142,0.0676147267,0,-0.0676147267,0.99771142,0,0,0,0.999999881],"scale":1.19104517,"type":"eca_rock_small_4"}
{"pos":[0.443678141,115.466888,233.518036],"rotationMatrix":[-0.27921766,0.960227728,0,-0.960227728,-0.27921766,0,0,0,0.999999881],"scale":0.740978062,"type":"eca_rock_small_4"}
{"pos":[110.877518,171.709824,230.919937],"rotationMatrix":[-0.972068965,0.234695375,0,-0.234695375,-0.972068965,0,0,0,0.999999881],"scale":0.769213617,"type":"eca_rock_small_4"}
