{"pos":[751.52832,-4.53857374,51.5188446],"rotationMatrix":[0.900442958,-0.434973747,0,0.434973747,0.900442958,0,-0,0,0.999999881],"scale":1.10806966,"type":"eca_rock_big_wide"}
{"pos":[762.779907,4.92097855,51.3050842],"rotationMatrix":[0.0601278581,0.998190582,0,-0.998190582,0.0601278581,-0,-0,0,0.999999881],"scale":1.17162478,"type":"eca_rock_big_wide"}
{"pos":[665.927734,-18.5882969,49.4326782],"rotationMatrix":[-0.0903531015,0.995909631,0,-0.995909631,-0.0903531015,0,0,0,0.999999762],"scale":1.17162478,"type":"eca_rock_big_wide"}
