{"pos":[670.252747,1.39277625,49.8956337],"rotationMatrix":[-0.838218272,-0.545334637,0,0.545334637,-0.838218272,0,-0,0,0.999999881],"scale":1.36532116,"type":"eca_rock_small_2"}
{"pos":[673.212646,10.2666779,51.8334198],"rotationMatrix":[0.15062359,0.988591135,0,-0.988591135,0.15062359,-0,-0,0,0.999999881],"scale":1.43902326,"type":"eca_rock_small_2"}
{"pos":[674.388306,10.3597946,51.7242126],"rotationMatrix":[-0.980273187,0.197646827,-0,-0.197646827,-0.980273187,0,-0,0,0.999999881],"scale":1.50033355,"type":"eca_rock_small_2"}
{"pos":[673.878723,9.6134491,51.7535362],"rotationMatrix":[-0.706062138,-0.708149672,0,0.708149672,-0.706062138,0,-0,0,0.999999881],"scale":0.733661532,"type":"eca_rock_small_2"}
{"pos":[672.517029,7.75425911,51.3468399],"rotationMatrix":[0.686554968,0.727077901,0,-0.727077901,0.686554968,-0,-0,0,0.999999881],"scale":0.786734879,"type":"eca_rock_small_2"}
{"pos":[698.414062,-1.9526813,50.7126083],"rotationMatrix":[-0.226869896,0.973924935,-0,-0.973924935,-0.226869896,0,-0,0,0.999999881],"scale":1.02701223,"type":"eca_rock_small_2"}
{"pos":[699.210388,-1.47964311,50.97295],"rotationMatrix":[0.968190253,0.250214994,0,-0.250214994,0.968190253,-0,-0,0,0.999999881],"scale":1.14936411,"type":"eca_rock_small_2"}
{"pos":[699.637329,-2.22727156,51.1699753],"rotationMatrix":[-0.585150421,-0.810924768,0,0.810924768,-0.585150421,0,-0,0,0.999999881],"scale":0.985904932,"type":"eca_rock_small_2"}
{"pos":[694.339966,-23.4120178,50.4466896],"rotationMatrix":[0.341555506,0.939861596,0,-0.939861596,0.341555506,-0,-0,0,0.999999881],"scale":1.52553725,"type":"eca_rock_small_2"}
{"pos":[695.409058,-41.4776039,50.8160591],"rotationMatrix":[-0.0943668932,0.995537341,-0,-0.995537341,-0.0943668932,0,-0,0,0.999999881],"scale":1.11416733,"type":"eca_rock_small_2"}
{"pos":[694.64917,-40.9050026,50.6168594],"rotationMatrix":[0.340445191,0.940264404,0,-0.940264404,0.340445191,-0,-0,0,0.999999881],"scale":1.49595141,"type":"eca_rock_small_2"}
{"pos":[695.160767,-42.234726,50.6319809],"rotationMatrix":[-0.560113013,-0.828416169,0,0.828416169,-0.560113013,0,-0,0,0.999999881],"scale":1.22552621,"type":"eca_rock_small_2"}
{"pos":[696.735596,-42.262291,51.0663681],"rotationMatrix":[0.784132004,0.620594084,0,-0.620594084,0.784132004,-0,-0,0,0.999999881],"scale":0.709062755,"type":"eca_rock_small_2"}
{"pos":[698.304016,-41.2374115,51.4411316],"rotationMatrix":[0.269637048,-0.962961912,0,0.962961912,0.269637048,0,-0,0,0.999999881],"scale":1.1433388,"type":"eca_rock_small_2"}
{"pos":[697.945374,-40.6461639,51.4392014],"rotationMatrix":[-0.816892862,0.57678926,-0,-0.57678926,-0.816892862,0,-0,0,0.999999881],"scale":1.01068509,"type":"eca_rock_small_2"}
{"pos":[698.210083,-40.2447243,51.5275726],"rotationMatrix":[-0.840000212,0.542585909,-0,-0.542585909,-0.840000212,0,-0,0,0.999999881],"scale":1.02695239,"type":"eca_rock_small_2"}
{"pos":[691.924316,-58.7041206,50.4114571],"rotationMatrix":[0.381684363,0.924292743,0,-0.924292743,0.381684363,-0,-0,0,0.999999881],"scale":0.938031197,"type":"eca_rock_small_2"}
{"pos":[690.818848,-58.0366631,49.859066],"rotationMatrix":[0.854962528,-0.518689513,0,0.518689513,0.854962528,0,-0,0,0.999999881],"scale":0.949061394,"type":"eca_rock_small_2"}
{"pos":[753.769653,4.73745728,52.0420265],"rotationMatrix":[-0.0537456684,-0.998554528,0,0.998554528,-0.0537456684,0,-0,0,0.999999881],"scale":0.704042435,"type":"eca_rock_small_2"}
{"pos":[753.298035,5.76325798,52.0308266],"rotationMatrix":[0.642781377,-0.766049504,0,0.766049504,0.642781377,0,-0,0,0.999999881],"scale":0.834427834,"type":"eca_rock_small_2"}
{"pos":[751.969482,5.41989613,51.9820175],"rotationMatrix":[-0.434233397,0.900800288,-0,-0.900800288,-0.434233397,0,-0,0,0.999999881],"scale":1.28033519,"type":"eca_rock_small_2"}
{"pos":[754.375183,5.79998827,52.043251],"rotationMatrix":[0.0886549577,0.996062338,0,-0.996062338,0.0886549577,-0,-0,0,0.999999881],"scale":0.850866437,"type":"eca_rock_small_2"}
{"pos":[761.682495,2.62262893,52.1761169],"rotationMatrix":[-0.769315302,-0.638869107,0,0.638869107,-0.769315302,0,-0,0,0.999999881],"scale":1.0380199,"type":"eca_rock_small_2"}
{"pos":[761.577271,0.892791271,53.3870735],"rotationMatrix":[0.702112913,-0.712065458,0,0.712065458,0.702112913,0,-0,0,0.999999881],"scale":1.04671979,"type":"eca_rock_small_2"}
{"pos":[773.749512,3.70270491,52.0361443],"rotationMatrix":[0.346489042,-0.938053906,0,0.938053906,0.346489042,0,-0,0,0.999999881],"scale":1.43491018,"type":"eca_rock_small_2"}
{"pos":[774.75177,4.03083801,51.9690285],"rotationMatrix":[-0.848515868,-0.529169977,0,0.529169977,-0.848515868,0,-0,0,0.999999881],"scale":1.59649158,"type":"eca_rock_small_2"}
{"pos":[764.936951,3.47124171,52.164402],"rotationMatrix":[0.94379288,0.330537319,0,-0.330537319,0.94379288,-0,-0,0,0.999999881],"scale":1.22973847,"type":"eca_rock_small_2"}
{"pos":[764.86499,2.92831087,52.1531258],"rotationMatrix":[0.999836266,-0.0180896595,0,0.0180896595,0.999836266,0,-0,0,0.999999881],"scale":1.47431803,"type":"eca_rock_small_2"}
{"pos":[754.83844,-8.07463169,52.1185913],"rotationMatrix":[-0.852777481,-0.522274435,0,0.522274435,-0.852777481,0,-0,0,0.999999881],"scale":0.898176908,"type":"eca_rock_small_2"}
{"pos":[753.89801,-7.0333786,52.0785065],"rotationMatrix":[0.91948688,-0.393120408,0,0.393120408,0.91948688,0,-0,0,0.999999881],"scale":1.59091091,"type":"eca_rock_small_2"}
{"pos":[756.965881,-12.63622,52.2265091],"rotationMatrix":[0.182604551,-0.983186424,0,0.983186424,0.182604551,0,-0,0,0.999999881],"scale":1.44663775,"type":"eca_rock_small_2"}
{"pos":[758.676453,-6.86627579,52.1330643],"rotationMatrix":[-0.00242787739,0.99999696,-0,-0.99999696,-0.00242787739,0,-0,0,0.999999881],"scale":1.53487647,"type":"eca_rock_small_2"}
{"pos":[761.406555,-4.19291401,52.1658554],"rotationMatrix":[-0.617701113,0.786412716,-0,-0.786412716,-0.617701113,0,-0,0,0.999999881],"scale":0.825624943,"type":"eca_rock_small_2"}
{"pos":[762.38385,-6.97979069,52.1174622],"rotationMatrix":[0.83487165,-0.550444484,0,0.550444484,0.83487165,0,-0,0,0.999999881],"scale":1.57405543,"type":"eca_rock_small_2"}
{"pos":[758.03479,-3.49888372,52.1380844],"rotationMatrix":[0.98777926,-0.155858755,0,0.155858755,0.98777926,0,-0,0,0.999999881],"scale":0.977346063,"type":"eca_rock_small_2"}
{"pos":[759.700867,-3.40287781,52.3927956],"rotationMatrix":[-0.601996601,0.798498452,-0,-0.798498452,-0.601996601,0,-0,0,0.999999881],"scale":1.36531591,"type":"eca_rock_small_2"}
{"pos":[767.862061,-7.8718605,51.8784981],"rotationMatrix":[-0.488603354,-0.872505963,0,0.872505963,-0.488603354,0,-0,0,0.999999881],"scale":1.32743227,"type":"eca_rock_small_2"}
{"pos":[767.791809,-6.46756363,52.0031013],"rotationMatrix":[-0.991526365,0.129904777,-0,-0.129904777,-0.991526365,0,-0,0,0.999999881],"scale":1.30443203,"type":"eca_rock_small_2"}
{"pos":[767.464233,-6.57304049,51.9677658],"rotationMatrix":[-0.755103707,0.655605078,-0,-0.655605078,-0.755103707,0,-0,0,0.999999881],"scale":1.19221067,"type":"eca_rock_small_2"}
{"pos":[777.907227,-20.183567,51.9386673],"rotationMatrix":[0.997368753,0.0724936202,0,-0.0724936202,0.997368753,-0,-0,0,0.999999881],"scale":1.42937863,"type":"eca_rock_small_2"}
{"pos":[777.535522,-21.6158562,51.9335823],"rotationMatrix":[-0.607403815,-0.794393182,0,0.794393182,-0.607403815,0,-0,0,0.999999881],"scale":1.19212067,"type":"eca_rock_small_2"}
