{"pos":[3.25418758,-27.4841747,251.274506],"rotationMatrix":[-0.360760093,-0.932658494,0,0.932658494,-0.360760093,0,0,0,0.999999881],"scale":1.13875282,"type":"eca_rock_medium_1"}
{"pos":[-7.68516779,-23.4897461,249.853424],"rotationMatrix":[0.969814003,0.243845537,0,-0.243845537,0.969814003,0,0,0,0.999999881],"scale":2.19651246,"type":"eca_rock_medium_1"}
{"pos":[16.4486885,10.3450718,249.442657],"rotationMatrix":[-0.360760093,-0.932658494,0,0.932658494,-0.360760093,0,0,0,0.999999881],"scale":1.13875282,"type":"eca_rock_medium_1"}
{"pos":[34.3851814,8.53714085,250.236755],"rotationMatrix":[0.878754914,0.47727263,0,-0.47727263,0.878754914,0,0,0,0.999999762],"scale":1.13875282,"type":"eca_rock_medium_1"}
{"pos":[228.913452,44.9858894,251.579941],"rotationMatrix":[-0.989771366,0.142662004,0,-0.142662004,-0.989771366,0,0,0,0.999999881],"scale":1.09981549,"type":"eca_rock_medium_1"}
{"pos":[-626.828796,307.108368,232.807831],"rotationMatrix":[0.995271742,0.0971288607,0,-0.0971288607,0.995271742,0,0,0,0.999999881],"scale":1.27111566,"type":"eca_rock_medium_1"}
{"pos":[-618.104126,302.565033,233.873093],"rotationMatrix":[0.359496146,-0.933146536,0,0.933146536,0.359496146,0,0,0,0.999999881],"scale":1.0408498,"type":"eca_rock_medium_1"}
{"pos":[308.667145,325.077148,249.490982],"rotationMatrix":[-0.189027891,0.564781725,-0.803298056,-0.797698796,-0.56538415,-0.20979917,-0.572663367,0.601132751,0.557399511],"scale":2.13591719,"type":"eca_rock_medium_1"}
{"pos":[311.18631,325.905762,249.686768],"rotationMatrix":[-0.129152149,0.304273844,-0.943787098,0.966692865,0.250708342,-0.0514589846,0.220958084,-0.918999553,-0.326519728],"scale":2.13591719,"type":"eca_rock_medium_1"}
{"pos":[314.41745,327.556702,248.871628],"rotationMatrix":[0.335734576,-0.851945519,-0.401830167,0.753206134,0.498978227,-0.428600788,0.565650284,-0.158765346,0.809215903],"scale":2.13591719,"type":"eca_rock_medium_1"}
{"pos":[317.436951,316.65918,248.697159],"rotationMatrix":[-0.4749915,-0.782886863,-0.401830107,0.85307622,-0.297589689,-0.428600729,0.215965763,-0.546374798,0.809215784],"scale":2.13591719,"type":"eca_rock_medium_1"}
