{"pos":[21.7694912,-21.1920509,250.68576],"rotationMatrix":[-0.200939193,0.979603589,0,-0.979603589,-0.200939193,0,0,0,0.999999881],"scale":1.27889013,"type":"eca_rock_small_3"}
{"pos":[21.7767735,-22.9712582,251.354446],"rotationMatrix":[-0.979695141,-0.200492695,0,0.200492695,-0.979695141,0,0,0,0.999999881],"scale":1.24825478,"type":"eca_rock_small_3"}
{"pos":[-13.5035353,-38.2895622,252.617645],"rotationMatrix":[-0.168615431,0.985681832,0,-0.985681832,-0.168615431,0,0,0,0.999999881],"scale":0.825916767,"type":"eca_rock_small_3"}
{"pos":[23.8046646,-30.241066,254.24147],"rotationMatrix":[0.90493381,-0.42555204,0,0.42555204,0.90493381,0,0,0,0.999999881],"scale":0.996458113,"type":"eca_rock_small_3"}
