{"pos":[558.44397,-25.2175007,53.8091011],"rotationMatrix":[-0.631540418,-0.775487542,0,0.775487542,-0.631540418,0,0,0,1],"scale":1,"type":"eca_bld_house_03_a"}
{"pos":[711.846985,-517.52301,58.3082008],"rotationMatrix":[1.92523003e-05,-0.999980748,0,0.999980748,1.92523003e-05,0,0,0,1],"scale":1,"type":"eca_bld_house_03_a"}
{"pos":[474.799347,31.0571804,54.0901985],"rotationMatrix":[-0.773597717,0.633952439,0,-0.633952439,-0.773597717,0,0,0,1],"scale":1,"type":"eca_bld_house_03_a"}
