{"pos":[662.227112,-454.691986,53.2266731],"rotationMatrix":[-0.994399428,0.105686814,0,-0.105686814,-0.994399428,0,0,0,1],"scale":1,"type":"eca_bld_wood_fence_b"}
{"pos":[664.210205,-454.901489,53.2266731],"rotationMatrix":[-0.994399428,0.105686814,0,-0.105686814,-0.994399428,0,0,0,1],"scale":1,"type":"eca_bld_wood_fence_b"}
{"pos":[672.13623,-455.746552,53.2266731],"rotationMatrix":[-0.994399428,0.105686814,0,-0.105686814,-0.994399428,0,0,0,1],"scale":1,"type":"eca_bld_wood_fence_b"}
{"pos":[670.153137,-455.537048,53.2266731],"rotationMatrix":[-0.994399428,0.105686814,0,-0.105686814,-0.994399428,0,0,0,1],"scale":1,"type":"eca_bld_wood_fence_b"}
{"pos":[666.185364,-455.115875,53.2266731],"rotationMatrix":[-0.994399428,0.105686814,0,-0.105686814,-0.994399428,0,0,0,1],"scale":1,"type":"eca_bld_wood_fence_b"}
{"pos":[668.168457,-455.325378,53.2266731],"rotationMatrix":[-0.994399428,0.105686814,0,-0.105686814,-0.994399428,0,0,0,1],"scale":1,"type":"eca_bld_wood_fence_b"}
{"pos":[676.096191,-456.161865,53.2266731],"rotationMatrix":[-0.994399428,0.105686814,0,-0.105686814,-0.994399428,0,0,0,1],"scale":1,"type":"eca_bld_wood_fence_b"}
{"pos":[674.113098,-455.952362,53.2266731],"rotationMatrix":[-0.994399428,0.105686814,0,-0.105686814,-0.994399428,0,0,0,1],"scale":1,"type":"eca_bld_wood_fence_b"}
{"pos":[678.080933,-456.373505,53.2266731],"rotationMatrix":[-0.994399428,0.105686814,0,-0.105686814,-0.994399428,0,0,0,1],"scale":1,"type":"eca_bld_wood_fence_b"}
{"pos":[680.064026,-456.583008,53.2266731],"rotationMatrix":[-0.994399428,0.105686814,0,-0.105686814,-0.994399428,0,0,0,1],"scale":1,"type":"eca_bld_wood_fence_b"}
{"pos":[718.001892,-506.226013,57.3220329],"rotationMatrix":[-0.00115072727,0.999999285,0,-0.999999285,-0.00115072727,0,0,0,1],"scale":1,"type":"eca_bld_wood_fence_b"}
{"pos":[717.998352,-504.229065,57.250309],"rotationMatrix":[-0.00115072727,0.999999285,0,-0.999999285,-0.00115072727,0,0,0,1],"scale":1,"type":"eca_bld_wood_fence_b"}
{"pos":[718.008972,-510.218872,57.3220329],"rotationMatrix":[-0.00115072727,0.999999285,0,-0.999999285,-0.00115072727,0,0,0,1],"scale":1,"type":"eca_bld_wood_fence_b"}
{"pos":[718.005432,-508.221924,57.3220329],"rotationMatrix":[-0.00115072727,0.999999285,0,-0.999999285,-0.00115072727,0,0,0,1],"scale":1,"type":"eca_bld_wood_fence_b"}
{"pos":[718.009644,-512.215393,57.3220329],"rotationMatrix":[-0.00115072727,0.999999285,0,-0.999999285,-0.00115072727,0,0,0,1],"scale":1,"type":"eca_bld_wood_fence_b"}
{"pos":[718.728699,-502.307007,57.1200256],"rotationMatrix":[-0.998980641,0.0451430418,0,-0.0451430418,-0.998980641,0,0,0,1],"scale":1,"type":"eca_bld_wood_fence_b"}
{"pos":[720.720825,-502.396393,57.1091385],"rotationMatrix":[-0.998980641,0.0451430418,0,-0.0451430418,-0.998980641,0,0,0,1],"scale":1,"type":"eca_bld_wood_fence_b"}
{"pos":[712.76178,-502.041382,57.3220329],"rotationMatrix":[-0.998980641,0.0451430418,0,-0.0451430418,-0.998980641,0,0,0,1],"scale":1,"type":"eca_bld_wood_fence_b"}
{"pos":[714.744751,-502.128357,57.2312622],"rotationMatrix":[-0.998980641,0.0451430418,0,-0.0451430418,-0.998980641,0,0,0,1],"scale":1,"type":"eca_bld_wood_fence_b"}
{"pos":[716.736877,-502.217743,57.185379],"rotationMatrix":[-0.998980641,0.0451430418,0,-0.0451430418,-0.998980641,0,0,0,1],"scale":1,"type":"eca_bld_wood_fence_b"}
{"pos":[728.676331,-502.75061,56.9465752],"rotationMatrix":[-0.998980641,0.0451430418,0,-0.0451430418,-0.998980641,0,0,0,1],"scale":1,"type":"eca_bld_wood_fence_b"}
{"pos":[726.684204,-502.661224,56.9808044],"rotationMatrix":[-0.998980641,0.0451430418,0,-0.0451430418,-0.998980641,0,0,0,1],"scale":1,"type":"eca_bld_wood_fence_b"}
{"pos":[722.709106,-502.484863,57.0663643],"rotationMatrix":[-0.998980641,0.0451430418,0,-0.0451430418,-0.998980641,0,0,0,1],"scale":1,"type":"eca_bld_wood_fence_b"}
{"pos":[724.701233,-502.574249,57.0406952],"rotationMatrix":[-0.998980641,0.0451430418,0,-0.0451430418,-0.998980641,0,0,0,1],"scale":1,"type":"eca_bld_wood_fence_b"}
{"pos":[732.660278,-502.92926,56.8667221],"rotationMatrix":[-0.998980641,0.0451430418,0,-0.0451430418,-0.998980641,0,0,0,1],"scale":1,"type":"eca_bld_wood_fence_b"}
{"pos":[730.668152,-502.839874,56.8866844],"rotationMatrix":[-0.998980641,0.0451430418,0,-0.0451430418,-0.998980641,0,0,0,1],"scale":1,"type":"eca_bld_wood_fence_b"}
{"pos":[734.651001,-503.019989,56.8524666],"rotationMatrix":[-0.998980641,0.0451430418,0,-0.0451430418,-0.998980641,0,0,0,1],"scale":1,"type":"eca_bld_wood_fence_b"}
{"pos":[718.013184,-514.212341,57.3220329],"rotationMatrix":[-0.00115072727,0.999999285,0,-0.999999285,-0.00115072727,0,0,0,1],"scale":1,"type":"eca_bld_wood_fence_b"}
{"pos":[499.609161,-16.1808052,53.1070099],"rotationMatrix":[0.773596406,-0.633678615,0,0.633678615,0.773596406,0,0,0,1],"scale":1,"type":"eca_bld_wood_fence_b"}
{"pos":[498.05954,-14.9232178,53.1070099],"rotationMatrix":[0.773596406,-0.633678615,0,0.633678615,0.773596406,0,0,0,1],"scale":1,"type":"eca_bld_wood_fence_b"}
{"pos":[494.966431,-12.412343,53.1070099],"rotationMatrix":[0.773596406,-0.633678615,0,0.633678615,0.773596406,0,0,0,1],"scale":1,"type":"eca_bld_wood_fence_b"}
{"pos":[496.515991,-13.6699286,53.1070099],"rotationMatrix":[0.773596406,-0.633678615,0,0.633678615,0.773596406,0,0,0,1],"scale":1,"type":"eca_bld_wood_fence_b"}
{"pos":[503.874664,-19.6429443,53.1070099],"rotationMatrix":[0.773596406,-0.633678615,0,0.633678615,0.773596406,0,0,0,1],"scale":1,"type":"eca_bld_wood_fence_b"}
{"pos":[502.325104,-18.3853569,53.1070099],"rotationMatrix":[0.773596406,-0.633678615,0,0.633678615,0.773596406,0,0,0,1],"scale":1,"type":"eca_bld_wood_fence_b"}
{"pos":[505.418213,-20.8962326,53.1070099],"rotationMatrix":[0.773596406,-0.633678615,0,0.633678615,0.773596406,0,0,0,1],"scale":1,"type":"eca_bld_wood_fence_b"}
{"pos":[506.967834,-22.15382,53.1070099],"rotationMatrix":[0.773596406,-0.633678615,0,0.633678615,0.773596406,0,0,0,1],"scale":1,"type":"eca_bld_wood_fence_b"}
{"pos":[476.120239,-8.40174389,53.1070099],"rotationMatrix":[0.766426802,-0.6423316,0,0.6423316,0.766426802,0,0,0,1],"scale":1,"type":"eca_bld_wood_fence_b"}
{"pos":[474.584839,-7.12682343,53.1070099],"rotationMatrix":[0.766426802,-0.6423316,0,0.6423316,0.766426802,0,0,0,1],"scale":1,"type":"eca_bld_wood_fence_b"}
{"pos":[471.520142,-4.58134937,53.1070099],"rotationMatrix":[0.766426802,-0.6423316,0,0.6423316,0.766426802,0,0,0,1],"scale":1,"type":"eca_bld_wood_fence_b"}
{"pos":[473.055481,-5.85626888,53.1070099],"rotationMatrix":[0.766426802,-0.6423316,0,0.6423316,0.766426802,0,0,0,1],"scale":1,"type":"eca_bld_wood_fence_b"}
{"pos":[479.180725,-10.9385557,53.1070099],"rotationMatrix":[0.766426802,-0.6423316,0,0.6423316,0.766426802,0,0,0,1],"scale":1,"type":"eca_bld_wood_fence_b"}
{"pos":[477.645386,-9.66363621,53.1070099],"rotationMatrix":[0.766426802,-0.6423316,0,0.6423316,0.766426802,0,0,0,1],"scale":1,"type":"eca_bld_wood_fence_b"}
{"pos":[480.710083,-12.2091093,53.1070099],"rotationMatrix":[0.766426802,-0.6423316,0,0.6423316,0.766426802,0,0,0,1],"scale":1,"type":"eca_bld_wood_fence_b"}
{"pos":[482.245483,-13.4840298,53.1070099],"rotationMatrix":[0.766426802,-0.6423316,0,0.6423316,0.766426802,0,0,0,1],"scale":1,"type":"eca_bld_wood_fence_b"}
{"pos":[486.841827,-17.2960415,53.1070099],"rotationMatrix":[0.766426802,-0.6423316,0,0.6423316,0.766426802,0,0,0,1],"scale":1,"type":"eca_bld_wood_fence_b"}
{"pos":[483.77713,-14.7505674,53.1070099],"rotationMatrix":[0.766426802,-0.6423316,0,0.6423316,0.766426802,0,0,0,1],"scale":1,"type":"eca_bld_wood_fence_b"}
{"pos":[485.312469,-16.0254879,53.1070099],"rotationMatrix":[0.766426802,-0.6423316,0,0.6423316,0.766426802,0,0,0,1],"scale":1,"type":"eca_bld_wood_fence_b"}
{"pos":[497.264679,-3.39870977,53.1070099],"rotationMatrix":[0.766426802,-0.6423316,0,0.6423316,0.766426802,0,0,0,1],"scale":1,"type":"eca_bld_wood_fence_b"}
{"pos":[495.72934,-2.12379026,53.1070099],"rotationMatrix":[0.766426802,-0.6423316,0,0.6423316,0.766426802,0,0,0,1],"scale":1,