{"pos":[757.177979,-159.938004,54.1119995],"rotationMatrix":[0.0347838402,-0.99939537,0,0.99939537,0.0347838402,0,0,0,1],"scale":1,"type":"eca_bld_filler_wall_01"}
{"pos":[627.971985,-77.8225021,50.4179001],"rotationMatrix":[0.696735263,-0.717352688,0,0.717352688,0.696735263,0,0,0,1],"scale":1,"type":"eca_bld_filler_wall_01"}
{"pos":[653.460999,-119.834999,52.4501991],"rotationMatrix":[0.594639897,0.803967118,0,-0.803967118,0.594639897,0,0,0,1],"scale":1,"type":"eca_bld_filler_wall_01"}
{"pos":[635.274963,-88.6714096,51.2533989],"rotationMatrix":[0.58813113,-0.808762312,0,0.808762312,0.58813113,0,0,0,1],"scale":1,"type":"eca_bld_filler_wall_01"}
{"pos":[682.041992,-140.259003,51.8642006],"rotationMatrix":[0.760706365,-0.64911592,0,0.64911592,0.760706365,0,0,0,1],"scale":1,"type":"eca_bld_filler_wall_01"}
{"pos":[615.110535,-120.590408,52.0552711],"rotationMatrix":[0.782463908,-0.622662425,0,0.622662425,0.782463908,0,0,0,1],"scale":1,"type":"eca_bld_filler_wall_01"}
{"pos":[599.669983,-98.3544006,52.2891998],"rotationMatrix":[0.701080918,0.713122308,0,-0.713122308,0.701080918,0,0,0,1],"scale":1,"type":"eca_bld_filler_wall_01"}
{"pos":[608.853027,-87.4236984,52.4696007],"rotationMatrix":[0.683669388,0.729779541,0,-0.729779541,0.683669388,0,0,0,1],"scale":1,"type":"eca_bld_filler_wall_01"}
{"pos":[728.47699,-330.55899,54.6062012],"rotationMatrix":[0.0822585225,-0.996590853,0,0.996590853,0.0822585225,0,0,0,1],"scale":1,"type":"eca_bld_filler_wall_01"}
{"pos":[744.416992,-333.484009,57.1492996],"rotationMatrix":[0.997951984,0.0639680028,0,-0.0639680028,0.997951984,0,0,0,1],"scale":1,"type":"eca_bld_filler_wall_01"}
{"pos":[732.02002,-353.031006,60.4007988],"rotationMatrix":[0.994592011,-0.103854403,0,0.103854403,0.994592011,0,0,0,1],"scale":0.520799994,"type":"eca_bld_filler_wall_01"}
{"pos":[728.836975,-351.653992,56.3198013],"rotationMatrix":[0.132755458,-0.991174221,0,0.991174221,0.132755458,0,0,0,1],"scale":1,"type":"eca_bld_filler_wall_01"}
{"pos":[705.27002,-417.395996,57.0209007],"rotationMatrix":[0.307806253,-0.951516449,0,0.951516449,0.307806253,0,0,0,1],"scale":1,"type":"eca_bld_filler_wall_01"}
{"pos":[698.710022,-383.628998,56.2983017],"rotationMatrix":[-0.00734817982,0.999967337,0,-0.999967337,-0.00734817982,0,0,0,1],"scale":1,"type":"eca_bld_filler_wall_01"}
