{"pos":[21.7694912,-21.1920509,250.68576],"rotationMatrix":[-0.200939193,0.979603589,0,-0.979603589,-0.200939193,0,0,0,0.999999881],"scale":1.27889013,"type":"eca_rock_small_3"}
{"pos":[21.7767735,-22.9712582,251.354446],"rotationMatrix":[-0.979695141,-0.200492695,0,0.200492695,-0.979695141,0,0,0,0.999999881],"scale":1.24825478,"type":"eca_rock_small_3"}
{"pos":[-13.5035353,-38.2895622,252.617645],"rotationMatrix":[-0.168615431,0.985681832,0,-0.985681832,-0.168615431,0,0,0,0.999999881],"scale":0.825916767,"type":"eca_rock_small_3"}
{"pos":[23.8046646,-30.241066,254.24147],"rotationMatrix":[0.90493381,-0.42555204,0,0.42555204,0.90493381,0,0,0,0.999999881],"scale":0.996458113,"type":"eca_rock_small_3"}
{"pos":[-363.51889,163.700073,231.398438],"rotationMatrix":[-0.13106513,0.991373658,-0,-0.991373658,-0.13106513,0,-0,0,0.999999881],"scale":1.17694128,"type":"eca_rock_small_3"}
{"pos":[-20.0372028,126.399139,232.328094],"rotationMatrix":[-0.952886879,0.303325474,-0,-0.303325474,-0.952886879,0,-0,0,0.999999881],"scale":1.10165536,"type":"eca_rock_small_3"}
{"pos":[68.3137131,137.920471,232.731186],"rotationMatrix":[0.98704654,-0.16043365,0,0.16043365,0.98704654,0,-0,0,0.999999881],"scale":1.19362974,"type":"eca_rock_small_3"}
{"pos":[76.232933,142.616394,234.295959],"rotationMatrix":[0.939556658,-0.3423931,0,0.3423931,0.939556658,0,-0,0,0.999999881],"scale":0.870259106,"type":"eca_rock_small_3"}
{"pos":[93.4311066,150.084137,233.251114],"rotationMatrix":[-0.849195421,0.528078616,-0,-0.528078616,-0.849195421,0,-0,0,0.999999881],"scale":1.01817596,"type":"eca_rock_small_3"}
