{"pos":[672.782288,9.61568356,51.8097534],"rotationMatrix":[0.939770401,-0.341806114,0,0.341806114,0.939770401,0,0,0,0.999999881],"scale":1.07590294,"type":"eca_rock_small_3"}
{"pos":[672.930969,8.59636307,51.5839958],"rotationMatrix":[-0.677597821,0.735432446,0,-0.735432446,-0.677597821,0,0,0,0.999999881],"scale":0.877787173,"type":"eca_rock_small_3"}
{"pos":[698.475708,-1.66256428,50.7458611],"rotationMatrix":[0.952010334,0.306065887,0,-0.306065887,0.952010334,0,0,0,0.999999881],"scale":0.755417705,"type":"eca_rock_small_3"}
{"pos":[698.021606,-1.43109298,50.557785],"rotationMatrix":[0.159504637,0.987197101,0,-0.987197101,0.159504637,0,0,0,0.999999881],"scale":1.29279459,"type":"eca_rock_small_3"}
{"pos":[697.134521,-2.87268209,50.2748985],"rotationMatrix":[-0.615897655,0.787825942,0,-0.787825942,-0.615897655,0,0,0,0.999999881],"scale":1.00387514,"type":"eca_rock_small_3"}
{"pos":[692.324646,-22.9445992,49.3223419],"rotationMatrix":[0.697119832,-0.71695441,0,0.71695441,0.697119832,0,0,0,0.999999881],"scale":0.887679458,"type":"eca_rock_small_3"}
{"pos":[691.972778,-24.3370533,49.185482],"rotationMatrix":[-0.879398406,0.476086348,0,-0.476086348,-0.879398406,0,0,0,0.999999881],"scale":0.709556699,"type":"eca_rock_small_3"}
{"pos":[695.050232,-39.9497566,50.969429],"rotationMatrix":[0.931342244,-0.364144713,0,0.364144713,0.931342244,0,0,0,0.999999881],"scale":0.829048276,"type":"eca_rock_small_3"}
{"pos":[697.17157,-42.8612633,51.0985413],"rotationMatrix":[-0.70327872,-0.710914075,0,0.710914075,-0.70327872,0,0,0,0.999999881],"scale":0.795114875,"type":"eca_rock_small_3"}
{"pos":[699.686951,-41.674263,51.5589485],"rotationMatrix":[0.837156713,0.546963036,0,-0.546963036,0.837156713,0,0,0,0.999999881],"scale":0.77514416,"type":"eca_rock_small_3"}
{"pos":[693.973267,-58.2464256,51.3708267],"rotationMatrix":[0.840497077,0.541816056,0,-0.541816056,0.840497077,0,0,0,0.999999881],"scale":0.897500575,"type":"eca_rock_small_3"}
{"pos":[693.321228,-57.137352,51.2548027],"rotationMatrix":[-0.196233079,0.980557203,0,-0.980557203,-0.196233079,0,0,0,0.999999881],"scale":0.902452826,"type":"eca_rock_small_3"}
{"pos":[693.228699,-59.7742615,50.855442],"rotationMatrix":[0.357958317,-0.933737457,0,0.933737457,0.357958317,0,0,0,0.999999881],"scale":1.29848588,"type":"eca_rock_small_3"}
{"pos":[760.106506,1.96739268,52.6518059],"rotationMatrix":[-0.988220036,0.153039187,0,-0.153039187,-0.988220036,0,0,0,0.999999881],"scale":1.01331019,"type":"eca_rock_small_3"}
{"pos":[752.702087,-6.93865108,52.0343781],"rotationMatrix":[0.560548127,0.828121841,0,-0.828121841,0.560548127,0,0,0,0.999999881],"scale":1.14692008,"type":"eca_rock_small_3"}
{"pos":[760.595093,-4.67233181,52.1774368],"rotationMatrix":[0.993696511,-0.112103291,0,0.112103291,0.993696511,0,0,0,0.999999881],"scale":0.885102272,"type":"eca_rock_small_3"}
{"pos":[761.68573,-3.91604614,52.1548157],"rotationMatrix":[-0.996926069,0.0783470199,0,-0.0783470199,-0.996926069,0,0,0,0.999999881],"scale":1.0915488,"type":"eca_rock_small_3"}
{"pos":[767.727539,-7.1574564,51.8911591],"rotationMatrix":[-0.0278683007,0.999611497,0,-0.999611497,-0.0278683007,0,0,0,0.999999881],"scale":1.19226182,"type":"eca_rock_small_3"}
