{"pos":[21.6194592,-21.7882843,250.941071],"rotationMatrix":[-0.853072464,0.521792173,0,-0.521792173,-0.853072464,0,0,0,0.999999881],"scale":0.891482115,"type":"eca_rock_small_4"}
{"pos":[20.7324066,-31.6259613,252.021484],"rotationMatrix":[-0.782480121,-0.622675359,0,0.622675359,-0.782480121,0,0,0,0.999999881],"scale":0.763724744,"type":"eca_rock_small_4"}
{"pos":[35.494278,-13.0212402,251.269623],"rotationMatrix":[0.999589145,-0.0286597088,0,0.0286597088,0.999589145,0,0,0,0.999999881],"scale":0.916071713,"type":"eca_rock_small_4"}
{"pos":[3.74891448,-30.9439888,251.965912],"rotationMatrix":[0.99351728,0.113680422,0,-0.113680422,0.99351728,0,0,0,0.999999881],"scale":0.824745297,"type":"eca_rock_small_4"}
{"pos":[3.59686089,-28.9181271,251.809479],"rotationMatrix":[0.444785535,0.895637155,0,-0.895637155,0.444785535,0,0,0,0.999999881],"scale":0.710259616,"type":"eca_rock_small_4"}
{"pos":[3.88498902,-29.3492432,251.819473],"rotationMatrix":[0.893062532,0.449932575,0,-0.449932575,0.893062532,0,0,0,0.999999881],"scale":0.900816679,"type":"eca_rock_small_4"}
{"pos":[-13.4298897,-38.5242043,252.655777],"rotationMatrix":[-0.165162653,0.986266255,0,-0.986266255,-0.165162653,0,0,0,0.999999881],"scale":0.734401047,"type":"eca_rock_small_4"}
