{"pos":[-177.802002,-254.231995,37.7234993],"rotationMatrix":[0.105948031,-0.994341969,0,0.994341969,0.105948031,0,0,0,1],"scale":0.520500004,"type":"eca_drain_12m"}
{"pos":[-314.190002,-260.77301,36.7439995],"rotationMatrix":[0.0342280269,-0.999405146,0,0.999405146,0.0342280269,0,0,0,1],"scale":0.417600006,"type":"eca_drain_12m"}
{"pos":[-318.970001,-260.350006,36.4412003],"rotationMatrix":[-0.0144575834,0.999928832,0,-0.999928832,-0.0144575834,0,0,0,1],"scale":0.514199972,"type":"eca_drain_12m"}
{"pos":[-381.850006,-259.394012,35.5],"rotationMatrix":[0.0229331255,-0.999714613,-4.15928662e-06,0.999418855,0.0229262114,0.0243240409,-0.0243175607,-0.000561439432,0.999704123],"scale":0.330500007,"type":"eca_drain_12m"}
{"pos":[-385.997986,-259.558014,35.3546982],"rotationMatrix":[-0.0136032104,0.999934733,0,-0.999934733,-0.0136032104,0,0,0,1],"scale":0.316300005,"type":"eca_drain_12m"}
{"pos":[-452.945007,-362.69101,32.7543983],"rotationMatrix":[1,0,0,0,0.998996496,-0.0447865576,0,0.0447865576,0.998996496],"scale":1,"type":"eca_drain_12m"}
{"pos":[-716.03302,-362.506989,23.7863007],"rotationMatrix":[0.159154832,0.987253904,0,-0.987253904,0.159154832,0,0,0,1],"scale":0.469799995,"type":"eca_drain_12m"}
{"pos":[-722.424011,-361.428009,24.0296001],"rotationMatrix":[0.159154832,0.987253904,0,-0.987253904,0.159154832,0,0,0,1],"scale":0.414099991,"type":"eca_drain_12m"}
{"pos":[-515.176147,-722.409729,38.550499],"rotationMatrix":[0.763052762,-0.646338701,0,0.646338701,0.763052762,0,0,0,1],"scale":0.50029999,"type":"eca_drain_12m"}
{"pos":[-519.991272,-727.25946,38.3515015],"rotationMatrix":[0.788619995,-0.614894152,0,0.614894152,0.788619995,0,0,0,1],"scale":0.502200007,"type":"eca_drain_12m"}
{"pos":[-331.040985,643.950012,22.0310993],"rotationMatrix":[-0.0118954182,-0.999945521,0,0.999945521,-0.0118954182,0,0,0,1],"scale":0.379599988,"type":"eca_drain_12m"}
{"pos":[-328.022003,643.632019,22.2091999],"rotationMatrix":[0.0188797116,0.999750972,0,-0.999750972,0.0188797116,0,0,0,1],"scale":0.362699986,"type":"eca_drain_12m"}
{"pos":[-265.731995,218.181,29.5338001],"rotationMatrix":[0.648877978,-0.760904014,0,0.760904014,0.648877978,0,0,0,1],"scale":1,"type":"eca_drain_12m"}
{"pos":[-263.335999,220.231995,29.6033001],"rotationMatrix":[0.65820086,-0.752801359,0,0.752801359,0.65820086,0,0,0,1],"scale":1,"type":"eca_drain_12m"}
{"pos":[-370.588013,97.3636017,31.3118],"rotationMatrix":[0.707540512,0.706675231,0,-0.706675231,0.707540512,0,0,0,1],"scale":0.681599975,"type":"eca_drain_12m"}
{"pos":[-810.114014,853.179993,30.0632992],"rotationMatrix":[0.301674366,0.953358054,0,-0.953358054,0.301674366,0,0,0,1],"scale":1.11950004,"type":"eca_drain_12m"}
{"pos":[-808.844971,857.523987,29.7642002],"rotationMatrix":[0.302619517,0.953066945,0,-0.953066945,0.302619517,0,0,0,1],"scale":1.11670005,"type":"eca_drain_12m"}
{"pos":[-721.814026,134.996002,25.3069992],"rotationMatrix":[0.971343815,0.237676322,0,-0.237676322,0.971343815,0,0,0,1],"scale":0.617600024,"type":"eca_drain_12m"}
{"pos":[746.874023,-336.084015,57.9600983],"rotationMatrix":[1,0,0,0,1,0,0,0,1],"scale":0.33160001,"type":"eca_drain_12m"}
{"pos":[651.456726,-410.127197,45.4121017],"rotationMatrix":[-0.160069227,0.987185955,0,-0.987185955,-0.160069227,0,0,0,1],"scale":1,"type":"eca_drain_12m"}
{"pos":[620.359009,-257.713989,41.6217003],"rotationMatrix":[0.18182373,0.983321011,0,-0.983321011,0.18182373,0,0,0,1],"scale":1,"type":"eca_drain_12m"}
{"pos":[747.799133,-759.135559,38.3580017],"rotationMatrix":[0.987170577,-0.159669563,0,0.159669563,0.987170577,0,0,0,1],"scale":1,"type":"eca_drain_12m"}
{"pos":[162.781006,-659.823975,38.4361],"rotationMatrix":[0.982734084,0.185006186,-0.00288895983,-0.184995934,0.982734084,0.00348351989,0.00348351989,-0.00288895983,0.999989748],"scale":0.70630002,"type":"eca_drain_12m"}
{"pos":[86.4396973,110.386002,83.2829971],"rotationMatrix":[-0.462391973,0.886738598,0,-0.886738598,-0.462391973,0,0,0,1],"scale":1,"type":"eca_drain_12m"}
