{"pos":[74.4758453,141.803864,234.17775],"rotationMatrix":[0.448030025,-0.894018471,0,0.894018471,0.448030025,0,0,0,0.999999881],"scale":1.27632594,"type":"eca_rock_small"}
