{"pos":[751.52832,-4.53857374,51.5188446],"rotationMatrix":[0.900442958,-0.434973747,0,0.434973747,0.900442958,0,0,0,0.999999881],"scale":1.10806966,"type":"eca_rock_big_wide"}
{"pos":[762.779907,4.92097855,51.3050842],"rotationMatrix":[0.0601278581,0.998190582,0,-0.998190582,0.0601278581,0,0,0,0.999999881],"scale":1.17162478,"type":"eca_rock_big_wide"}
{"pos":[665.927734,-18.5882969,49.4326782],"rotationMatrix":[-0.0903531015,0.995909631,0,-0.995909631,-0.0903531015,0,0,0,0.999999762],"scale":1.17162478,"type":"eca_rock_big_wide"}
{"pos":[665.927734,-33.8025436,49.8587837],"rotationMatrix":[-0.090353094,0.993475735,-0.069583334,-0.995909572,-0.0901322886,0.00631289184,0,0.0698691159,0.997555792],"scale":1.17162478,"type":"eca_rock_big_wide"}
{"pos":[757.437195,26.4097004,52.1299858],"rotationMatrix":[0.997122049,-0.0550539494,-0.0521107167,0.0620278269,0.197371572,0.978363693,-0.0435776487,-0.978781164,0.200218484],"scale":1.10806966,"type":"eca_rock_big_wide"}
{"pos":[762.561951,26.51548,52.1299858],"rotationMatrix":[0.99982059,-0.00209781551,-0.0188000705,0.0189167485,0.110877343,0.993653476,0,-0.993831575,0.110897131],"scale":1.10806966,"type":"eca_rock_big_wide"}
{"pos":[767.942322,26.51548,52.1299858],"rotationMatrix":[0.99982065,0.00375761371,0.0185397901,0.0189167503,-0.198603839,-0.979896784,0,0.98007232,-0.198639363],"scale":1.10806966,"type":"eca_rock_big_wide"}
{"pos":[773.688965,26.51548,52.1299858],"rotationMatrix":[-0.999245942,0.0377213024,0.00913832523,-0.0113840764,-0.0597565621,-0.998147249,-0.0371053778,-0.997499466,0.060141027],"scale":1.10806966,"type":"eca_rock_big_wide"}
{"pos":[779.264832,26.51548,52.1299858],"rotationMatrix":[0.99982059,-0.000409997068,-0.0189123079,0.0189167485,0.0216698647,0.999585688,0,-0.9997648,0.0216736943],"scale":1.10806966,"type":"eca_rock_big_wide"}
{"pos":[783.312378,26.51548,52.1299858],"rotationMatrix":[0.99982065,0.00375761371,0.0185397901,0.0189167503,-0.198603839,-0.979896784,0,0.98007232,-0.198639363],"scale":1.10806966,"type":"eca_rock_big_wide"}
{"pos":[721.888184,26.379118,52.1299858],"rotationMatrix":[0.99982059,-0.00209781551,-0.0188000705,0.0189167485,0.110877343,0.993653476,0,-0.993831575,0.110897131],"scale":1.10806966,"type":"eca_rock_big_wide"}
{"pos":[716.763428,26.2733383,52.1299858],"rotationMatrix":[0.997122049,-0.0550539494,-0.0521107167,0.0620278269,0.197371572,0.978363693,-0.0435776487,-0.978781164,0.200218484],"scale":1.10806966,"type":"eca_rock_big_wide"}
{"pos":[727.268555,26.379118,52.1299858],"rotationMatrix":[0.99982065,0.00375761371,0.0185397901,0.0189167503,-0.198603839,-0.979896784,0,0.98007232,-0.198639363],"scale":1.10806966,"type":"eca_rock_big_wide"}
{"pos":[711.940735,26.379118,52.22332],"rotationMatrix":[0.99982053,-0.00354668009,-0.0185812917,0.0189167466,0.187455237,0.982090354,0,-0.982266426,0.18748872],"scale":1.10806966,"type":"eca_rock_big_wide"}
{"pos":[707.061462,28.1449413,52.22332],"rotationMatrix":[0.670411348,-0.741777241,-0.0177073292,0.151660532,0.113630489,0.981878459,-0.726323843,-0.660948753,0.188677564],"scale":1.10806966,"type":"eca_rock_big_wide"}
{"pos":[703.493408,32.7770576,51.4901924],"rotationMatrix":[0.40412131,-0.906430244,0.122753389,0.179634631,0.210232288,0.961005509,-0.896892369,-0.366312623,0.247785747],"scale":1.10806966,"type":"eca_rock_big_wide"}
{"pos":[732.168335,28.5864277,52.1299858],"rotationMatrix":[0.734722674,0.67811352,0.0185397882,0.148098782,-0.133671522,-0.979896665,-0.662003398,0.722698569,-0.198639333],"scale":1.10806966,"type":"eca_rock_big_wide"}
{"pos":[733.950562,34.0936203,52.1299858],"rotationMatrix":[-0.0251141191,0.999512076,0.0185397863,0.198154405,0.0231548399,-0.979896545,-0.979848623,-0.0209355056,-0.198639303],"scale":1.10806966,"type":"eca_rock_big_wide"}
{"pos":[733.979797,40.2474785,51.9631042],"rotationMatrix":[-0.0267900117,0.999512017,0.0160230398,0.292028993,0.023154838,-0.95612824,-0.956033707,-0.0209355038,-0.292506993],"scale":1.10806966,"type":"eca_rock_big_wide"}
{"pos":[750.097473,34.0936203,52.0394135],"rotationMatrix":[0.0142151285,0.999512017,-0.0277915969,0.25947392,0.023154838,0.965471685,0.965645075,-0.0209355038,-0.25901857],"scale":1.10806966,"type":"eca_rock_big_wide"}
{"pos":[750.14563,40.2474747,51.9151917],"rotationMatrix":[0.016837256,0.999511957,-0.0262859166,0.16484803,0.0231548361,0.986046314,0.986174822,-0.0209355019,-0.164378077],"scale":1.10806966,"type":"eca_rock_big_wide"}
{"pos":[752.123108,28.4650288,52.1299858],"rotationMatrix":[0.69942373,-0.712804139,-0.0521107092,0.178861305,0.103978932,0.978363574,-0.691963851,-0.69361192,0.200218454],"scale":1.10806966,"type":"eca_rock_big_wide"}
