{"pos":[671.643982,7.17443895,50.7087784],"rotationMatrix":[0.737521589,0.675323546,0,-0.675323546,0.737521589,0,0,0,0.999999881],"scale":1.24080217,"type":"eca_rock_medium_2"}
{"pos":[818.938232,31.4238377,56.5590515],"rotationMatrix":[0.807142794,0.462363154,0.367070317,-0.590356052,0.63214916,0.50186348,0,-0.621777773,0.783193469],"scale":1.08220291,"type":"eca_rock_medium_2"}
{"pos":[739.440186,-190.841858,57.5175934],"rotationMatrix":[0.999001741,-0.0446684062,0,0.0446684062,0.999001741,0,-0,0,0.999999881],"scale":1.19504046,"type":"eca_rock_medium_2"}
{"pos":[742.522705,-190.570953,57.6033554],"rotationMatrix":[-0.429864228,0.902893424,-0,-0.902893424,-0.429864228,0,-0,0,0.999999881],"scale":1.22793257,"type":"eca_rock_medium_2"}
{"pos":[753.223938,-221.198288,66.2419586],"rotationMatrix":[2.06788409e-05,0.999999881,0,-0.999999881,2.06788409e-05,-0,-0,0,0.999999881],"scale":1.17565811,"type":"eca_rock_medium_2"}
{"pos":[709.027161,-128.012497,58.268116],"rotationMatrix":[0.609576166,0.79272753,0,-0.79272753,0.609576166,-0,-0,0,0.999999881],"scale":1.24938989,"type":"eca_rock_medium_2"}
{"pos":[762.514771,-235.66362,69.6246338],"rotationMatrix":[0.933657706,0.358166367,0,-0.358166367,0.933657706,-0,-0,0,0.999999881],"scale":1.04057014,"type":"eca_rock_medium_2"}
{"pos":[784.172668,-197.944443,70.7818756],"rotationMatrix":[-0.7807163,-0.624885619,0,0.624885619,-0.7807163,0,-0,0,0.999999881],"scale":1.29511523,"type":"eca_rock_medium_2"}
{"pos":[803.347534,-178.42038,70.8523788],"rotationMatrix":[-0.528602719,-0.848869145,0,0.848869145,-0.528602719,0,-0,0,0.999999881],"scale":1.03957915,"type":"eca_rock_medium_2"}
{"pos":[807.001221,-175.149521,70.8498611],"rotationMatrix":[-0.981363237,-0.192161322,0,0.192161322,-0.981363237,0,-0,0,0.999999881],"scale":1.16304278,"type":"eca_rock_medium_2"}
{"pos":[829.358215,-152.294693,69.488678],"rotationMatrix":[0.458261371,-0.88881731,0,0.88881731,0.458261371,0,-0,0,0.999999881],"scale":1.29846263,"type":"eca_rock_medium_2"}
{"pos":[694.764954,-210.968246,58.1986771],"rotationMatrix":[0.513539195,0.858066142,0,-0.858066142,0.513539195,-0,-0,0,0.999999881],"scale":1.27036393,"type":"eca_rock_medium_2"}
