{"pos":[32.311882,-16.0765324,254.13562],"rotationMatrix":[-0.888767242,-0.458358854,0,0.458358854,-0.888767242,0,0,0,0.999999881],"scale":0.974986792,"type":"eca_rock_small_5"}
{"pos":[31.6750584,-16.1692905,254.145554],"rotationMatrix":[-0.336283952,0.94176048,0,-0.94176048,-0.336283952,0,0,0,0.999999881],"scale":0.980436563,"type":"eca_rock_small_5"}
{"pos":[24.6478882,-24.5978298,254.235901],"rotationMatrix":[0.999181926,0.0404393636,0,-0.0404393636,0.999181926,0,0,0,0.999999881],"scale":1.18230164,"type":"eca_rock_small_5"}
{"pos":[24.7175388,-24.9541931,254.252579],"rotationMatrix":[0.506079495,0.862486839,0,-0.862486839,0.506079495,0,0,0,0.999999881],"scale":1.12090719,"type":"eca_rock_small_5"}
{"pos":[4.036273,-31.3056755,252.005951],"rotationMatrix":[-0.996792734,-0.0800264552,0,0.0800264552,-0.996792734,0,0,0,0.999999881],"scale":0.740318,"type":"eca_rock_small_5"}
{"pos":[5.70139742,-38.9908066,253.156464],"rotationMatrix":[-0.0212122407,0.999774873,0,-0.999774873,-0.0212122407,0,0,0,0.999999881],"scale":0.772182524,"type":"eca_rock_small_5"}
{"pos":[22.471014,-39.1447411,253.994827],"rotationMatrix":[-0.933120668,0.359563053,0,-0.359563053,-0.933120668,0,0,0,0.999999881],"scale":0.780156851,"type":"eca_rock_small_5"}
{"pos":[225.588943,45.1809807,252.490814],"rotationMatrix":[-0.199405909,-0.97991693,0,0.97991693,-0.199405909,0,0,0,0.999999881],"scale":1.0377233,"type":"eca_rock_small_5"}
{"pos":[15.6693897,114.351204,233.197327],"rotationMatrix":[0.780405939,-0.625272989,0,0.625272989,0.780405939,0,0,0,0.999999881],"scale":1.12011945,"type":"eca_rock_small_5"}
