{"pos":[775.046021,-168.962997,53.3679008],"rotationMatrix":[-1,0,0,0,-1,0,0,0,1],"scale":1,"type":"eca_bld_shop_town_e"}
{"pos":[710.468018,-242.996002,53.4837952],"rotationMatrix":[-0.726453543,0.68716234,0,-0.68716234,-0.726453543,0,0,0,1],"scale":1,"type":"eca_bld_shop_town_e"}
{"pos":[745.648987,-187.955994,53.5355034],"rotationMatrix":[1.92523003e-05,-0.999980748,0,0.999980748,1.92523003e-05,0,0,0,1],"scale":1,"type":"eca_bld_shop_town_e"}
{"pos":[677.789978,-212.320999,53.4685211],"rotationMatrix":[-0.728684187,0.684631109,0,-0.684631109,-0.728684187,0,0,0,1],"scale":1,"type":"eca_bld_shop_town_e"}
{"pos":[595.611023,-103.445,53.3671989],"rotationMatrix":[0.768119514,-0.640276194,0,0.640276194,0.768119514,0,0,0,1],"scale":1,"type":"eca_bld_shop_town_e"}
{"pos":[727.558716,-259.559204,53.4415741],"rotationMatrix":[-0.693904161,0.719858646,0,-0.719858646,-0.693904161,0,0,0,1],"scale":1,"type":"eca_bld_shop_town_e"}
