{"pos":[754.840698,5.86607265,52.0493889],"rotationMatrix":[0.986648142,0.162865788,0,-0.162865788,0.986648142,0,0,0,0.999999881],"scale":1.09862232,"type":"eca_rock_small"}
{"pos":[756.132507,-12.1340055,52.2044563],"rotationMatrix":[0.902025461,-0.431682706,0,0.431682706,0.902025461,0,0,0,0.999999881],"scale":1.1965611,"type":"eca_rock_small"}
{"pos":[761.403687,-3.92406178,52.1755257],"rotationMatrix":[-0.998342037,0.0575587377,0,-0.0575587377,-0.998342037,0,0,0,0.999999881],"scale":1.27730072,"type":"eca_rock_small"}
{"pos":[727.824402,5.23669815,52.0493889],"rotationMatrix":[0.986648142,0.162865788,0,-0.162865788,0.986648142,0,0,0,0.999999881],"scale":1.09862232,"type":"eca_rock_small"}
{"pos":[777.512634,24.7103596,51.7676315],"rotationMatrix":[-0.568634868,-0.822589755,0,0.822589755,-0.568634868,0,0,0,0.999999762],"scale":1.09862232,"type":"eca_rock_small"}
{"pos":[704.178711,58.7154388,54.9698334],"rotationMatrix":[-0.10587845,-0.994378984,0,0.994378984,-0.10587845,0,0,0,0.999999881],"scale":0.745490134,"type":"eca_rock_small"}
{"pos":[709.053223,-179.041672,58.7254372],"rotationMatrix":[-0.454634875,0.89067775,-0,-0.89067775,-0.454634875,0,-0,0,0.999999881],"scale":1.23393583,"type":"eca_rock_small"}
{"pos":[713.994263,-168.464554,59.6502151],"rotationMatrix":[0.882179022,0.470914096,0,-0.470914096,0.882179022,-0,-0,0,0.999999881],"scale":0.994190633,"type":"eca_rock_small"}
{"pos":[721.784912,-165.630936,58.9527512],"rotationMatrix":[0.880237103,-0.474533975,0,0.474533975,0.880237103,0,-0,0,0.999999881],"scale":1.21546364,"type":"eca_rock_small"}
