{"pos":[753.127014,-325.468994,54.2285004],"rotationMatrix":[-0.15185833,0.98839134,0,-0.98839134,-0.15185833,0,0,0,1],"scale":1,"type":"eca_bld_townblock_a"}
{"pos":[785.591003,-365.782013,54.0289993],"rotationMatrix":[0.0478000045,-0.998844028,0,0.998844028,0.0478000045,0,0,0,1],"scale":1,"type":"eca_bld_townblock_a"}
{"pos":[789.338013,-422.569,53.9930992],"rotationMatrix":[0.0722055435,-0.997402906,0,0.997402906,0.0722055435,0,0,0,1],"scale":1,"type":"eca_bld_townblock_a"}
{"pos":[788.726013,-414.115997,53.9930992],"rotationMatrix":[0.0722055435,-0.997402906,0,0.997402906,0.0722055435,0,0,0,1],"scale":1,"type":"eca_bld_townblock_a"}
{"pos":[753.60199,-482.967987,57.2294006],"rotationMatrix":[0.997951984,-0.0639680028,0,0.0639680028,0.997951984,0,0,0,1],"scale":1,"type":"eca_bld_townblock_a"}
{"pos":[759.54303,-438.958008,54.3973999],"rotationMatrix":[-0.0414130688,0.999127388,0,-0.999127388,-0.0414130688,0,0,0,1],"scale":1,"type":"eca_bld_townblock_a"}
{"pos":[764.197021,-468.484009,54.1921997],"rotationMatrix":[-0.998000383,0.0603698008,0,-0.0603698008,-0.998000383,0,0,0,1],"scale":1,"type":"eca_bld_townblock_a"}
{"pos":[788.474976,-472.644989,55.0979004],"rotationMatrix":[0.0121443868,-0.999943793,0,0.999943793,0.0121443868,0,0,0,1],"scale":1,"type":"eca_bld_townblock_a"}
{"pos":[788.380981,-482.380005,56.4210014],"rotationMatrix":[0.0367279649,-0.999360025,0,0.999360025,0.0367279649,0,0,0,1],"scale":1,"type":"eca_bld_townblock_a"}
{"pos":[745.685974,-235.649994,53.3017998],"rotationMatrix":[0.00058478117,0.999980748,0,-0.999980748,0.00058478117,0,0,0,1],"scale":1,"type":"eca_bld_townblock_a"}
{"pos":[747.078003,-239.419006,53.3153],"rotationMatrix":[0.651387513,-0.758764446,0,0.758764446,0.651387513,0,0,0,1],"scale":1,"type":"eca_bld_townblock_a"}
{"pos":[741.031982,-333.056,56.6099014],"rotationMatrix":[0.0447615981,-0.999054193,0,0.999054193,0.0447615981,0,0,0,1],"scale":1,"type":"eca_bld_townblock_a"}
{"pos":[724.786011,-481.36499,57.3647003],"rotationMatrix":[-0.999599934,0.030796919,0,-0.030796919,-0.999599934,0,0,0,1],"scale":1,"type":"eca_bld_townblock_a"}
