{"pos":[716.577393,-45.2606812,51.876358],"rotationMatrix":[-0.913536251,-0.406757027,0,0.406757027,-0.913536251,0,0,0,0.999999881],"scale":1.14559615,"type":"eca_rock_small_4"}
{"pos":[722.943542,-39.4725266,51.9074745],"rotationMatrix":[0.241428599,-0.970418513,0,0.970418513,0.241428599,0,0,0,0.999999881],"scale":0.826639771,"type":"eca_rock_small_4"}
{"pos":[722.66626,-39.3815651,51.8829117],"rotationMatrix":[-0.344479829,-0.938793659,0,0.938793659,-0.344479829,0,0,0,0.999999881],"scale":1.22123587,"type":"eca_rock_small_4"}
{"pos":[726.354858,-50.2484169,51.9195824],"rotationMatrix":[0.886089623,0.463513911,0,-0.463513911,0.886089623,0,0,0,0.999999881],"scale":0.781646013,"type":"eca_rock_small_4"}
{"pos":[706.672241,-66.8327484,51.876358],"rotationMatrix":[-0.673433542,-0.73924768,0,0.73924768,-0.673433542,0,0,0,0.999999762],"scale":1.14559615,"type":"eca_rock_small_4"}
{"pos":[673.554871,0.586777449,49.0831642],"rotationMatrix":[-0.581977546,0.813204646,0,-0.813204646,-0.581977546,0,0,0,0.999999881],"scale":0.944865167,"type":"eca_rock_small_4"}
{"pos":[671.72406,1.40861225,49.6267166],"rotationMatrix":[0.999691665,0.0248280894,0,-0.0248280894,0.999691665,0,0,0,0.999999881],"scale":1.03209805,"type":"eca_rock_small_4"}
{"pos":[673.300537,1.43673301,49.3099747],"rotationMatrix":[-0.370361269,-0.928887725,0,0.928887725,-0.370361269,0,0,0,0.999999881],"scale":1.1901257,"type":"eca_rock_small_4"}
{"pos":[672.678589,0.829185009,49.3027382],"rotationMatrix":[-0.963404119,0.268052697,0,-0.268052697,-0.963404119,0,0,0,0.999999881],"scale":0.72987324,"type":"eca_rock_small_4"}
{"pos":[673.20636,8.99550056,51.6514015],"rotationMatrix":[-0.979077637,-0.203486919,0,0.203486919,-0.979077637,0,0,0,0.999999881],"scale":1.10715008,"type":"eca_rock_small_4"}
{"pos":[698.020386,-2.31566525,50.6189499],"rotationMatrix":[0.998491704,-0.0549007989,0,0.0549007989,0.998491704,0,0,0,0.999999881],"scale":0.969110131,"type":"eca_rock_small_4"}
{"pos":[697.348816,-1.29945254,50.3084984],"rotationMatrix":[0.986299694,-0.16496256,0,0.16496256,0.986299694,0,0,0,0.999999881],"scale":1.25539184,"type":"eca_rock_small_4"}
{"pos":[696.358032,-1.56443906,49.9516716],"rotationMatrix":[0.794726431,0.606967747,0,-0.606967747,0.794726431,0,0,0,0.999999881],"scale":0.82816714,"type":"eca_rock_small_4"}
{"pos":[698.981689,-1.04605722,50.8830109],"rotationMatrix":[0.56996876,0.82166636,0,-0.82166636,0.56996876,0,0,0,0.999999881],"scale":1.15019357,"type":"eca_rock_small_4"}
{"pos":[692.670166,-23.8711472,49.5708961],"rotationMatrix":[-0.982491672,0.186306164,0,-0.186306164,-0.982491672,0,0,0,0.999999881],"scale":0.962297916,"type":"eca_rock_small_4"}
{"pos":[693.839355,-24.6206322,50.2596664],"rotationMatrix":[-0.221001819,-0.975273311,0,0.975273311,-0.221001819,0,0,0,0.999999881],"scale":0.755821288,"type":"eca_rock_small_4"}
{"pos":[693.246338,-23.8387623,49.8887329],"rotationMatrix":[-0.944252729,0.329221368,0,-0.329221368,-0.944252729,0,0,0,0.999999881],"scale":1.03844821,"type":"eca_rock_small_4"}
{"pos":[692.992676,-23.2069912,49.7481003],"rotationMatrix":[0.859337211,0.511409283,0,-0.511409283,0.859337211,0,0,0,0.999999881],"scale":0.705501676,"type":"eca_rock_small_4"}
{"pos":[693.207581,-23.6314411,49.8944168],"rotationMatrix":[0.880792201,0.473502874,0,-0.473502874,0.880792201,0,0,0,0.999999881],"scale":0.714887202,"type":"eca_rock_small_4"}
{"pos":[696.662048,-42.5317345,51.0210419],"rotationMatrix":[0.0877287313,-0.996144235,0,0.996144235,0.0877287313,0,0,0,0.999999881],"scale":0.808187187,"type":"eca_rock_small_4"}
{"pos":[696.735168,-41.0327263,51.1856499],"rotationMatrix":[-0.948480785,-0.316834301,0,0.316834301,-0.948480785,0,0,0,0.999999881],"scale":0.937784672,"type":"eca_rock_small_4"}
{"pos":[697.081909,-40.7579193,51.3148499],"rotationMatrix":[0.632871687,0.774256706,0,-0.774256706,0.632871687,0,0,0,0.999999881],"scale":0.873443246,"type":"eca_rock_small_4"}
{"pos":[696.964783,-41.9911346,51.1283951],"rotationMatrix":[-0.938920796,-0.344133377,0,0.344133377,-0.938920796,0,0,0,0.999999881],"scale":0.943953395,"type":"eca_rock_small_4"}
{"pos":[699.283386,-40.7319641,51.5917473],"rotationMatrix":[-0.842512488,0.53867656,0,-0.53867656,-0.842512488,0,0,0,0.999999881],"scale":1.29754829,"type":"eca_rock_small_4"}
{"pos":[690.640076,-59.3988037,49.7417564],"rotationMatrix":[0.162859082,0.986649215,0,-0.986649215,0.162859082,0,0,0,0.999999881],"scale":1.16641724,"type":"eca_rock_small_4"}
{"pos":[693.481506,-58.64217,51.1420288],"rotationMatrix":[0.0250095818,0.999687135,0,-0.999687135,0.0250095818,0,0,0,0.999999881],"scale":0.800543189,"type":"eca_rock_small_4"}
{"pos":[693.029846,-58.2402611,50.9789505],"rotationMatrix":[0.987812579,-0.155647621,0,0.155647621,0.987812579,0,0,0,0.999999881],"scale":1.00409842,"type":"eca_rock_small_4"}
{"pos":[693.668823,-58.3431015,51.2659988],"rotationMatrix":[-0.728154361,0.685412884,0,-0.685412884,-0.728154361,0,0,0,0.999999881],"scale":0.8754282,"type":"eca_rock_small_4"}
{"pos":[692.321472,-59.5851707,50.5177116],"rotationMatrix":[0.798293948,0.60226804,0,-0.60226804,0.798293948,0,0,0,0.999999881],"scale":0.713809311,"type":"eca_rock_small_4"}
{"pos":[753.945496,4.4340229,52.0391312],"rotationMatrix":[0.934638739,-0.355598509,0,0.355598509,0.934638739,0,0,0,0.999999881],"scale":0.802054703,"type":"eca_rock_small_4"}
{"pos":[773.283264,3.64991784,52.0429192],"rotationMatrix":[-0.936831236,0.349781632,0,-0.349781632,-0.936831236,0,0,0,0.999999881],"scale":1.13655579,"type":"eca_rock_small_4"}
{"pos":[774.184021,4.98561001,52.0009575],"rotationMatrix":[0.246820062,-0.969061196,0,0.969061196,0.246820062,0,0,0,0.999999881],"scale":0.780692637,"type":"eca_rock_small_4"}
{"pos":[767.091003,2.74420309,52.2019348],"rotationMatrix":[0.0410824344,0.999155641,0,-0.999155641,0.0410824344,0,0,0,0.999999881],"scale":0.967403531,"type":"eca_rock_small_4"}
{"pos":[766.706299,4.89225483,52.1319809],"rotationMatrix":[-0.489679694,0.871902287,0,-0.871902287,-0.489679694,0,0,0,0.999999881],"scale":1.1887753,"type":"eca_rock_small_4"}
{"pos":[752.069824,-7.61321306,52.0540657],"rotationMatrix":[0.499863952,-0.866103828,0,0.866103828,0.499863952,0,0,0,0.999999881],"scale":0.949910998,"type":"eca_rock_small_4"}
{"pos":[755.366394,-12.1817102,52.2291641],"rotationMatrix":[0.676832139,0.73613739,0,-0.73613739,0.676832139,0,0,0,0.999999881],"scale":0.917983472,"type":"eca_rock_small_4"}
{"pos":[756.887329,-12.0594034,52.2041588],"rotationMatrix":[0.251945227,-0.96774143,0,0.96774143,0.251945227,0,0,0,0.999999881],"scale":0.836176753,"type":"eca_rock_small_4"}
{"pos":[759.036072,-4.9112606,52.1572227],"rotationMatrix":[-0.834169328,-0.551508188,0,0.551508188,-0.834169328,0,0,0,0.999999881],"scale":1.07243466,"type":"eca_rock_small_4"}
{"pos":[761.131409,-8.04865646,52.1868477],"rotationMatrix":[-0.868833959,0.49510324,0,-0.49510324,-0.868833959,0,0,0,0.999999881],"scale":0.878307402,"type":"eca_rock_small_4"}
{"pos":[759.753662,-4.59326744,52.1767235],"rotationMatrix":[0.621291816,0.78357929,0,-0.78357929,0.621291816,0,0,0,0.999999881],"scale":1.13625491,"type":"eca_rock_small_4"}
{"pos":[759.561218,-4.82674599,52.1508293],"rotationMatrix":[-0.929356039,-0.369184613,0,0.369184613,-0.929356039,0,0,0,0.999999881],"scale":0.934794009,"type":"eca_rock_small_4"}
{"pos":[761.926575,-6.53400898,52.1758537],"rotationMatrix":[-0.903939188,0.427661031,0,-0.427661031,-0.903939188,0,0,0,0.999999881],"scale":0.908780038,"type":"eca_rock_small_4"}
{"pos":[759.387146,-7.89362574,52.1696129],"rotationMatrix":[0.93026191,-0.366895884,0,0.366895884,0.93026191,0,0,0,0.999999881],"scale":1.01214552,"type":"eca_rock_small_4"}
{"pos":[760.521545,-4.01445866,52.1674995],"rotationMatrix":[0.574428797,0.818554521,0,-0.818554521,0.574428797,0,0,0,0.999999881],"scale":1.21880043,"type":"eca_rock_small_4"}
{"pos":[767.474182,-7.53247786,51.8958702],"rotationMatrix":[-0.902395964,0.430907577,0,-0.430907577,-0.902395964,0,0,0,0.999999881],"scale":0.799593389,