{"pos":[770.857971,-462.570648,59.8972931],"rotationMatrix":[-0.998581886,0.05290512,0.00593784358,-0.0529051796,-0.998599529,0.000147275801,0.00593731925,-0.000167075748,0.999982357],"scale":1,"type":"electrical_poleattach"}
{"pos":[770.866272,-462.570892,61.2972717],"rotationMatrix":[-0.998581886,0.05290512,0.00593784358,-0.0529051796,-0.998599529,0.000147275801,0.00593731925,-0.000167075748,0.999982357],"scale":1,"type":"electrical_poleattach"}
{"pos":[692.038574,-488.791962,64.3721619],"rotationMatrix":[0.985174656,0.169994816,0.0230783727,-0.171554223,0.976219416,0.132531852,1.72253408e-07,-0.134526223,0.990909994],"scale":1,"type":"electrical_poleattach"}
{"pos":[734.217468,-490.934265,63.9997864],"rotationMatrix":[0.998613596,-0.0526396148,-1.74845553e-07,0.0526396148,0.998613596,1.46549439e-14,1.74603144e-07,-9.20381815e-09,1],"scale":1,"type":"electrical_poleattach"}
{"pos":[770.279236,-488.735931,62.6621094],"rotationMatrix":[-0.998613596,0.0526394024,-1.74845553e-07,-0.0526394024,-0.998613596,1.50990331e-14,-1.74603144e-07,9.20378085e-09,1],"scale":1,"type":"electrical_poleattach"}
{"pos":[768.343018,-444.064026,61.3154526],"rotationMatrix":[-0.998613596,0.0526394024,-1.74845553e-07,-0.0526394024,-0.998613596,1.50990331e-14,-1.74603144e-07,9.20378085e-09,1],"scale":1,"type":"electrical_poleattach"}
{"pos":[768.343018,-444.064026,59.915451],"rotationMatrix":[-0.998613596,0.0526394024,-1.74845553e-07,-0.0526394024,-0.998613596,1.50990331e-14,-1.74603144e-07,9.20378085e-09,1],"scale":1,"type":"electrical_poleattach"}
{"pos":[800.539856,-328.996185,60.3529282],"rotationMatrix":[0.302555025,-0.953131855,-1.74845553e-07,0.953131855,0.302555025,1.42108547e-14,5.29003756e-08,-1.66650878e-07,1],"scale":1,"type":"electrical_poleattach"}
{"pos":[840.646973,-301.524414,60.8551636],"rotationMatrix":[0.998613596,-0.0526396148,-1.74845553e-07,0.0526396148,0.998613596,1.46549439e-14,1.74603144e-07,-9.20381815e-09,1],"scale":1,"type":"electrical_poleattach"}
{"pos":[840.672546,-301.528809,59.451725],"rotationMatrix":[0.998613596,-0.0526396148,-1.74845553e-07,0.0526396148,0.998613596,1.46549439e-14,1.74603144e-07,-9.20381815e-09,1],"scale":1,"type":"electrical_poleattach"}
{"pos":[841.869446,-248.530609,60.6695862],"rotationMatrix":[0.998613596,-0.0526396148,-1.74845553e-07,0.0526396148,0.998613596,1.46549439e-14,1.74603144e-07,-9.20381815e-09,1],"scale":1,"type":"electrical_poleattach"}
{"pos":[841.869446,-248.530609,59.2695847],"rotationMatrix":[0.998613596,-0.0526396148,-1.74845553e-07,0.0526396148,0.998613596,1.46549439e-14,1.74603144e-07,-9.20381815e-09,1],"scale":1,"type":"electrical_poleattach"}
{"pos":[841.850159,-205.691574,60.9722443],"rotationMatrix":[0.998613596,-0.0526396148,-1.74845553e-07,0.0526396148,0.998613596,1.46549439e-14,1.74603144e-07,-9.20381815e-09,1],"scale":1,"type":"electrical_poleattach"}
{"pos":[841.850159,-205.691574,59.5722427],"rotationMatrix":[0.998613596,-0.0526396148,-1.74845553e-07,0.0526396148,0.998613596,1.46549439e-14,1.74603144e-07,-9.20381815e-09,1],"scale":1,"type":"electrical_poleattach"}
{"pos":[841.782532,-159.22081,61.3368759],"rotationMatrix":[0.998613596,-0.0526396148,-1.74845553e-07,0.0526396148,0.998613596,1.46549439e-14,1.74603144e-07,-9.20381815e-09,1],"scale":1,"type":"electrical_poleattach"}
{"pos":[841.794922,-159.217285,60.0718155],"rotationMatrix":[0.998613596,-0.0526396148,-1.74845553e-07,0.0526396148,0.998613596,1.46549439e-14,1.74603144e-07,-9.20381815e-09,1],"scale":1,"type":"electrical_poleattach"}
{"pos":[822.532043,-129.078781,61.4071121],"rotationMatrix":[-0.759964108,-0.649965227,-1.74845553e-07,0.649965227,-0.759964108,1.42108547e-14,-1.32876323e-07,-1.13643516e-07,1],"scale":1,"type":"electrical_poleattach"}
{"pos":[822.557495,-129.079788,60.0032501],"rotationMatrix":[-0.759964108,-0.649965227,-1.74845553e-07,0.649965227,-0.759964108,1.42108547e-14,-1.32876323e-07,-1.13643516e-07,1],"scale":1,"type":"electrical_poleattach"}
{"pos":[780.973145,-126.920326,61.8161316],"rotationMatrix":[0.225517869,-0.974238992,-1.74845553e-07,0.974238992,0.225517869,1.42108547e-14,3.94307733e-08,-1.70341366e-07,1],"scale":1,"type":"electrical_poleattach"}
{"pos":[780.973145,-126.920326,60.4161301],"rotationMatrix":[0.225517869,-0.974238992,-1.74845553e-07,0.974238992,0.225517869,1.42108547e-14,3.94307733e-08,-1.70341366e-07,1],"scale":1,"type":"electrical_poleattach"}
{"pos":[738.901306,-111.418785,61.4446945],"rotationMatrix":[-0.827152133,-0.561977923,-1.74845553e-07,0.561977923,-0.827152133,2.13162821e-14,-1.44623897e-07,-9.82593278e-08,1],"scale":1,"type":"electrical_poleattach"}
{"pos":[738.908386,-111.418037,60.3817406],"rotationMatrix":[-0.827152133,-0.561977923,-1.74845553e-07,0.561977923,-0.827152133,2.13162821e-14,-1.44623897e-07,-9.82593278e-08,1],"scale":1,"type":"electrical_poleattach"}
{"pos":[469.245605,-6.71892881,61.3470421],"rotationMatrix":[0.623457909,-0.781856894,-1.74845553e-07,0.781856894,0.623457909,1.42108547e-14,1.09008823e-07,-1.36704216e-07,1],"scale":1,"type":"electrical_poleattach"}
{"pos":[469.25116,-6.68806553,60.3447227],"rotationMatrix":[0.623457909,-0.781856894,-1.74845553e-07,0.781856894,0.623457909,1.42108547e-14,1.09008823e-07,-1.36704216e-07,1],"scale":1,"type":"electrical_poleattach"}
{"pos":[472.300476,16.9063873,61.9328041],"rotationMatrix":[-0.99498105,0.100062951,-1.74845553e-07,-0.100062951,-0.99498105,1.50990331e-14,-1.73968033e-07,1.74955765e-08,1],"scale":1,"type":"electrical_poleattach"}
{"pos":[472.305359,16.8965225,60.2080612],"rotationMatrix":[-0.99498105,0.100062951,-1.74845553e-07,-0.100062951,-0.99498105,1.50990331e-14,-1.73968033e-07,1.74955765e-08,1],"scale":1,"type":"electrical_poleattach"}
{"pos":[612.212524,-41.15411,62.5804329],"rotationMatrix":[0.154032111,0.988065839,-1.74845553e-07,-0.988065839,0.154032111,1.42108547e-14,2.69318434e-08,1.72758917e-07,1],"scale":1,"type":"electrical_poleattach"}
{"pos":[612.212524,-41.15411,59.9543114],"rotationMatrix":[0.154032111,0.988065839,-1.74845553e-07,-0.988065839,0.154032111,1.42108547e-14,2.69318434e-08,1.72758917e-07,1],"scale":1,"type":"electrical_poleattach"}
{"pos":[577.110168,-11.6709061,61.6861687],"rotationMatrix":[0.733861625,0.679298997,-1.74845553e-07,-0.679298997,0.733861625,1.77635684e-14,1.2831245e-07,1.18772405e-07,1],"scale":1,"type":"electrical_poleattach"}
{"pos":[577.095886,-11.6666727,59.9377289],"rotationMatrix":[0.733861625,0.679298997,-1.74845553e-07,-0.679298997,0.733861625,1.77635684e-14,1.2831245e-07,1.18772405e-07,1],"scale":1,"type":"electrical_poleattach"}
{"pos":[548.652222,12.0814791,61.2625732],"rotationMatrix":[0.733861625,0.679298997,-1.74845553e-07,-0.679298997,0.733861625,1.77635684e-14,1.2831245e-07,1.18772405e-07,1],"scale":1,"type":"electrical_poleattach"}
{"pos":[548.632996,12.0893764,59.9421654],"rotationMatrix":[0.733861625,0.679298997,-1.74845553e-07,-0.679298997,0.733861625,1.77635684e-14,1.2831245e-07,1.18772405e-07,1],"scale":1,"type":"electrical_poleattach"}
{"pos":[503.602509,32.904213,61.1296158],"rotationMatrix":[-0.294372559,-0.955690801,-1.74845553e-07,0.955690801,-0.294372559,1.42108547e-14,-5.14697476e-08,-1.67098278e-07,1],"scale":1,"type":"electrical_poleattach"}
{"pos":[503.609314,32.8928375,60.2018242],"rotationMatrix":[-0.294372559,-0.955690801,-1.74845553e-07,0.955690801,-0.294372559,1.42108547e-14,-5.14697476e-08,-1.67098278e-07,1],"scale":1,"type":"electrical_poleattach"}
