{"pos":[768.192993,-444.190918,62.262928],"rotationMatrix":[0.999325991,-0.0367090777,0,0.0367090777,0.999325991,0,0,0,1],"scale":1,"type":"electrical_transformer1"}
