{"pos":[770.84314,-462.577942,61.3763084],"rotationMatrix":[-0.999902725,-0.0126163168,0.00593487825,0.0126151023,-0.999920368,-0.000241974063,0.00593745895,-0.000167081438,0.999982357],"scale":1,"type":"electrical_pole_lamp"}
{"pos":[779.353333,-180.578079,60.565712],"rotationMatrix":[-0.2687819,-0.963201106,0,0.963201106,-0.2687819,0,0,0,1],"scale":1,"type":"electrical_pole_lamp"}
{"pos":[798.676392,-199.83255,60.6357346],"rotationMatrix":[0.991333425,0.131369904,0,-0.131369904,0.991333425,0,0,0,1],"scale":1,"type":"electrical_pole_lamp"}
{"pos":[800.989197,-299.689423,60.7216339],"rotationMatrix":[0.479113877,0.877752781,0,-0.877752781,0.479113877,0,0,0,1],"scale":1,"type":"electrical_pole_lamp"}
{"pos":[711.646606,-142.549042,61.6068039],"rotationMatrix":[0.746828079,0.665017128,0,-0.665017128,0.746828079,0,0,0,1],"scale":1,"type":"electrical_pole_lamp"}
{"pos":[724.867737,-171.024902,62.1523552],"rotationMatrix":[-0.995972753,-0.0896555483,0,0.0896555483,-0.995972753,0,0,0,1],"scale":1,"type":"electrical_pole_lamp"}
{"pos":[692.611694,-456.910706,60.7878799],"rotationMatrix":[0.415057003,-0.909795403,0,0.909795403,0.415057003,0,0,0,1],"scale":1,"type":"electrical_pole_lamp"}
{"pos":[386.336792,69.0206375,59.4239197],"rotationMatrix":[0.703006923,0.711183012,0,-0.711183012,0.703006923,0,0,0,1],"scale":1,"type":"electrical_pole_lamp"}
{"pos":[428.206146,29.2588501,61.5596008],"rotationMatrix":[0.700085282,0.714059293,0,-0.714059293,0.700085282,0,0,0,1],"scale":1,"type":"electrical_pole_lamp"}
{"pos":[469.233032,-6.88434553,61.3745918],"rotationMatrix":[0.700085282,0.714059293,0,-0.714059293,0.700085282,0,0,0,1],"scale":1,"type":"electrical_pole_lamp"}
{"pos":[512.540405,-44.855545,61.4078331],"rotationMatrix":[0.703742743,0.710454881,0,-0.710454881,0.703742743,0,0,0,1],"scale":1,"type":"electrical_pole_lamp"}
{"pos":[549.179626,-76.8585129,61.4091759],"rotationMatrix":[0.710475683,0.703721762,0,-0.703721762,0.710475683,0,0,0,1],"scale":1,"type":"electrical_pole_lamp"}
{"pos":[587.905029,-106.535019,61.5624847],"rotationMatrix":[0.688979268,0.724781036,0,-0.724781036,0.688979268,0,0,0,1],"scale":1,"type":"electrical_pole_lamp"}
{"pos":[637.193054,-147.223923,62.1970406],"rotationMatrix":[0.0499668121,0.998750865,0,-0.998750865,0.0499668121,0,0,0,1],"scale":1,"type":"electrical_pole_lamp"}
{"pos":[673.984558,-180.410751,61.0867882],"rotationMatrix":[0.658247352,0.752801776,0,-0.752801776,0.658247352,0,0,0,1],"scale":1,"type":"electrical_pole_lamp"}
{"pos":[740.109192,-241.84021,62.1846695],"rotationMatrix":[0.927387297,0.374102652,0,-0.374102652,0.927387297,0,0,0,1],"scale":1,"type":"electrical_pole_lamp"}
{"pos":[765.137756,-388.697906,61.1670189],"rotationMatrix":[-0.999086738,-0.0427306704,0,0.0427306704,-0.999086738,0,0,0,1],"scale":1,"type":"electrical_pole_lamp"}
{"pos":[768.319458,-444.071075,61.394352],"rotationMatrix":[-0.99991703,-0.0128821144,0,0.0128821144,-0.99991703,0,0,0,1],"scale":1,"type":"electrical_pole_lamp"}
{"pos":[664.070862,-449.200958,9.61774445],"rotationMatrix":[1,1.50995803e-07,0,-1.50995803e-07,1,0,0,0,1],"scale":1,"type":"electrical_pole_lamp"}
