{"pos":[790.380005,-130.490005,58.2299995],"rotationMatrix":[1,-6.27832947e-07,0,6.27832947e-07,1,0,0,0,1],"scale":1,"type":"electrical_houseattach"}
{"pos":[772.5,-130.070007,59.9300003],"rotationMatrix":[-1.1920929e-07,-0.99999994,0,0.99999994,-1.1920929e-07,0,0,0,1],"scale":1,"type":"electrical_houseattach"}
{"pos":[764.109985,-112.980003,58.3400002],"rotationMatrix":[-1.1920929e-07,1,0,-1,-1.1920929e-07,0,0,0,1],"scale":1,"type":"electrical_houseattach"}
{"pos":[760.859985,-463.269989,61.1899986],"rotationMatrix":[-1.71661377e-05,-1,0,1,-1.71661377e-05,0,0,0,1],"scale":1,"type":"electrical_houseattach"}
{"pos":[757.299988,-487.829987,64.3199997],"rotationMatrix":[-1,1.398725e-05,0,-1.398725e-05,-1,0,0,0,1],"scale":1,"type":"electrical_houseattach"}
{"pos":[735.900024,-484.420013,61.4700012],"rotationMatrix":[1.45435333e-05,1,0,-1,1.45435333e-05,0,0,0,1],"scale":1,"type":"electrical_houseattach"}
{"pos":[728.650024,-486.01001,64.4899979],"rotationMatrix":[-1,1.398725e-05,0,-1.398725e-05,-1,0,0,0,1],"scale":1,"type":"electrical_houseattach"}
{"pos":[700.72998,-484.440002,62],"rotationMatrix":[1,-1.46945295e-05,0,1.46945295e-05,1,0,0,0,1],"scale":1,"type":"electrical_houseattach"}
{"pos":[679.599976,-494.119995,61.6100006],"rotationMatrix":[-1,1.3335567e-05,0,-1.3335567e-05,-1,0,0,0,1],"scale":1,"type":"electrical_houseattach"}
{"pos":[687,-506.709991,61.5800018],"rotationMatrix":[-1,1.3335567e-05,0,-1.3335567e-05,-1,0,0,0,1],"scale":1,"type":"electrical_houseattach"}
{"pos":[693.73999,-502.700012,63.75],"rotationMatrix":[-1.2755394e-05,-1,0,1,-1.2755394e-05,0,0,0,1],"scale":1,"type":"electrical_houseattach"}
{"pos":[717.849976,-516.799988,64.5400009],"rotationMatrix":[-1,1.14282184e-05,0,-1.14282184e-05,-1,0,0,0,1],"scale":1,"type":"electrical_houseattach"}
{"pos":[731.48999,-514.109985,62.2200012],"rotationMatrix":[-1,1.14282184e-05,0,-1.14282184e-05,-1,0,0,0,1],"scale":1,"type":"electrical_houseattach"}
{"pos":[757.5,-508.890015,62.7200012],"rotationMatrix":[-1,1.14282184e-05,0,-1.14282184e-05,-1,0,0,0,1],"scale":1,"type":"electrical_houseattach"}
{"pos":[764.960022,-511.070007,62.9700012],"rotationMatrix":[-1.07288361e-05,-0.99999994,0,0.99999994,-1.07288361e-05,0,0,0,1],"scale":1,"type":"electrical_houseattach"}
{"pos":[775.690002,-510.350006,60.8899994],"rotationMatrix":[1,-1.01645765e-05,0,1.01645765e-05,1,0,0,0,1],"scale":1,"type":"electrical_houseattach"}
{"pos":[783.5,-486.200012,61.7900009],"rotationMatrix":[1,-1.01645765e-05,0,1.01645765e-05,1,0,0,0,1],"scale":1,"type":"electrical_houseattach"}
{"pos":[783.809998,-468.690002,62.3100014],"rotationMatrix":[-8.94069672e-06,-0.99999994,0,0.99999994,-8.94069672e-06,0,0,0,1],"scale":1,"type":"electrical_houseattach"}
{"pos":[792.880005,-113,59.8699989],"rotationMatrix":[-1.1920929e-07,1,0,-1,-1.1920929e-07,0,0,0,1],"scale":1,"type":"electrical_houseattach"}
{"pos":[823.98999,-150.25,60.4399986],"rotationMatrix":[-1,9.52086975e-06,0,-9.52086975e-06,-1,0,0,0,1],"scale":1,"type":"electrical_houseattach"}
{"pos":[823.98999,-161.570007,60.5699997],"rotationMatrix":[-1,9.52086975e-06,0,-9.52086975e-06,-1,0,0,0,1],"scale":1,"type":"electrical_houseattach"}
{"pos":[824,-175.360001,60.5900002],"rotationMatrix":[-1,9.52086975e-06,0,-9.52086975e-06,-1,0,0,0,1],"scale":1,"type":"electrical_houseattach"}
{"pos":[820.690002,-200.570007,59.1699982],"rotationMatrix":[8.28504562e-06,0.99999994,0,-0.99999994,8.28504562e-06,0,0,0,1],"scale":1,"type":"electrical_houseattach"}
{"pos":[823.98999,-209.119995,60.7000008],"rotationMatrix":[-1,7.61352067e-06,0,-7.61352067e-06,-1,0,0,0,1],"scale":1,"type":"electrical_houseattach"}
{"pos":[823.98999,-223.029999,60.5699997],"rotationMatrix":[-1,7.61352067e-06,0,-7.61352067e-06,-1,0,0,0,1],"scale":1,"type":"electrical_houseattach"}
{"pos":[823.98999,-239.350006,60.0219994],"rotationMatrix":[-1,7.61352067e-06,0,-7.61352067e-06,-1,0,0,0,1],"scale":1,"type":"electrical_houseattach"}
{"pos":[823.98999,-266.320007,60.5999985],"rotationMatrix":[-1,7.61352067e-06,0,-7.61352067e-06,-1,0,0,0,1],"scale":1,"type":"electrical_houseattach"}
{"pos":[824,-283.859985,60.3300018],"rotationMatrix":[-1,7.61352067e-06,0,-7.61352067e-06,-1,0,0,0,1],"scale":1,"type":"electrical_houseattach"}
{"pos":[846.690002,-285.48999,58.8400002],"rotationMatrix":[6.43730164e-06,0.99999994,0,-0.99999994,6.43730164e-06,0,0,0,1],"scale":1,"type":"electrical_houseattach"}
{"pos":[846.450012,-263.589996,58.75],"rotationMatrix":[-5.00679016e-06,-0.99999994,0,0.99999994,-5.00679016e-06,0,0,0,1],"scale":1,"type":"electrical_houseattach"}
{"pos":[846.22998,-250.690002,60.4599991],"rotationMatrix":[1,-4.4425301e-06,0,4.4425301e-06,1,0,0,0,1],"scale":1,"type":"electrical_houseattach"}
{"pos":[847.580017,-241.5,58.7700005],"rotationMatrix":[3.75509262e-06,0.99999994,0,-0.99999994,3.75509262e-06,0,0,0,1],"scale":1,"type":"electrical_houseattach"}
{"pos":[846.400024,-219.589996,58.8800011],"rotationMatrix":[-2.50339508e-06,-1,0,1,-2.50339508e-06,0,0,0,1],"scale":1,"type":"electrical_houseattach"}
{"pos":[846.210022,-206.949997,60.0800018],"rotationMatrix":[1,-1.81992584e-06,0,1.81992584e-06,1,0,0,0,1],"scale":1,"type":"electrical_houseattach"}
{"pos":[846.960022,-196.759995,58.8199997],"rotationMatrix":[1.1920929e-06,1,0,-1,1.1920929e-06,0,0,0,1],"scale":1,"type":"electrical_houseattach"}
{"pos":[848.650024,-174.589996,58.5],"rotationMatrix":[-1.78813934e-06,-0.99999994,0,0.99999994,-1.78813934e-06,0,0,0,1],"scale":1,"type":"electrical_houseattach"}
{"pos":[846.210022,-162.009995,60.3199997],"rotationMatrix":[1,-1.1046701e-06,0,1.1046701e-06,1,0,0,0,1],"scale":1,"type":"electrical_houseattach"}
{"pos":[846.609985,-151,58.7900009],"rotationMatrix":[5.36441803e-07,0.99999994,0,-0.99999994,5.36441803e-07,0,0,0,1],"scale":1,"type":"electrical_houseattach"}
{"pos":[808.409973,-130.339996,58.2799988],"rotationMatrix":[1,-1.1046701e-06,0,1.1046701e-06,1,0,0,0,1],"scale":1,"type":"electrical_houseattach"}
{"pos":[784.47998,-130.080002,59.5900002],"rotationMatrix":[-5.96046448e-07,-0.99999994,0,0.99999994,-5.96046448e-07,0,0,0,1],"scale":1,"type":"electrical_houseattach"}
{"pos":[759.809998,-130.029999,60.3199997],"rotationMatrix":[-1.1920929e-07,-0.99999994,0,0.99999994,-1.1920929e-07,0,0,0,1],"scale":1,"type":"electrical_houseattach"}
{"pos":[746.75,-130.050003,58.2700005],"rotationMatrix":[5.96046448e-08,-0.99999994,0,0.99999994,5.96046448e-08,0,0,0,1],"scale":1,"type":"electrical_houseattach"}
{"pos":[783.76001,-112.970001,60.3300018],"rotationMatrix":[-1.1920929e-07,1,0,-1,-1.1920929e-07,0,0,0,1],"scale":1,"type":"electrical_houseattach"}
{"pos":[772.72998,-113.139999,60.1500015],"rotationMatrix":[-1.1920929e-07,1,0,-1,-1.1920929e-07,0,0,0,1],"scale":1,"type":"electrical_houseattach"}
{"pos":[746.200012,-109.769997,58.7000008],"rotationMatrix":[1,1.50995803e-07,0,-1.50995803e-07,1,0,0,0,1],"scale":1,"type":"electrical_houseattach"}
{"pos":[565.409973,-25.7299995,58.4199982],"rotationMatrix":[-0.566592336,-0.823998153,0,0.823998153,-0.566592336,0,0,0,1],"scale":1,"type":"electrical_houseattach"}
{"pos":[478.839996,1.54999995,60.3899994],"rotationMatrix":[0.823997557,-0.566593349,0,0.566593349,0.823997557,0,0,0,1],"scale":1,"type":"electrical_houseattach"}
{"pos":[467.23999,16.3099995,60.2299995],"rotationMatrix":[-0.823997617,0.56659323,0,-0.56659323,-0.823997617,0,0,0,1],"scale":1,"type":"electrical_houseattach"}
{"pos":[468.720001,28.2800007,60.0299988],"rotationMatrix":[0.56659317,0.823997736,0,-0.823997736,0.56659317,0,0,0,1],"scale":1,"type":"electrical_houseattach"}
{"pos":[487.899994,13.6300001,58.6699982],"rotationMatrix":[0.823997855,-0.566592932,0,0.566592932,0.823997855,0,0,0,1],"scale":1,"type":"electrical_houseattach"}
{"pos":[510.850006,24,58.7000008],"rotationMatrix":[0.823997855,-0.566592932,0,0.566592932,0.823997855,0,0,0,1],"scale":1,"type":"electrical_houseattach"}
{"pos":[527.950012,4.82999992,58.0699997],"rotationMatrix":[-0.823997974,0.566592634,0,-0.566592634,-0.823997974,0,0,0,1],"scale":1,