{"pos":[759.706055,-9.54866028,52.1459198],"rotationMatrix":[0.780436337,-0.625235021,0,0.625235021,0.780436337,0,-0,0,0.999999881],"scale":1.2589848,"type":"fir_dead_branches"}
{"pos":[756.217102,-10.3417034,52.2448082],"rotationMatrix":[-0.993789136,-0.111279227,0,0.111279227,-0.993789136,0,-0,0,0.999999881],"scale":1.11295223,"type":"fir_dead_branches"}
