{"pos":[357.657104,53.8715439,258.365082],"rotationMatrix":[0.0130594186,0.999914706,0,-0.999914706,0.0130594186,0,0,0,0.999999881],"scale":1.09347188,"type":"fir_dead_branches"}
{"pos":[360.055389,61.7169724,258.654541],"rotationMatrix":[0.84829247,-0.529527783,0,0.529527783,0.84829247,0,0,0,0.999999881],"scale":1.02591205,"type":"fir_dead_branches"}
{"pos":[337.382599,89.2207794,257.990234],"rotationMatrix":[0.181360185,0.983416677,0,-0.983416677,0.181360185,0,0,0,0.999999881],"scale":1.27137184,"type":"fir_dead_branches"}
{"pos":[313.141663,60.4103699,257.237549],"rotationMatrix":[-0.518336773,-0.855176389,0,0.855176389,-0.518336773,0,0,0,0.999999881],"scale":1.17702675,"type":"fir_dead_branches"}
{"pos":[239.194489,118.715706,254.344421],"rotationMatrix":[-0.181577414,0.983376563,0,-0.983376563,-0.181577414,0,0,0,0.999999881],"scale":1.16745496,"type":"fir_dead_branches"}
{"pos":[263.476715,134.044983,254.232574],"rotationMatrix":[-0.726073384,-0.687617183,0,0.687617183,-0.726073384,0,0,0,0.999999881],"scale":1.17466533,"type":"fir_dead_branches"}
{"pos":[256.081879,141.931702,253.909363],"rotationMatrix":[-0.0946379453,0.995511711,0,-0.995511711,-0.0946379453,0,0,0,0.999999881],"scale":1.16496825,"type":"fir_dead_branches"}
{"pos":[229.480789,102.906158,254.318237],"rotationMatrix":[-0.857041359,-0.515247464,0,0.515247464,-0.857041359,0,0,0,0.999999881],"scale":1.11829269,"type":"fir_dead_branches"}
{"pos":[211.332016,95.5116043,254.280273],"rotationMatrix":[-0.904767811,0.42590484,0,-0.42590484,-0.904767811,0,0,0,0.999999881],"scale":1.03095627,"type":"fir_dead_branches"}
{"pos":[226.709259,87.9806366,254.329056],"rotationMatrix":[0.726935387,0.686705828,0,-0.686705828,0.726935387,0,0,0,0.999999881],"scale":1.23309112,"type":"fir_dead_branches"}
{"pos":[217.406616,89.3988724,254.278656],"rotationMatrix":[-0.137707219,0.990472853,0,-0.990472853,-0.137707219,0,0,0,0.999999881],"scale":1.08656955,"type":"fir_dead_branches"}
{"pos":[219.652344,81.4573364,254.302979],"rotationMatrix":[0.845716774,-0.533631921,0,0.533631921,0.845716774,0,0,0,0.999999881],"scale":1.1953671,"type":"fir_dead_branches"}
{"pos":[188.496094,52.9006538,254.030029],"rotationMatrix":[0.99812746,-0.0611667074,0,0.0611667074,0.99812746,0,0,0,0.999999881],"scale":1.06345534,"type":"fir_dead_branches"}
{"pos":[190.873123,67.7760239,254.272461],"rotationMatrix":[0.272889704,0.962045372,0,-0.962045372,0.272889704,0,0,0,0.999999881],"scale":1.18988717,"type":"fir_dead_branches"}
{"pos":[199.486053,57.1426697,253.786774],"rotationMatrix":[-0.748294175,0.663366795,0,-0.663366795,-0.748294175,0,0,0,0.999999881],"scale":1.15983438,"type":"fir_dead_branches"}
{"pos":[158.623642,79.5800629,254.363373],"rotationMatrix":[-0.275865287,-0.961196244,0,0.961196244,-0.275865287,0,0,0,0.999999881],"scale":1.01988363,"type":"fir_dead_branches"}
{"pos":[153.20108,85.7604294,254.379272],"rotationMatrix":[0.115070596,-0.993357241,0,0.993357241,0.115070596,0,0,0,0.999999881],"scale":1.06309676,"type":"fir_dead_branches"}
{"pos":[240.13504,169.130798,253.281677],"rotationMatrix":[0.859905839,-0.510452569,0,0.510452569,0.859905839,0,0,0,0.999999881],"scale":1.28070199,"type":"fir_dead_branches"}
{"pos":[229.848618,172.263062,253.733276],"rotationMatrix":[0.933436573,0.358742386,0,-0.358742386,0.933436573,0,0,0,0.999999881],"scale":1.01468408,"type":"fir_dead_branches"}
{"pos":[-136.470825,422.896698,264.474152],"rotationMatrix":[-0.98775965,0.155983403,0,-0.155983403,-0.98775965,0,0,0,0.999999881],"scale":1.17329431,"type":"fir_dead_branches"}
