{"pos":[759.706055,-9.54866028,52.1459198],"rotationMatrix":[0.780436337,-0.625235021,0,0.625235021,0.780436337,0,0,0,0.999999881],"scale":1.2589848,"type":"fir_dead_branches"}
{"pos":[756.217102,-10.3417034,52.2448082],"rotationMatrix":[-0.993789136,-0.111279227,0,0.111279227,-0.993789136,0,0,0,0.999999881],"scale":1.11295223,"type":"fir_dead_branches"}
{"pos":[784.996033,-100.696777,58.0499268],"rotationMatrix":[0.997147024,-0.0754829049,0,0.0754829049,0.997147024,0,0,0,0.999999881],"scale":1.2834661,"type":"fir_dead_branches"}
{"pos":[767.770203,-112.497467,58.0499268],"rotationMatrix":[0.75858295,0.651576459,0,-0.651576459,0.75858295,0,0,0,0.999999881],"scale":1.08501053,"type":"fir_dead_branches"}
