{"pos":[759.706055,-9.54866028,52.1459198],"rotationMatrix":[0.780436337,-0.625235021,0,0.625235021,0.780436337,0,0,0,0.999999881],"scale":1.2589848,"type":"fir_dead_branches"}
{"pos":[756.217102,-10.3417034,52.2448082],"rotationMatrix":[-0.993789136,-0.111279227,0,0.111279227,-0.993789136,0,0,0,0.999999881],"scale":1.11295223,"type":"fir_dead_branches"}
{"pos":[784.996033,-100.696777,58.0499268],"rotationMatrix":[0.997147024,-0.0754829049,0,0.0754829049,0.997147024,0,0,0,0.999999881],"scale":1.2834661,"type":"fir_dead_branches"}
{"pos":[767.770203,-112.497467,58.0499268],"rotationMatrix":[0.75858295,0.651576459,0,-0.651576459,0.75858295,0,0,0,0.999999881],"scale":1.08501053,"type":"fir_dead_branches"}
{"pos":[703.136841,62.6915169,54.9993896],"rotationMatrix":[-0.478534192,0.878068745,0,-0.878068745,-0.478534192,0,0,0,0.999999881],"scale":1.05646873,"type":"fir_dead_branches"}
{"pos":[867.241638,-84.3284988,66.7997818],"rotationMatrix":[-0.997369647,0.0724819973,0,-0.0724819973,-0.997369647,0,0,0,0.999999881],"scale":1.04785955,"type":"fir_dead_branches"}
{"pos":[697.804077,-231.172928,64.0127106],"rotationMatrix":[-0.882008195,-0.471234053,0,0.471234053,-0.882008195,0,0,0,0.999999881],"scale":1.12079477,"type":"fir_dead_branches"}
{"pos":[739.941589,-195.499237,58.047039],"rotationMatrix":[-0.669531882,-0.742783129,0,0.742783129,-0.669531882,0,0,0,0.999999881],"scale":1.00887012,"type":"fir_dead_branches"}
