{"pos":[107.805786,411.901764,255.996704],"rotationMatrix":[-0.0544258356,-0.998517752,0,0.998517752,-0.0544258356,0,0,0,0.999999881],"scale":1.20000005,"type":"garbage_bin_a"}
{"pos":[-211.936157,474.283875,271.00296],"rotationMatrix":[-0.591072917,-0.806617975,0,0.806617975,-0.591072917,0,0,0,0.999999881],"scale":1.20000005,"type":"garbage_bin_a"}
