{"pos":[790.989014,-235.119003,53.1848145],"rotationMatrix":[-0.234649062,0.972068071,0,-0.972068071,-0.234649062,0,0,0,1],"scale":1.20000005,"type":"garbage_bin_b"}
{"pos":[759.26001,-323.437988,53.5187988],"rotationMatrix":[-0.224925518,0.974336982,0,-0.974336982,-0.224925518,0,0,0,1],"scale":1.20000005,"type":"garbage_bin_b"}
{"pos":[784.992981,-276.717987,53.0275955],"rotationMatrix":[-0.0889928341,0.996017456,0,-0.996017456,-0.0889928341,0,0,0,1],"scale":1.20000005,"type":"garbage_bin_b"}
{"pos":[792.809998,-276.485992,53.1530495],"rotationMatrix":[0.96651125,-0.25662607,0,0.25662607,0.96651125,0,0,0,1],"scale":1.20000005,"type":"garbage_bin_b"}
{"pos":[800.880005,-265.779999,53.224102],"rotationMatrix":[0.0544124246,-0.998532772,0,0.998532772,0.0544124246,0,0,0,1],"scale":1.20000005,"type":"garbage_bin_b"}
{"pos":[790.487,-430.84201,54.0648003],"rotationMatrix":[0.977213144,0.212130308,0.00755584985,0.0115671232,-0.0177161694,-0.999817312,-0.211949438,0.977122962,-0.019767046],"scale":1.20000005,"type":"garbage_bin_b"}
{"pos":[701.369995,-356.705994,56.6245232],"rotationMatrix":[-0.99200809,-0.126346797,0,0.126346797,-0.99200809,0,0,0,1],"scale":1.20000005,"type":"garbage_bin_b"}
{"pos":[374.568817,117.753479,54.1361122],"rotationMatrix":[-0.688071847,-0.725642562,0,0.725642562,-0.688071847,0,0,0,1],"scale":1.20000005,"type":"garbage_bin_b"}
{"pos":[707.278381,-54.0090523,51.819973],"rotationMatrix":[-0.331503838,-0.943453848,0,0.943453848,-0.331503838,0,0,0,1],"scale":1.20000005,"type":"garbage_bin_b"}
{"pos":[698.572205,-42.5917053,51.9661179],"rotationMatrix":[0.764777899,0.644293964,0,-0.644293964,0.764777899,0,0,0,1],"scale":1.20000005,"type":"garbage_bin_b"}
{"pos":[809.627441,-128.813431,52.9738503],"rotationMatrix":[0.674351811,0.738410175,0,-0.738410175,0.674351811,0,0,0,1],"scale":1.20000005,"type":"garbage_bin_b"}
{"pos":[765.167175,-128.373871,53.2117386],"rotationMatrix":[-0.945745885,-0.324907273,0,0.324907273,-0.945745885,0,0,0,1],"scale":1.20000005,"type":"garbage_bin_b"}
{"pos":[745.410156,-114.949081,53.3562698],"rotationMatrix":[-0.874964356,-0.484187394,0,0.484187394,-0.874964356,0,0,0,1],"scale":1.20000005,"type":"garbage_bin_b"}
