{"pos":[766.757996,-112.595001,53.3418007],"rotationMatrix":[0.42497915,0.90521282,0,-0.90521282,0.42497915,0,0,0,1],"scale":1.20000005,"type":"garbage_bin_a"}
{"pos":[795.65802,-112.681,53.3418007],"rotationMatrix":[0.8840307,0.467440963,0,-0.467440963,0.8840307,0,0,0,1],"scale":1.20000005,"type":"garbage_bin_a"}
{"pos":[780.788025,-112.556999,53.3418007],"rotationMatrix":[0.99477756,0.102067143,0,-0.102067143,0.99477756,0,0,0,1],"scale":1.20000005,"type":"garbage_bin_a"}
{"pos":[773.775024,-181.076004,53.2411003],"rotationMatrix":[0.00623190403,0.999971151,0,-0.999971151,0.00623190403,0,0,0,1],"scale":1.20000005,"type":"garbage_bin_a"}
{"pos":[779.340027,-186.334,53.1722984],"rotationMatrix":[0.0754719973,0.997141302,0,-0.997141302,0.0754719973,0,0,0,1],"scale":1.20000005,"type":"garbage_bin_a"}
{"pos":[801.021973,-219.057999,53.3266983],"rotationMatrix":[0.0283819437,-0.999637485,0,0.999637485,0.0283819437,0,0,0,1],"scale":1.20000005,"type":"garbage_bin_a"}
{"pos":[799.752991,-228.917999,53.3282013],"rotationMatrix":[-0.585624337,-0.810620129,0,0.810620129,-0.585624337,0,0,0,1],"scale":1.20000005,"type":"garbage_bin_a"}
{"pos":[799.01001,-200.306,53.3282013],"rotationMatrix":[0.989136636,0.147002026,0,-0.147002026,0.989136636,0,0,0,1],"scale":1.20000005,"type":"garbage_bin_a"}
{"pos":[760.513,-335.322998,53.3848991],"rotationMatrix":[0.00623190403,0.999971151,0,-0.999971151,0.00623190403,0,0,0,1],"scale":1.20000005,"type":"garbage_bin_a"}
{"pos":[750.08197,-342.838989,53.3177986],"rotationMatrix":[0.0541374683,-0.998540401,0,0.998540401,0.0541374683,0,0,0,1],"scale":1.20000005,"type":"garbage_bin_a"}
{"pos":[788.213989,-276.704987,53.026741],"rotationMatrix":[-0.999599934,0.0263973586,0,-0.0263973586,-0.999599934,0,0,0,1],"scale":1.20000005,"type":"garbage_bin_a"}
{"pos":[792.278992,-277.113007,53.1541214],"rotationMatrix":[-0.798545837,0.601791143,0,-0.601791143,-0.798545837,0,0,0,1],"scale":1.20000005,"type":"garbage_bin_a"}
{"pos":[800.807983,-266.626007,53.224102],"rotationMatrix":[0.844875515,0.534942746,0,-0.534942746,0.844875515,0,0,0,1],"scale":1.20000005,"type":"garbage_bin_a"}
{"pos":[778.038025,-374.462006,53.2938004],"rotationMatrix":[0.162781954,-0.986675024,0,0.986675024,0.162781954,0,0,0,1],"scale":1.20000005,"type":"garbage_bin_a"}
{"pos":[776.187988,-335.286987,53.3627014],"rotationMatrix":[-0.220234394,-0.975437701,0,0.975437701,-0.220234394,0,0,0,1],"scale":1.20000005,"type":"garbage_bin_a"}
{"pos":[751.768982,-281.209015,53.5103989],"rotationMatrix":[-0.432447433,0.901648045,0,-0.901648045,-0.432447433,0,0,0,1],"scale":1.20000005,"type":"garbage_bin_a"}
{"pos":[778.240601,-315.681366,53.5061989],"rotationMatrix":[-0.988815784,-0.149580002,0,0.149580002,-0.988815784,0,0,0,1],"scale":1.20000005,"type":"garbage_bin_a"}
{"pos":[763.085022,-357.270996,53.2877998],"rotationMatrix":[0.0890200138,0.996017456,0,-0.996017456,0.0890200138,0,0,0,1],"scale":1.20000005,"type":"garbage_bin_a"}
{"pos":[766.331421,-275.661987,53.5126762],"rotationMatrix":[0.401928604,-0.915692627,0,0.915692627,0.401928604,0,0,0,1],"scale":1.20000005,"type":"garbage_bin_a"}
{"pos":[780.797974,-413.772003,53.2938004],"rotationMatrix":[-0.630818009,-0.77603817,0,0.77603817,-0.630818009,0,0,0,1],"scale":1.20000005,"type":"garbage_bin_a"}
{"pos":[783.012878,-423.611145,53.2933006],"rotationMatrix":[0.359514296,-0.933169186,0,0.933169186,0.359514296,0,0,0,1],"scale":1.20000005,"type":"garbage_bin_a"}
{"pos":[788.085022,-427.141998,53.4998016],"rotationMatrix":[0.558387995,-0.829561532,0,0.829561532,0.558387995,0,0,0,1],"scale":1.20000005,"type":"garbage_bin_a"}
{"pos":[782.067993,-409.748993,53.2938004],"rotationMatrix":[-0.84128058,-0.540390432,0,0.540390432,-0.84128058,0,0,0,1],"scale":1.20000005,"type":"garbage_bin_a"}
{"pos":[764.841003,-388.050995,53.2938004],"rotationMatrix":[-0.139144182,0.990317285,0,-0.990317285,-0.139144182,0,0,0,1],"scale":1.20000005,"type":"garbage_bin_a"}
{"pos":[766.242004,-437.865692,53.298645],"rotationMatrix":[-0.159764528,0.987208545,0,-0.987208545,-0.159764528,0,0,0,1],"scale":1.20000005,"type":"garbage_bin_a"}
{"pos":[765.753235,-425.223328,53.2704124],"rotationMatrix":[-0.0616184846,0.998100638,0,-0.998100638,-0.0616184846,0,0,0,1],"scale":1.20000005,"type":"garbage_bin_a"}
{"pos":[764.000977,-462.92099,53.3042107],"rotationMatrix":[-0.999599934,-0.0305969398,0,0.0305969398,-0.999599934,0,0,0,1],"scale":1.20000005,"type":"garbage_bin_a"}
{"pos":[782.894653,-473.038635,53.8899689],"rotationMatrix":[-0.704596519,-0.709756196,0,0.709756196,-0.704596519,0,0,0,1],"scale":1.20000005,"type":"garbage_bin_a"}
{"pos":[753.677979,-488.643005,56.3145447],"rotationMatrix":[0.999998748,0.00159999996,0,-0.00159999996,0.999998748,0,0,0,1],"scale":1.20000005,"type":"garbage_bin_a"}
{"pos":[764.838989,-463.003998,53.2955704],"rotationMatrix":[-0.997600794,0.0703577623,0,-0.0703577623,-0.997600794,0,0,0,1],"scale":1.20000005,"type":"garbage_bin_a"}
{"pos":[640.588806,-84.3282471,51.3455887],"rotationMatrix":[-0.612807989,0.79023999,0,-0.79023999,-0.612807989,0,0,0,1],"scale":1.20000005,"type":"garbage_bin_a"}
{"pos":[748.619995,-127.352997,53.3418007],"rotationMatrix":[-0.986423016,0.164837629,0,-0.164837629,-0.986423016,0,0,0,1],"scale":1.20000005,"type":"garbage_bin_a"}
{"pos":[721.458679,-169.171249,53.3418007],"rotationMatrix":[-0.69310081,0.720727146,0,-0.720727146,-0.69310081,0,0,0,1],"scale":1.20000005,"type":"garbage_bin_a"}
{"pos":[711.645142,-142.009857,53.034893],"rotationMatrix":[0.888607979,0.45868963,0,-0.45868963,0.888607979,0,0,0,1],"scale":1.20000005,"type":"garbage_bin_a"}
{"pos":[740.200989,-205.496002,53.300499],"rotationMatrix":[0.270851135,-0.962577939,0,0.962577939,0.270851135,0,0,0,1],"scale":1.20000005,"type":"garbage_bin_a"}
{"pos":[630.523987,-159.848007,53.3418007],"rotationMatrix":[-0.732032657,0.681385338,0,-0.681385338,-0.732032657,0,0,0,1],"scale":1.20000005,"type":"garbage_bin_a"}
{"pos":[663.474792,-168.008499,53.3309631],"rotationMatrix":[0.658035517,-0.75298351,0,0.75298351,0.658035517,0,0,0,1],"scale":1.20000005,"type":"garbage_bin_a"}
{"pos":[637.385986,-146.669998,53.335701],"rotationMatrix":[0.848860025,-0.5286327,0,0.5286327,0.848860025,0,0,0,1],"scale":1.20000005,"type":"garbage_bin_a"}
{"pos":[654.440979,-126.478996,52.029705],"rotationMatrix":[0.631231308,0.775582314,0,-0.775582314,0.631231308,0,0,0,1],"scale":1.20000005,"type":"garbage_bin_a"}
{"pos":[678.523987,-219.328003,53.3391113],"rotationMatrix":[0.470579445,0.882367551,0,-0.882367551,0.470579445,0,0,0,1],"scale":1.20000005,"type":"garbage_bin_a"}
{"pos":[677.317017,-202.289993,53.3223],"rotationMatrix":[-0.626847148,0.779061198,0,-0.779061198,-0.626847148,0,0,0,1],"scale":1.20000005,"type":"garbage_bin_a"}
{"pos":[576.677979,-28.4764004,52.9976006],"rotationMatrix":[-0.741724491,0.670597494,0,-0.670597494,-0.741724491,0,0,0,1],"scale":1.20000005,"type":"garbage_bin_a"}
{"pos":[565.791016,-84.2006989,53.3418007],"rotationMatrix":[0.754019022,-0.656861067,0,0.656861067,0.754019022,0,0,0,1],"scale":1.20000005,"type":"garbage_bin_a"}
{"pos":[610.502258,-122.710045,53.3418007],"rotationMatrix":[0.790954232,-0.61187762,0,0.61187762,0.790954232,0,0,0,1],"scale":1.20000005,"type":"garbage_bin_a"}
{"pos":[585.153015,-122.344002,53.3418007],"rotationMatrix":[-0.990012527,0.142243505,0,-0.142243505,-0.990012527,0,0,0,1],"scale":1.20000005,"type":"garbage_bin_a"}
{"pos":[624.658997,-65.2944031,51.3418007],"rotationMatrix":[-0.714951992,0.699129999,0,-0.699129999,-0.714951992,0,0,0,1],"scale":1.20000005,"type":"garbage_bin_a"}
{"pos":[589.669006,-155.033005,53.4938011],"rotationMatrix":[-0.537205696,-0.843385398,0,0.843385398,-0.537205696,0,0,0,1],"scale":1.20000005,"type":"garbage_bin_a"}
{"pos":[590.476013,-155.466003,53.4938011],"rotationMatrix":[0.329286337,-0.944164634,0,0.944164634,0.329286337,0,0,0,1],"scale":1.20000005,"type":"garbage_bin_a"}
{"pos":[593.604004,-157.798004,53.4938011],