{"pos":[-294.992004,422.62915,272.872925],"rotationMatrix":[0.972437203,0.233164743,0,-0.233164743,0.972437203,-0,-0,0,0.999999881],"scale":1.20000005,"type":"garbage_plasticbag_black"}
{"pos":[-207.025116,483.362793,270.675659],"rotationMatrix":[-0.715101182,0.699020863,0,-0.699020863,-0.715101182,0,-0,0,0.999999881],"scale":1.20000005,"type":"garbage_plasticbag_black"}
