{"pos":[732.037537,-52.1728592,51.9287109],"rotationMatrix":[0.0765043497,0.997068882,0,-0.997068882,0.0765043497,0,0,0,0.999999523],"scale":1.20000005,"type":"garbage_bin_b"}
