{"pos":[767.171204,-39.7050896,51.7726173],"rotationMatrix":[-0.776839137,0.629698992,0,-0.629698992,-0.776839137,0,0,0,0.999999881],"scale":1.20000005,"type":"garbage_bottle_a"}
