{"pos":[107.805786,411.901764,255.996704],"rotationMatrix":[-0.0544258356,-0.998517752,0,0.998517752,-0.0544258356,0,0,0,0.999999881],"scale":1.20000005,"type":"garbage_bin_a"}
{"pos":[-211.936157,474.283875,271.00296],"rotationMatrix":[-0.591072917,-0.806617975,0,0.806617975,-0.591072917,0,0,0,0.999999881],"scale":1.20000005,"type":"garbage_bin_a"}
{"pos":[-108.105469,549.276062,269.970184],"rotationMatrix":[0.982737482,0.185004503,0,-0.185004503,0.982737482,0,0,0,0.999999762],"scale":1.20000005,"type":"garbage_bin_a"}
{"pos":[-116.786186,343.337799,265.041962],"rotationMatrix":[-0.982049525,-0.18862237,0,0.18862237,-0.982049525,0,0,0,0.999999762],"scale":1.20000005,"type":"garbage_bin_a"}
