{"pos":[709.840576,-57.0834656,51.9287109],"rotationMatrix":[-0.695149839,-0.718864858,0,0.718864858,-0.695149839,0,0,0,0.999999881],"scale":1.20000005,"type":"garbage_cardboard_box_b"}
