{"pos":[-206.926041,484.354034,270.675659],"rotationMatrix":[0.00286379457,0.999995589,0,-0.999995589,0.00286379457,0,0,0,0.999999762],"scale":1.20000005,"type":"garbage_bin_b"}
{"pos":[-134.679962,543.483337,268.613708],"rotationMatrix":[-0.913330734,0.407218218,0,-0.407218218,-0.913330734,0,0,0,0.999999881],"scale":1.20000005,"type":"garbage_bin_b"}
{"pos":[-110.184029,371.089294,264.541626],"rotationMatrix":[0.934541881,-0.355852991,0,0.355852991,0.934541881,0,-0,0,0.999999881],"scale":1.20000005,"type":"garbage_bin_b"}
