{"pos":[736.135986,-47.4893761,51.9287109],"rotationMatrix":[0.847054482,0.531505585,0,-0.531505585,0.847054482,0,0,0,0.999999642],"scale":1.20000005,"type":"garbage_bin_b"}
