{"pos":[797.565002,-173.401001,53.300045],"rotationMatrix":[0.546657562,-0.837364674,0,0.837364674,0.546657562,0,0,0,1],"scale":1.20000005,"type":"garbage_plasticbag"}
{"pos":[790.778992,-235.710007,53.3567047],"rotationMatrix":[-0.99200809,0.125748008,0,-0.125748008,-0.99200809,0,0,0,1],"scale":1.20000005,"type":"garbage_plasticbag"}
{"pos":[792.260986,-235.518005,53.3567047],"rotationMatrix":[-0.847042084,-0.531432986,0,0.531432986,-0.847042084,0,0,0,1],"scale":1.20000005,"type":"garbage_plasticbag"}
{"pos":[785.932007,-199.080994,53.6843987],"rotationMatrix":[-0.589901209,-0.807433009,0,0.807433009,-0.589901209,0,0,0,1],"scale":1.20000005,"type":"garbage_plasticbag"}
{"pos":[780.164001,-198.709,53.6843987],"rotationMatrix":[-0.981642365,0.189922318,0,-0.189922318,-0.981642365,0,0,0,1],"scale":1.20000005,"type":"garbage_plasticbag"}
{"pos":[750.031006,-341.326996,53.3177986],"rotationMatrix":[0.165109634,0.986207008,0,-0.986207008,0.165109634,0,0,0,1],"scale":1.20000005,"type":"garbage_plasticbag"}
{"pos":[792.974976,-258.862,53.1584091],"rotationMatrix":[0.172072828,-0.985045433,0,0.985045433,0.172072828,0,0,0,1],"scale":1.20000005,"type":"garbage_plasticbag"}
{"pos":[791.724976,-258.290985,53.164875],"rotationMatrix":[-0.575312495,0.81791997,0,-0.81791997,-0.575312495,0,0,0,1],"scale":1.20000005,"type":"garbage_plasticbag"}
{"pos":[785.674011,-275.119995,53.0392799],"rotationMatrix":[-0.723481894,0.690283895,0,-0.690283895,-0.723481894,0,0,0,1],"scale":1.20000005,"type":"garbage_plasticbag"}
{"pos":[786.630981,-274.912994,53.0396423],"rotationMatrix":[-0.445000052,0.895559967,0,-0.895559967,-0.445000052,0,0,0,1],"scale":1.20000005,"type":"garbage_plasticbag"}
{"pos":[593.950989,-158.432007,53.4938011],"rotationMatrix":[-0.943603396,0.331228793,0,-0.331228793,-0.943603396,0,0,0,1],"scale":1.20000005,"type":"garbage_plasticbag"}
{"pos":[749.666016,-338.709015,53.4486008],"rotationMatrix":[-0.413889289,-0.910250068,0,0.910250068,-0.413889289,0,0,0,1],"scale":1.20000005,"type":"garbage_plasticbag"}
{"pos":[719.880005,-486.309998,56.9556122],"rotationMatrix":[-0.99200809,-0.127744004,0,0.127744004,-0.99200809,0,0,0,1],"scale":1.20000005,"type":"garbage_plasticbag"}
{"pos":[707.054993,-478.628998,57.1624451],"rotationMatrix":[0.227972686,0.973701298,0,-0.973701298,0.227972686,0,0,0,1],"scale":1.20000005,"type":"garbage_plasticbag"}
{"pos":[787.175903,-276.227264,53.0308495],"rotationMatrix":[-0.997887135,-0.0649713352,0,0.0649713352,-0.997887135,0,0,0,1],"scale":1.20000005,"type":"garbage_plasticbag"}
{"pos":[787.506348,-275.326721,53.0365334],"rotationMatrix":[-0.419500381,-0.907755136,0,0.907755136,-0.419500381,0,0,0,1],"scale":1.20000005,"type":"garbage_plasticbag"}
{"pos":[698.323181,-41.7034607,51.8309708],"rotationMatrix":[0.99979496,-0.0202501807,0,0.0202501807,0.99979496,0,0,0,1],"scale":1.20000005,"type":"garbage_plasticbag"}
