{"pos":[-206.919312,483.665741,270.675659],"rotationMatrix":[0.900772214,0.43429181,0,-0.43429181,0.900772214,0,0,0,0.999999881],"scale":1.20000017,"type":"garbage_littlebox"}
