{"pos":[764.250916,-39.7971725,51.9108925],"rotationMatrix":[-0.659114003,0.752042949,-0,-0.752042949,-0.659114003,0,-0,0,0.999999881],"scale":1.20000005,"type":"garbage_plasticbag"}
{"pos":[736.468262,-31.8107052,52.1892548],"rotationMatrix":[0.290919781,-0.956747353,0,0.956747353,0.290919781,0,-0,0,0.999999881],"scale":1.20000005,"type":"garbage_plasticbag"}
{"pos":[736.225464,-31.4201031,52.1892548],"rotationMatrix":[-0.373742789,-0.927532315,0,0.927532315,-0.373742789,0,0,0,0.999999881],"scale":1.20000005,"type":"garbage_plasticbag"}
