{"pos":[100.524918,399.402466,255.996704],"rotationMatrix":[0.143903226,0.989591718,0,-0.989591718,0.143903226,0,0,0,0.999999881],"scale":1.20000005,"type":"garbage_cardboard_box_a"}
{"pos":[-227.874191,473.313171,273.544312],"rotationMatrix":[-0.771933556,0.635702968,0,-0.635702968,-0.771933556,0,0,0,0.999999881],"scale":1.20000005,"type":"garbage_cardboard_box_a"}
{"pos":[-218.806107,473.109772,273.544312],"rotationMatrix":[-0.996427357,0.0844528452,0,-0.0844528452,-0.996427357,0,0,0,0.999999881],"scale":1.20000005,"type":"garbage_cardboard_box_a"}
{"pos":[-95.5481033,542.94635,269.876007],"rotationMatrix":[0.496785074,0.867873609,0,-0.867873609,0.496785074,0,0,0,0.999999881],"scale":1.20000005,"type":"garbage_cardboard_box_a"}
