{"pos":[797.963989,-174.375,53.1144295],"rotationMatrix":[0.85083282,-0.525444388,0,0.525444388,0.85083282,0,0,0,1],"scale":1.20000005,"type":"garbage_plasticbag_black"}
{"pos":[786.004028,-173.684998,53.2545433],"rotationMatrix":[-0.486777782,-0.873581111,0,0.873581111,-0.486777782,0,0,0,1],"scale":1.20000005,"type":"garbage_plasticbag_black"}
{"pos":[790.711975,-236.947998,53.3567047],"rotationMatrix":[-0.903590679,-0.4282884,0,0.4282884,-0.903590679,0,0,0,1],"scale":1.20000005,"type":"garbage_plasticbag_black"}
{"pos":[791.732971,-234.938995,53.3567047],"rotationMatrix":[0.956428468,0.291952789,0,-0.291952789,0.956428468,0,0,0,1],"scale":1.20000005,"type":"garbage_plasticbag_black"}
{"pos":[780.257019,-198.214996,53.1046982],"rotationMatrix":[-0.583844066,0.811944783,0,-0.811944783,-0.583844066,0,0,0,1],"scale":1.20000005,"type":"garbage_plasticbag_black"}
{"pos":[594.489014,-157.639999,53.4938011],"rotationMatrix":[0.875399709,0.48342526,0,-0.48342526,0.875399709,0,0,0,1],"scale":1.20000005,"type":"garbage_plasticbag_black"}
{"pos":[587.277954,-151.609818,53.4009857],"rotationMatrix":[0.915621698,0.402049959,0,-0.402049959,0.915621698,0,0,0,1],"scale":1.20000005,"type":"garbage_plasticbag_black"}
{"pos":[703.846008,-356.763,56.6314926],"rotationMatrix":[0.110488832,0.993947685,0,-0.993947685,0.110488832,0,0,0,1],"scale":1.20000005,"type":"garbage_plasticbag_black"}
{"pos":[700.81897,-356.608002,57.8785019],"rotationMatrix":[0.697980106,-0.716112077,0,0.716112077,0.697980106,0,0,0,1],"scale":1.20000005,"type":"garbage_plasticbag_black"}
{"pos":[700.424011,-356.40799,56.6174011],"rotationMatrix":[-0.855123281,-0.518147826,0,0.518147826,-0.855123281,0,0,0,1],"scale":1.20000005,"type":"garbage_plasticbag_black"}
{"pos":[700.117004,-356.802002,56.6383018],"rotationMatrix":[0.840500474,0.541812658,0,-0.541812658,0.840500474,0,0,0,1],"scale":1.20000005,"type":"garbage_plasticbag_black"}
{"pos":[712.419006,-356.088989,56.536068],"rotationMatrix":[0.994612753,-0.103665061,0,0.103665061,0.994612753,0,0,0,1],"scale":1.20000005,"type":"garbage_plasticbag_black"}
{"pos":[713.297974,-356.048004,56.6633987],"rotationMatrix":[0.998769939,-0.0495851226,0,0.0495851226,0.998769939,0,0,0,1],"scale":1.20000005,"type":"garbage_plasticbag_black"}
{"pos":[713.301025,-355.39801,56.5016861],"rotationMatrix":[-0.896572948,-0.442689478,0,0.442689478,-0.896572948,0,0,0,1],"scale":1.20000005,"type":"garbage_plasticbag_black"}
{"pos":[708.395996,-326.563995,56.6767464],"rotationMatrix":[0.260428786,-0.965541184,0,0.965541184,0.260428786,0,0,0,1],"scale":1.20000005,"type":"garbage_plasticbag_black"}
{"pos":[710.900024,-328.992004,56.7284851],"rotationMatrix":[-0.819850326,-0.572721541,0,0.572721541,-0.819850326,0,0,0,1],"scale":1.20000005,"type":"garbage_plasticbag_black"}
{"pos":[711.780029,-405.223999,55.4527359],"rotationMatrix":[0.16252327,-0.986697972,0,0.986697972,0.16252327,0,0,0,1],"scale":1.20000005,"type":"garbage_plasticbag_black"}
{"pos":[711.271973,-395.169006,55.6806717],"rotationMatrix":[-0.159155488,0.987253904,0,-0.987253904,-0.159155488,0,0,0,1],"scale":1.20000005,"type":"garbage_plasticbag_black"}
{"pos":[716.340027,-481.677002,57.0858994],"rotationMatrix":[0.593919277,0.804501235,0,-0.804501235,0.593919277,0,0,0,1],"scale":1.20000005,"type":"garbage_plasticbag_black"}
{"pos":[718.427002,-482.076996,57.0821457],"rotationMatrix":[0.646863937,0.762578964,0,-0.762578964,0.646863937,0,0,0,1],"scale":1.20000005,"type":"garbage_plasticbag_black"}
{"pos":[714.025024,-480.022003,57.0657005],"rotationMatrix":[-0.69574523,-0.718223929,0,0.718223929,-0.69574523,0,0,0,1],"scale":1.20000005,"type":"garbage_plasticbag_black"}
{"pos":[713.44397,-479.38501,57.1552773],"rotationMatrix":[0.0817164183,0.996614158,0,-0.996614158,0.0817164183,0,0,0,1],"scale":1.20000005,"type":"garbage_plasticbag_black"}
{"pos":[707.020996,-480.967987,57.1582603],"rotationMatrix":[-0.848964453,0.528248072,0,-0.528248072,-0.848964453,0,0,0,1],"scale":1.20000005,"type":"garbage_plasticbag_black"}
{"pos":[708.247986,-481.867004,57.1525307],"rotationMatrix":[0.987327695,0.158690557,0,-0.158690557,0.987327695,0,0,0,1],"scale":1.20000005,"type":"garbage_plasticbag_black"}
{"pos":[792.940918,-275.031097,53.1630707],"rotationMatrix":[0.979786694,0.200045064,0,-0.200045064,0.979786694,0,0,0,1],"scale":1.20000005,"type":"garbage_plasticbag_black"}
{"pos":[791.81543,-274.83905,53.1766968],"rotationMatrix":[0.0100297006,-0.999949694,0,0.999949694,0.0100297006,0,0,0,1],"scale":1.20000005,"type":"garbage_plasticbag_black"}
{"pos":[789.566528,-276.959656,53.021904],"rotationMatrix":[0.863402843,0.504515171,0,-0.504515171,0.863402843,0,0,0,1],"scale":1.20000005,"type":"garbage_plasticbag_black"}
{"pos":[707.175354,-57.1084366,51.8205185],"rotationMatrix":[0.927729428,0.373253345,0,-0.373253345,0.927729428,0,0,0,1],"scale":1.20000005,"type":"garbage_plasticbag_black"}
{"pos":[707.148438,-57.8598633,51.8183594],"rotationMatrix":[-0.848821104,-0.528680146,0,0.528680146,-0.848821104,0,0,0,1],"scale":1.20000005,"type":"garbage_plasticbag_black"}
{"pos":[570.144653,18.3644447,53.2171936],"rotationMatrix":[-0.958056033,-0.28658101,0,0.28658101,-0.958056033,0,0,0,1],"scale":1.20000005,"type":"garbage_plasticbag_black"}
