{"pos":[798.68103,-173.304993,53.5892982],"rotationMatrix":[-0.657656193,-0.753264964,0,0.753264964,-0.657656193,0,0,0,1],"scale":1.20000005,"type":"garbage_bottle_b"}
{"pos":[796.877991,-173.815994,53.3597336],"rotationMatrix":[0.436077952,0.899938822,0,-0.899938822,0.436077952,0,0,0,1],"scale":1.20000005,"type":"garbage_bottle_b"}
{"pos":[785.291992,-173.343994,53.5875015],"rotationMatrix":[-0.962180376,-0.272387505,0,0.272387505,-0.962180376,0,0,0,1],"scale":1.20000005,"type":"garbage_bottle_b"}
{"pos":[781.062988,-184.677002,53.1279984],"rotationMatrix":[0.697202444,0.716877818,0,-0.716877818,0.697202444,0,0,0,1],"scale":1.20000005,"type":"garbage_bottle_b"}
{"pos":[780.684998,-185.494995,53.1180992],"rotationMatrix":[-0.996002078,0.0885113999,0,-0.0885113999,-0.996002078,0,0,0,1],"scale":1.20000005,"type":"garbage_bottle_b"}
{"pos":[774.330017,-174.938995,53.1708984],"rotationMatrix":[-0.277121544,-0.960997641,0,0.960997641,-0.277121544,0,0,0,1],"scale":1.20000005,"type":"garbage_bottle_b"}
{"pos":[774.892029,-180.501007,53.2658997],"rotationMatrix":[-0.999200225,0.0361927636,0,-0.0361927636,-0.999200225,0,0,0,1],"scale":1.20000005,"type":"garbage_bottle_b"}
{"pos":[770.315002,-180.699005,53.2907982],"rotationMatrix":[-0.495066285,0.868923008,0,-0.868923008,-0.495066285,0,0,0,1],"scale":1.20000005,"type":"garbage_bottle_b"}
{"pos":[753.278992,-173.800995,53.4372215],"rotationMatrix":[0.865215659,-0.50139147,0,0.50139147,0.865215659,0,0,0,1],"scale":1.20000005,"type":"garbage_bottle_b"}
{"pos":[791.424988,-236.791,53.3567047],"rotationMatrix":[-0.874435306,-0.485018104,0,0.485018104,-0.874435306,0,0,0,1],"scale":1.20000005,"type":"garbage_bottle_b"}
{"pos":[791.911987,-237.503998,53.3567047],"rotationMatrix":[-0.0813322067,0.996625602,0,-0.996625602,-0.0813322067,0,0,0,1],"scale":1.20000005,"type":"garbage_bottle_b"}
{"pos":[791.25,-237.737,53.3567047],"rotationMatrix":[0.963765681,0.266750276,0,-0.266750276,0.963765681,0,0,0,1],"scale":1.20000005,"type":"garbage_bottle_b"}
{"pos":[792.846008,-258.01001,53.1648788],"rotationMatrix":[0.996847808,0.0793364793,0,-0.0793364793,0.996847808,0,0,0,1],"scale":1.20000005,"type":"garbage_bottle_b"}
{"pos":[785.968994,-275.731995,53.0348015],"rotationMatrix":[0.722189426,0.691731215,0,-0.691731215,0.722189426,0,0,0,1],"scale":1.20000005,"type":"garbage_bottle_b"}
{"pos":[793.143005,-275.904999,53.1684952],"rotationMatrix":[-0.406499863,-0.913570881,0,0.913570881,-0.406499863,0,0,0,1],"scale":1.20000005,"type":"garbage_bottle_b"}
{"pos":[741.906982,-182.072998,53.4507713],"rotationMatrix":[-0.346440554,-0.937995672,0,0.937995672,-0.346440554,0,0,0,1],"scale":1.20000005,"type":"garbage_bottle_b"}
{"pos":[745.367981,-182.5,53.475563],"rotationMatrix":[0.219000041,-0.975718856,0,0.975718856,0.219000041,0,0,0,1],"scale":1.20000005,"type":"garbage_bottle_b"}
{"pos":[723.474976,-174.759995,53.3656006],"rotationMatrix":[0.992943287,-0.11858616,0,0.11858616,0.992943287,0,0,0,1],"scale":1.20000005,"type":"garbage_bottle_b"}
{"pos":[677.203979,-182.953003,53.3709984],"rotationMatrix":[0.0356172323,0.999380529,0,-0.999380529,0.0356172323,0,0,0,1],"scale":1.20000005,"type":"garbage_bottle_b"}
{"pos":[675.601013,-181.154999,53.3764915],"rotationMatrix":[-0.629734635,0.776683092,0,-0.776683092,-0.629734635,0,0,0,1],"scale":1.20000005,"type":"garbage_bottle_b"}
{"pos":[662.023987,-166.936005,53.3739929],"rotationMatrix":[-0.995602369,0.0926979184,0,-0.0926979184,-0.995602369,0,0,0,1],"scale":1.20000005,"type":"garbage_bottle_b"}
{"pos":[664.794006,-170.233994,53.3675385],"rotationMatrix":[-0.983235359,0.182430565,0,-0.182430565,-0.983235359,0,0,0,1],"scale":1.20000005,"type":"garbage_bottle_b"}
{"pos":[649.080017,-154.156998,53.3573456],"rotationMatrix":[-0.625404477,0.780338407,0,-0.780338407,-0.625404477,0,0,0,1],"scale":1.20000005,"type":"garbage_bottle_b"}
{"pos":[636.827026,-145.139008,53.373085],"rotationMatrix":[-0.99200809,-0.127145201,0,0.127145201,-0.99200809,0,0,0,1],"scale":1.20000005,"type":"garbage_bottle_b"}
{"pos":[641.638,-145.977005,53.3332977],"rotationMatrix":[0.71332407,-0.700864315,0,0.700864315,0.71332407,0,0,0,1],"scale":1.20000005,"type":"garbage_bottle_b"}
{"pos":[677.177002,-203.789993,53.3415985],"rotationMatrix":[-0.827489614,-0.56130445,0,0.56130445,-0.827489614,0,0,0,1],"scale":1.20000005,"type":"garbage_bottle_b"}
{"pos":[612.192993,-40.2127991,52.9976006],"rotationMatrix":[-0.949917555,-0.312018424,0,0.312018424,-0.949917555,0,0,0,1],"scale":1.20000005,"type":"garbage_bottle_b"}
{"pos":[611.677002,-30.7756996,53.3571014],"rotationMatrix":[-0.938480496,-0.344771892,0,0.344771892,-0.938480496,0,0,0,1],"scale":1.20000005,"type":"garbage_bottle_b"}
{"pos":[597.216064,-25.0031738,52.8828659],"rotationMatrix":[-0.392780542,-0.919619024,0,0.919619024,-0.392780542,0,0,0,1],"scale":1.20000005,"type":"garbage_bottle_b"}
{"pos":[610.333984,-123.523003,53.3418007],"rotationMatrix":[-0.0990513563,-0.995121062,0,0.995121062,-0.0990513563,0,0,0,1],"scale":1.20000005,"type":"garbage_bottle_b"}
{"pos":[596.182983,-76.4710007,51.3418007],"rotationMatrix":[0.587041259,-0.809559047,0,0.809559047,0.587041259,0,0,0,1],"scale":1.20000005,"type":"garbage_bottle_b"}
{"pos":[606.536987,-83.5962982,51.3862],"rotationMatrix":[0.630887687,0.775857627,0,-0.775857627,0.630887687,0,0,0,1],"scale":1.20000005,"type":"garbage_bottle_b"}
{"pos":[588.096008,-154.128006,53.5167313],"rotationMatrix":[0.759043217,-0.651020706,0,0.651020706,0.759043217,0,0,0,1],"scale":1.20000005,"type":"garbage_bottle_b"}
{"pos":[587.432007,-153.352005,53.5157433],"rotationMatrix":[0.977865934,-0.209242791,0,0.209242791,0.977865934,0,0,0,1],"scale":1.20000005,"type":"garbage_bottle_b"}
{"pos":[724.479675,-300.463196,55.5150986],"rotationMatrix":[0.720247984,0.693695247,0,-0.693695247,0.720247984,0,0,0,1],"scale":1.20000005,"type":"garbage_bottle_b"}
{"pos":[695.421997,-355.777008,56.6288986],"rotationMatrix":[-0.06901443,0.997659028,0,-0.997659028,-0.06901443,0,0,0,1],"scale":1.20000005,"type":"garbage_bottle_b"}
{"pos":[714.767029,-480.364014,57.1451645],"rotationMatrix":[-0.994403958,-0.10724964,0,0.10724964,-0.994403958,0,0,0,1],"scale":1.20000005,"type":"garbage_bottle_b"}
{"pos":[715.393982,-479.885986,57.1451645],"rotationMatrix":[-0.947153807,-0.320677489,0,0.320677489,-0.947153807,0,0,0,1],"scale":1.20000005,"type":"garbage_bottle_b"}
{"pos":[717.968994,-480.937988,57.1062927],"rotationMatrix":[-1,-0.00620000018,0,0.00620000018,-1,0,0,0,1],"scale":1.20000005,"type":"garbage_bottle_b"}
{"pos":[714.671021,-478.332001,57.3464012],"rotationMatrix":[-0.12469995,-0.992117643,0,0.992117643,-0.12469995,0,0,0,1],"scale":1.20000005,"type":"garbage_bottle_b"}
{"pos":[707.979004,-481.265015,57.1554413],"rotationMatrix":[-0.278720379,-0.960479558,0,0.960479558,-0.278720379,0,0,0,1],"scale":1.20000005,"type":"garbage_bottle_b"}
{"pos":[734.817017,-442.94101,53.3661003],"rotationMatrix":[-0.777743578,0.62865907,0,-0.62865907,-0.777743578,0,0,0,1],"scale":1.20000005,"type":"garbage_bottle_b"}
{"pos":[461.885986,9.9041996,53.2242432],"rotationMatrix":[0.979799509,0.199974909,0,-0.199974909,0.979799509,0,0,0,1],"scale":1.20000005,"type":"garbage_bottle_b"}
{"pos":[791.069458,-274.463959,53.0325928],"rotationMatrix":[-0.739749491,-0.672882318,0,0.672882318,-0.739749491,0,0,0,1],"scale":1.20000005,"type":"garbage_bottle_b"}
{"pos":[790.186951,-277.414886,53.016716],"rotationMatrix":[0.0147227813,0.999891639,0,-0.999891639,0.0147227813,0,0,0,1],"scale":1.20000005,"type":"garbage_bottle_b"}
{"pos":[788.313599,-275.061218,53.0373077],"rotationMatrix":[0.372569352,-0.928004324,0,0.928004324,0.372569352,0,0,0,1],"scale":1.20000005,"type":"garbage_bottle_b"}
{"pos":[789.021667,-274.618439,53.0392532],"rotationMatrix":[0.118772335,0.992921531,0,-0.992921531,0.118772335,0,0,0,1],"scale":1.20000005,"type":"garbage_bottle_b"}
{"pos":[789.91333,-275.967651,53.0276794],"rotationMatrix":[-0.710806608,-0.703387439,0,0.703387439,-0.710806608,0,0,0,1],"scale":1.20000005,