{"pos":[-95.7764511,543.700195,269.879822],"rotationMatrix":[-0.689547777,-0.724240005,0,0.724240005,-0.689547777,0,0,0,0.999999881],"scale":1.20000005,"type":"garbage_cardboard_box_b"}
{"pos":[-110.817223,370.873322,264.541626],"rotationMatrix":[-0.902152956,0.431416333,0,-0.431416333,-0.902152956,0,0,0,0.999999881],"scale":1.20000005,"type":"garbage_cardboard_box_b"}
