{"pos":[792.904846,-200.319763,71.3610992],"rotationMatrix":[0.166524768,-0.986037195,0,0.986037195,0.166524768,0,0,0,0.999999881],"scale":1.20000005,"type":"garbage_cardboard_box_a"}
