{"pos":[785.445007,-173.858994,53.2915459],"rotationMatrix":[-0.933364511,0.359261274,0,-0.359261274,-0.933364511,0,0,0,1],"scale":1.20000005,"type":"garbage_cardboard_box_a"}
{"pos":[785.210999,-198.733994,53.6843987],"rotationMatrix":[-0.829019427,-0.559052944,0,0.559052944,-0.829019427,0,0,0,1],"scale":1.20000005,"type":"garbage_cardboard_box_a"}
{"pos":[789.393005,-199.065002,53.6843987],"rotationMatrix":[0.689054966,0.724723458,0,-0.724723458,0.689054966,0,0,0,1],"scale":1.20000005,"type":"garbage_cardboard_box_a"}
{"pos":[750.151978,-356.325012,53.3177986],"rotationMatrix":[0.918149412,-0.396224797,0,0.396224797,0.918149412,0,0,0,1],"scale":1.20000005,"type":"garbage_cardboard_box_a"}
{"pos":[791.880005,-257.850006,53.1675453],"rotationMatrix":[-0.481953382,-0.876122236,0,0.876122236,-0.481953382,0,0,0,1],"scale":1.20000005,"type":"garbage_cardboard_box_a"}
{"pos":[786.546997,-276.552002,53.0287971],"rotationMatrix":[0.376825511,-0.926277101,0,0.926277101,0.376825511,0,0,0,1],"scale":1.20000005,"type":"garbage_cardboard_box_a"}
{"pos":[786.744995,-275.588013,53.035099],"rotationMatrix":[0.907635987,-0.419742674,0,0.419742674,0.907635987,0,0,0,1],"scale":1.20000005,"type":"garbage_cardboard_box_a"}
{"pos":[791.085999,-276.700989,53.0160866],"rotationMatrix":[0.453151226,-0.891439915,0,0.891439915,0.453151226,0,0,0,1],"scale":1.20000005,"type":"garbage_cardboard_box_a"}
{"pos":[588.388,-153.703125,53.4723206],"rotationMatrix":[-0.154288173,-0.988065839,0,0.988065839,-0.154288173,0,0,0,1],"scale":1.20000005,"type":"garbage_cardboard_box_a"}
{"pos":[587.607971,-153.082458,53.476799],"rotationMatrix":[0.940969527,-0.338480353,0,0.338480353,0.940969527,0,0,0,1],"scale":1.20000005,"type":"garbage_cardboard_box_a"}
{"pos":[590.914978,-146.251007,53.4526176],"rotationMatrix":[0.997605681,-0.0691584796,0,0.0691584796,0.997605681,0,0,0,1],"scale":1.20000005,"type":"garbage_cardboard_box_a"}
{"pos":[585.601013,-162.643997,53.3418007],"rotationMatrix":[0.998187959,-0.060169898,0,0.060169898,0.998187959,0,0,0,1],"scale":1.20000005,"type":"garbage_cardboard_box_a"}
{"pos":[723.674683,-300.859192,55.5742989],"rotationMatrix":[0.91397047,0.405798823,0,-0.405798823,0.91397047,0,0,0,1],"scale":1.20000005,"type":"garbage_cardboard_box_a"}
{"pos":[722.987671,-300.591187,55.5713005],"rotationMatrix":[-0.597041845,0.802274108,0,-0.802274108,-0.597041845,0,0,0,1],"scale":1.20000005,"type":"garbage_cardboard_box_a"}
{"pos":[699.63501,-356.811005,56.6152],"rotationMatrix":[0.817350328,-0.576114058,0,0.576114058,0.817350328,0,0,0,1],"scale":1.20000005,"type":"garbage_cardboard_box_a"}
{"pos":[698.255981,-356.95401,56.6343994],"rotationMatrix":[-0.273607969,-0.961909175,0,0.961909175,-0.273607969,0,0,0,1],"scale":1.20000005,"type":"garbage_cardboard_box_a"}
{"pos":[712.231995,-436.156006,56.351799],"rotationMatrix":[-0.998000383,0.0641678944,0,-0.0641678944,-0.998000383,0,0,0,1],"scale":1.20000005,"type":"garbage_cardboard_box_a"}
{"pos":[716.408997,-481.014008,57.1242371],"rotationMatrix":[-0.750694633,-0.660533547,0,0.660533547,-0.750694633,0,0,0,1],"scale":1.20000005,"type":"garbage_cardboard_box_a"}
{"pos":[722.304016,-440.321991,53.3796997],"rotationMatrix":[-0.845504761,0.534093618,0,-0.534093618,-0.845504761,0,0,0,1],"scale":1.20000005,"type":"garbage_cardboard_box_a"}
{"pos":[711.825989,-439.153992,56.3799019],"rotationMatrix":[-0.927862525,-0.373084009,0,0.373084009,-0.927862525,0,0,0,1],"scale":1.20000005,"type":"garbage_cardboard_box_a"}
{"pos":[697.607483,-41.310936,51.8305283],"rotationMatrix":[-0.694081306,-0.719896615,0,0.719896615,-0.694081306,0,0,0,1],"scale":1.20000005,"type":"garbage_cardboard_box_a"}
