{"pos":[788.348022,-198.908997,53.6843987],"rotationMatrix":[-1,0.0186000001,0,-0.0186000001,-1,0,0,0,1],"scale":1.20000005,"type":"garbage_cardboard_box_b"}
{"pos":[782.27002,-198.996002,53.6843987],"rotationMatrix":[0.994360805,-0.106051326,0,0.106051326,0.994360805,0,0,0,1],"scale":1.20000005,"type":"garbage_cardboard_box_b"}
{"pos":[791.91803,-257.696991,53.1683159],"rotationMatrix":[-0.999200225,0.0413917229,0,-0.0413917229,-0.999200225,0,0,0,1],"scale":1.20000005,"type":"garbage_cardboard_box_b"}
{"pos":[785.484009,-258.653015,53.1665802],"rotationMatrix":[-1,-0.00639999984,0,0.00639999984,-1,0,0,0,1],"scale":1.20000005,"type":"garbage_cardboard_box_b"}
{"pos":[785.763977,-276.856995,53.0265617],"rotationMatrix":[-1,-0.0175999999,0,0.0175999999,-1,0,0,0,1],"scale":1.20000005,"type":"garbage_cardboard_box_b"}
{"pos":[785.877014,-274.239014,53.0517769],"rotationMatrix":[-0.78151679,-0.623663008,0,0.623663008,-0.78151679,0,0,0,1],"scale":1.20000005,"type":"garbage_cardboard_box_b"}
{"pos":[784.822998,-274.273987,53.3363991],"rotationMatrix":[0.241088033,0.970446408,0,-0.970446408,0.241088033,0,0,0,1],"scale":1.20000005,"type":"garbage_cardboard_box_b"}
{"pos":[785.716003,-276.096008,53.0321312],"rotationMatrix":[0.384172022,-0.923242629,0,0.923242629,0.384172022,0,0,0,1],"scale":1.20000005,"type":"garbage_cardboard_box_b"}
{"pos":[792.028992,-276.529999,53.1613617],"rotationMatrix":[0.995749593,0.0920985863,0,-0.0920985863,0.995749593,0,0,0,1],"scale":1.20000005,"type":"garbage_cardboard_box_b"}
{"pos":[593.322998,-158.834,53.3418007],"rotationMatrix":[0.415286958,-0.909673691,0,0.909673691,0.415286958,0,0,0,1],"scale":1.20000005,"type":"garbage_cardboard_box_b"}
{"pos":[585.02301,-161.841003,53.487999],"rotationMatrix":[-0.883740425,-0.467780977,0,0.467780977,-0.883740425,0,0,0,1],"scale":1.20000005,"type":"garbage_cardboard_box_b"}
{"pos":[746.568726,-275.664185,53.5187988],"rotationMatrix":[0.803936779,-0.594702184,0,0.594702184,0.803936779,0,0,0,1],"scale":1.20000005,"type":"garbage_cardboard_box_b"}
{"pos":[746.784668,-276.706207,53.5209999],"rotationMatrix":[-0.82137692,-0.570098817,0,0.570098817,-0.82137692,0,0,0,1],"scale":1.20000005,"type":"garbage_cardboard_box_b"}
{"pos":[745.843689,-275.244202,53.5164986],"rotationMatrix":[-0.470955372,-0.882127285,0,0.882127285,-0.470955372,0,0,0,1],"scale":1.20000005,"type":"garbage_cardboard_box_b"}
{"pos":[710.697998,-328.223999,56.7307472],"rotationMatrix":[0.379279196,-0.925343096,0,0.925343096,0.379279196,0,0,0,1],"scale":1.20000005,"type":"garbage_cardboard_box_b"}
{"pos":[749.968018,-339.360992,53.3177986],"rotationMatrix":[-0.0617159605,0.998182058,0,-0.998182058,-0.0617159605,0,0,0,1],"scale":1.20000005,"type":"garbage_cardboard_box_b"}
{"pos":[711.406006,-403.205994,55.4887848],"rotationMatrix":[-0.942420363,0.334478676,0,-0.334478676,-0.942420363,0,0,0,1],"scale":1.20000005,"type":"garbage_cardboard_box_b"}
{"pos":[712.291016,-403.830994,55.4750404],"rotationMatrix":[0.889267802,-0.457376152,0,0.457376152,0.889267802,0,0,0,1],"scale":1.20000005,"type":"garbage_cardboard_box_b"}
{"pos":[714.577026,-478.993011,57.1542969],"rotationMatrix":[0.541118026,0.840932369,0,-0.840932369,0.541118026,0,0,0,1],"scale":1.20000005,"type":"garbage_cardboard_box_b"}
{"pos":[713.846008,-478.704987,57.1577339],"rotationMatrix":[-0.797408104,0.60349685,0,-0.60349685,-0.797408104,0,0,0,1],"scale":1.20000005,"type":"garbage_cardboard_box_b"}
{"pos":[720.145996,-484.987,56.9871178],"rotationMatrix":[0.564942122,-0.825154841,0,0.825154841,0.564942122,0,0,0,1],"scale":1.20000005,"type":"garbage_cardboard_box_b"}
{"pos":[707.317993,-479.795013,57.160408],"rotationMatrix":[0.997202456,0.0747476369,0,-0.0747476369,0.997202456,0,0,0,1],"scale":1.20000005,"type":"garbage_cardboard_box_b"}
{"pos":[707.265015,-481.751007,57.1549683],"rotationMatrix":[0.827010393,-0.56220156,0,0.56220156,0.827010393,0,0,0,1],"scale":1.20000005,"type":"garbage_cardboard_box_b"}
{"pos":[706.965027,-482.669006,57.1522217],"rotationMatrix":[0.0705702305,-0.997463405,0,0.997463405,0.0705702305,0,0,0,1],"scale":1.20000005,"type":"garbage_cardboard_box_b"}
{"pos":[711.612976,-439.946014,56.3917999],"rotationMatrix":[-0.996002078,0.0911088064,0,-0.0911088064,-0.996002078,0,0,0,1],"scale":1.20000005,"type":"garbage_cardboard_box_b"}
{"pos":[710.77002,-438.489014,56.4001007],"rotationMatrix":[0.951140642,0.30875501,0,-0.30875501,0.951140642,0,0,0,1],"scale":1.20000005,"type":"garbage_cardboard_box_b"}
{"pos":[708.088013,-56.6078873,51.8174095],"rotationMatrix":[0.939804912,-0.341711491,0,0.341711491,0.939804912,0,0,0,1],"scale":1.20000005,"type":"garbage_cardboard_box_b"}
