{"pos":[795.11499,-173.451996,53.3623352],"rotationMatrix":[0.399611115,0.916746318,0,-0.916746318,0.399611115,0,0,0,1],"scale":1.20000005,"type":"garbage_bottle_a"}
{"pos":[773.156006,-181.772995,53.287899],"rotationMatrix":[-0.927077055,0.375167519,0,-0.375167519,-0.927077055,0,0,0,1],"scale":1.20000005,"type":"garbage_bottle_a"}
{"pos":[774.63501,-182.141006,53.2849998],"rotationMatrix":[-0.892290592,0.451332778,0,-0.451332778,-0.892290592,0,0,0,1],"scale":1.20000005,"type":"garbage_bottle_a"}
{"pos":[773.867004,-174.356003,53.1762009],"rotationMatrix":[0.768119514,0.640276194,0,-0.640276194,0.768119514,0,0,0,1],"scale":1.20000005,"type":"garbage_bottle_a"}
{"pos":[777.098999,-174.270004,53.1150017],"rotationMatrix":[-0.865539193,0.500670731,0,-0.500670731,-0.865539193,0,0,0,1],"scale":1.20000005,"type":"garbage_bottle_a"}
{"pos":[775.231018,-181.481995,53.2714005],"rotationMatrix":[0.446437597,-0.894790828,0,0.894790828,0.446437597,0,0,0,1],"scale":1.20000005,"type":"garbage_bottle_a"}
{"pos":[773.911133,-180.256134,53.1795654],"rotationMatrix":[-0.613526344,0.789877057,0,-0.789877057,-0.613526344,0,0,0,1],"scale":1.20000005,"type":"garbage_bottle_a"}
{"pos":[767.952026,-181.130997,53.3750496],"rotationMatrix":[-0.760813832,0.648740649,0,-0.648740649,-0.760813832,0,0,0,1],"scale":1.20000005,"type":"garbage_bottle_a"}
{"pos":[760.047974,-181.378998,53.3970985],"rotationMatrix":[-0.901639938,-0.432164311,0,0.432164311,-0.901639938,0,0,0,1],"scale":1.20000005,"type":"garbage_bottle_a"}
{"pos":[752.481995,-174.841003,53.2777519],"rotationMatrix":[-0.51693356,-0.855920494,0,0.855920494,-0.51693356,0,0,0,1],"scale":1.20000005,"type":"garbage_bottle_a"}
{"pos":[791.372986,-236.126007,53.3567047],"rotationMatrix":[-0.753689885,0.657352805,0,-0.657352805,-0.753689885,0,0,0,1],"scale":1.20000005,"type":"garbage_bottle_a"}
{"pos":[787.047974,-199.815002,53.2607994],"rotationMatrix":[0.299071968,-0.954185605,0,0.954185605,0.299071968,0,0,0,1],"scale":1.20000005,"type":"garbage_bottle_a"}
{"pos":[781.768005,-190.343994,53.1478004],"rotationMatrix":[-0.982040644,-0.187751308,0,0.187751308,-0.982040644,0,0,0,1],"scale":1.20000005,"type":"garbage_bottle_a"}
{"pos":[780.015015,-191.397995,53.1287003],"rotationMatrix":[0.975491047,0.220049456,0,-0.220049456,0.975491047,0,0,0,1],"scale":1.20000005,"type":"garbage_bottle_a"}
{"pos":[750.620972,-355.816986,53.4468002],"rotationMatrix":[0.259212017,-0.965848267,0,0.965848267,0.259212017,0,0,0,1],"scale":1.20000005,"type":"garbage_bottle_a"}
{"pos":[791.278992,-257.792999,53.1689606],"rotationMatrix":[-0.107667208,-0.994251192,0,0.994251192,-0.107667208,0,0,0,1],"scale":1.20000005,"type":"garbage_bottle_a"}
{"pos":[791.482971,-276.470001,53.0679817],"rotationMatrix":[-0.999599934,0.0305969398,0,-0.0305969398,-0.999599934,0,0,0,1],"scale":1.20000005,"type":"garbage_bottle_a"}
{"pos":[744.174011,-182.455002,53.4678421],"rotationMatrix":[0.595179975,0.803611398,0,-0.803611398,0.595179975,0,0,0,1],"scale":1.20000005,"type":"garbage_bottle_a"}
{"pos":[722.77002,-173.839005,53.399601],"rotationMatrix":[-0.963765502,-0.266552091,0,0.266552091,-0.963765502,0,0,0,1],"scale":1.20000005,"type":"garbage_bottle_a"}
{"pos":[678.627991,-182.341003,53.3658981],"rotationMatrix":[-0.0751645565,-0.99715203,0,0.99715203,-0.0751645565,0,0,0,1],"scale":1.20000005,"type":"garbage_bottle_a"}
{"pos":[675.630981,-179.794998,53.370327],"rotationMatrix":[0.95275265,-0.303741932,0,0.303741932,0.95275265,0,0,0,1],"scale":1.20000005,"type":"garbage_bottle_a"}
{"pos":[665.53302,-170.737,53.3715515],"rotationMatrix":[0.948800027,-0.315871984,0,0.315871984,0.948800027,0,0,0,1],"scale":1.20000005,"type":"garbage_bottle_a"}
{"pos":[662.914978,-166.707993,53.3334923],"rotationMatrix":[-0.838978291,0.54407984,0,-0.54407984,-0.838978291,0,0,0,1],"scale":1.20000005,"type":"garbage_bottle_a"}
{"pos":[648.23999,-153.423996,53.3590698],"rotationMatrix":[-0.588118434,0.808940589,0,-0.808940589,-0.588118434,0,0,0,1],"scale":1.20000005,"type":"garbage_bottle_a"}
{"pos":[641.038025,-145.253998,53.330452],"rotationMatrix":[0.967487514,-0.252909005,0,0.252909005,0.967487514,0,0,0,1],"scale":1.20000005,"type":"garbage_bottle_a"}
{"pos":[638.994995,-146.845001,53.3057137],"rotationMatrix":[-0.806140065,0.591466665,0,-0.591466665,-0.806140065,0,0,0,1],"scale":1.20000005,"type":"garbage_bottle_a"}
{"pos":[639.130005,-147.869995,53.2583694],"rotationMatrix":[-0.373487353,0.927646816,0,-0.927646816,-0.373487353,0,0,0,1],"scale":1.20000005,"type":"garbage_bottle_a"}
{"pos":[684.155029,-210.113007,53.3415985],"rotationMatrix":[-0.269780517,0.963012516,0,-0.963012516,-0.269780517,0,0,0,1],"scale":1.20000005,"type":"garbage_bottle_a"}
{"pos":[678.440002,-202.960007,53.3415985],"rotationMatrix":[0.334603548,0.942375839,0,-0.942375839,0.334603548,0,0,0,1],"scale":1.20000005,"type":"garbage_bottle_a"}
{"pos":[613.179993,-39.0093002,53.0312996],"rotationMatrix":[-0.688754439,-0.724828303,0,0.724828303,-0.688754439,0,0,0,1],"scale":1.20000005,"type":"garbage_bottle_a"}
{"pos":[579.052979,-32.3081017,53.4160004],"rotationMatrix":[0.992655277,0.120981842,0,-0.120981842,0.992655277,0,0,0,1],"scale":1.20000005,"type":"garbage_bottle_a"}
{"pos":[610.856995,-124.209,53.3418007],"rotationMatrix":[-0.41254425,0.910993576,0,-0.910993576,-0.41254425,0,0,0,1],"scale":1.20000005,"type":"garbage_bottle_a"}
{"pos":[594.664001,-76.3180008,51.4728012],"rotationMatrix":[-0.99200809,0.125149205,0,-0.125149205,-0.99200809,0,0,0,1],"scale":1.20000005,"type":"garbage_bottle_a"}
{"pos":[607.039978,-82.3248978,51.3914986],"rotationMatrix":[-0.638411999,0.769515991,0,-0.769515991,-0.638411999,0,0,0,1],"scale":1.20000005,"type":"garbage_bottle_a"}
{"pos":[593.893982,-159.445999,53.3748207],"rotationMatrix":[-0.899300456,0.437550515,0,-0.437550515,-0.899300456,0,0,0,1],"scale":1.20000005,"type":"garbage_bottle_a"}
{"pos":[590.737976,-145.556,53.4830666],"rotationMatrix":[0.845876455,-0.533380628,0,0.533380628,0.845876455,0,0,0,1],"scale":1.20000005,"type":"garbage_bottle_a"}
{"pos":[582.668701,-158.084229,53.491993],"rotationMatrix":[-0.13100791,-0.991436779,0,0.991436779,-0.13100791,0,0,0,1],"scale":1.20000005,"type":"garbage_bottle_a"}
{"pos":[586.192993,-143.934998,53.4127998],"rotationMatrix":[-0.0104732513,-0.999953449,0,0.999953449,-0.0104732513,0,0,0,1],"scale":1.20000005,"type":"garbage_bottle_a"}
{"pos":[585.413025,-161.684998,53.3418007],"rotationMatrix":[0.454405427,0.890834928,0,-0.890834928,0.454405427,0,0,0,1],"scale":1.20000005,"type":"garbage_bottle_a"}
{"pos":[704.255005,-355.556,56.5951347],"rotationMatrix":[-0.518675923,0.855017662,0,-0.855017662,-0.518675923,0,0,0,1],"scale":1.20000005,"type":"garbage_bottle_a"}
{"pos":[709.609009,-326.183014,56.6803093],"rotationMatrix":[-0.923152685,-0.384591311,0,0.384591311,-0.923152685,0,0,0,1],"scale":1.20000005,"type":"garbage_bottle_a"}
{"pos":[748.721985,-341.830994,53.3177986],"rotationMatrix":[-0.337920785,0.941075683,0,-0.941075683,-0.337920785,0,0,0,1],"scale":1.20000005,"type":"garbage_bottle_a"}
{"pos":[711.385986,-436.976013,56.4012985],"rotationMatrix":[0.660841525,0.750546694,0,-0.750546694,0.660841525,0,0,0,1],"scale":1.20000005,"type":"garbage_bottle_a"}
{"pos":[713.97699,-477.862,57.1603317],"rotationMatrix":[-0.240627408,-0.970638156,0,0.970638156,-0.240627408,0,0,0,1],"scale":1.20000005,"type":"garbage_bottle_a"}
{"pos":[707.210999,-477.858002,57.0550003],"rotationMatrix":[0.537277997,0.843385398,0,-0.843385398,0.537277997,0,0,0,1],"scale":1.20000005,"type":"garbage_bottle_a"}
{"pos":[706.80603,-480.145996,57.1601181],"rotationMatrix":[-0.545633674,0.838133991,0,-0.838133991,-0.545633674,0,0,0,1],"scale":1.20000005,"type":"garbage_bottle_a"}
{"pos":[461.645996,9.09220028,53.2285385],"rotationMatrix":[-0.862449884,0.506238997,0,-0.506238997,-0.862449884,0,0,0,1],"scale":1.20000005,"type":"garbage_bottle_a"}
{"pos":[790.422058,-275.408508,53.0290489],"rotationMatrix":[-0.680423439,-0.7328192,0,0.7328192,-0.680423439,0,0,0,1],