{"pos":[796.190002,-173.548996,53.3006439],"rotationMatrix":[0.997848332,0.0655671954,0,-0.0655671954,0.997848332,0,0,0,1],"scale":1.20000005,"type":"garbage_sack"}
{"pos":[798.086975,-173.514008,53.2994423],"rotationMatrix":[0.154479921,-0.987913907,0,0.987913907,0.154479921,0,0,0,1],"scale":1.20000005,"type":"garbage_sack"}
{"pos":[787.81897,-173.548004,53.3047447],"rotationMatrix":[-0.998000383,0.0635682046,0,-0.0635682046,-0.998000383,0,0,0,1],"scale":1.20000005,"type":"garbage_sack"}
{"pos":[781.30603,-199.089996,53.6843987],"rotationMatrix":[0.613855302,-0.789426029,0,0.789426029,0.613855302,0,0,0,1],"scale":1.20000005,"type":"garbage_sack"}
{"pos":[754.302979,-345.040009,53.3247986],"rotationMatrix":[0.997672439,0.0681873187,7.13597983e-05,-0.0648737624,0.948869228,0.308924645,0.02099788,-0.308210224,0.951084435],"scale":1.20000005,"type":"garbage_sack"}
{"pos":[793.054993,-257.838989,53.1657524],"rotationMatrix":[-0.365543485,0.93074435,0,-0.93074435,-0.365543485,0,0,0,1],"scale":1.20000005,"type":"garbage_sack"}
{"pos":[784.723999,-258.47699,53.1675453],"rotationMatrix":[0.00228053331,0.999979556,0,-0.999979556,0.00228053331,0,0,0,1],"scale":1.20000005,"type":"garbage_sack"}
{"pos":[784.971008,-275.796997,53.0343246],"rotationMatrix":[-0.557965517,-0.829820514,0,0.829820514,-0.557965517,0,0,0,1],"scale":1.20000005,"type":"garbage_sack"}
{"pos":[595.307983,-159.384003,53.4938011],"rotationMatrix":[-0.276482463,-0.961076677,0,0.961076677,-0.276482463,0,0,0,1],"scale":1.20000005,"type":"garbage_sack"}
{"pos":[584.536987,-161.029007,53.482399],"rotationMatrix":[0.111288905,-0.993767262,0,0.993767262,0.111288905,0,0,0,1],"scale":1.20000005,"type":"garbage_sack"}
{"pos":[588.843994,-154.653,53.4686928],"rotationMatrix":[0.653222084,0.757181764,0,-0.757181764,0.653222084,0,0,0,1],"scale":1.20000005,"type":"garbage_sack"}
{"pos":[586.575684,-151.82785,53.4477348],"rotationMatrix":[-0.932577968,0.361154169,0,-0.361154169,-0.932577968,0,0,0,1],"scale":1.20000005,"type":"garbage_sack"}
{"pos":[586.848022,-152.696487,53.4005013],"rotationMatrix":[-0.746954322,-0.665061355,0,0.665061355,-0.746954322,0,0,0,1],"scale":1.20000005,"type":"garbage_sack"}
{"pos":[587.14801,-162.705002,53.2992287],"rotationMatrix":[-0.103503704,-0.994609177,0,0.994609177,-0.103503704,0,0,0,1],"scale":1.20000005,"type":"garbage_sack"}
{"pos":[586.526978,-161.289993,53.3417168],"rotationMatrix":[0.999991179,-0.00419999985,0,0.00419999985,0.999991179,0,0,0,1],"scale":1.20000005,"type":"garbage_sack"}
{"pos":[585.836975,-161.154007,53.3325691],"rotationMatrix":[-0.993205786,-0.115603141,0,0.115603141,-0.993205786,0,0,0,1],"scale":1.20000005,"type":"garbage_sack"}
{"pos":[723.124695,-301.972198,55.6705017],"rotationMatrix":[0.0672951341,-0.997716904,0,0.997716904,0.0672951341,0,0,0,1],"scale":1.20000005,"type":"garbage_sack"}
{"pos":[703.901978,-356.075012,56.5962486],"rotationMatrix":[-0.999599934,-0.028997099,0,0.028997099,-0.999599934,0,0,0,1],"scale":1.20000005,"type":"garbage_sack"}
{"pos":[712.744995,-355.802002,56.5317802],"rotationMatrix":[-0.841664195,0.539678991,0,-0.539678991,-0.841664195,0,0,0,1],"scale":1.20000005,"type":"garbage_sack"}
{"pos":[711.656982,-356.132996,56.5476074],"rotationMatrix":[0.994838715,-0.101467922,0,0.101467922,0.994838715,0,0,0,1],"scale":1.20000005,"type":"garbage_sack"}
{"pos":[749.992004,-342.053986,53.3177986],"rotationMatrix":[0.0183191895,0.999896348,0,-0.999896348,0.0183191895,0,0,0,1],"scale":1.20000005,"type":"garbage_sack"}
{"pos":[711.19397,-404.794006,55.4646721],"rotationMatrix":[-0.79702878,-0.604191422,0,0.604191422,-0.79702878,0,0,0,1],"scale":1.20000005,"type":"garbage_sack"}
{"pos":[711.39801,-404.131012,55.4680557],"rotationMatrix":[0.968348742,-0.249612361,0,0.249612361,0.968348742,0,0,0,1],"scale":1.20000005,"type":"garbage_sack"}
{"pos":[712.018005,-394.947998,55.6384125],"rotationMatrix":[-0.35103929,0.936308444,0,-0.936308444,-0.35103929,0,0,0,1],"scale":1.20000005,"type":"garbage_sack"}
{"pos":[719.117981,-485.226013,57.0013046],"rotationMatrix":[-0.996801257,-0.0777377561,0,0.0777377561,-0.996801257,0,0,0,1],"scale":1.20000005,"type":"garbage_sack"}
{"pos":[714.890015,-480.052002,57.1472397],"rotationMatrix":[-0.931791663,0.363439441,0,-0.363439441,-0.931791663,0,0,0,1],"scale":1.20000005,"type":"garbage_sack"}
{"pos":[789.683777,-275.291779,53.0318565],"rotationMatrix":[0.245197222,0.969473243,0,-0.969473243,0.245197222,0,0,0,1],"scale":1.20000005,"type":"garbage_sack"}
{"pos":[708.244263,-54.9777374,51.8221321],"rotationMatrix":[-0.0235697739,0.999722183,0,-0.999722183,-0.0235697739,0,0,0,1],"scale":1.20000005,"type":"garbage_sack"}
