{"pos":[-110.520203,371.679443,264.541626],"rotationMatrix":[-0.864736736,-0.502225399,0,0.502225399,-0.864736736,0,-0,0,0.999999881],"scale":1.20000005,"type":"garbage_plasticbag"}
