{"pos":[798.132019,-172.733994,53.0923004],"rotationMatrix":[-0.0842753649,-0.99650842,0,0.99650842,-0.0842753649,0,0,0,1],"scale":1.20000005,"type":"garbage_littlebox"}
{"pos":[773.773987,-182.518997,53.3435478],"rotationMatrix":[-0.687651992,0.726245165,0,-0.726245165,-0.687651992,0,0,0,1],"scale":1.20000005,"type":"garbage_littlebox"}
{"pos":[792.237,-236.496002,53.3567047],"rotationMatrix":[-0.990810513,-0.13608627,0,0.13608627,-0.990810513,0,0,0,1],"scale":1.20000005,"type":"garbage_littlebox"}
{"pos":[790.315979,-199.365997,53.6843987],"rotationMatrix":[0.661335468,-0.750082254,0,0.750082254,0.661335468,0,0,0,1],"scale":1.20000005,"type":"garbage_littlebox"}
{"pos":[750.5,-341.062012,53.4480019],"rotationMatrix":[0.338980019,0.940766275,0,-0.940766275,0.338980019,0,0,0,1],"scale":1.20000005,"type":"garbage_littlebox"}
{"pos":[792.890015,-258.468994,53.161438],"rotationMatrix":[0.732527018,-0.680714011,0,0.680714011,0.732527018,0,0,0,1],"scale":1.20000005,"type":"garbage_littlebox"}
{"pos":[787.698975,-274.441986,53.0209885],"rotationMatrix":[-0.962972999,-0.269272268,0,0.269272268,-0.962972999,0,0,0,1],"scale":1.20000005,"type":"garbage_littlebox"}
{"pos":[792.481018,-275.584015,53.1636124],"rotationMatrix":[0.93132782,0.364188612,0,-0.364188612,0.93132782,0,0,0,1],"scale":1.20000005,"type":"garbage_littlebox"}
{"pos":[791.879028,-277.843994,53.1556473],"rotationMatrix":[-0.271693468,0.962302327,0,-0.962302327,-0.271693468,0,0,0,1],"scale":1.20000005,"type":"garbage_littlebox"}
{"pos":[594.70697,-158.490997,53.4938011],"rotationMatrix":[0.985345304,-0.170566559,0,0.170566559,0.985345304,0,0,0,1],"scale":1.20000005,"type":"garbage_littlebox"}
{"pos":[588.440979,-155.473999,53.4933014],"rotationMatrix":[0.929912329,-0.367773116,0,0.367773116,0.929912329,0,0,0,1],"scale":1.20000005,"type":"garbage_littlebox"}
{"pos":[589.950989,-146.391006,53.4347992],"rotationMatrix":[0.759043217,-0.651020706,0,0.651020706,0.759043217,0,0,0,1],"scale":1.20000005,"type":"garbage_littlebox"}
{"pos":[590.049988,-145.449997,53.4272003],"rotationMatrix":[0.292425931,0.956319451,0,-0.956319451,0.292425931,0,0,0,1],"scale":1.20000005,"type":"garbage_littlebox"}
{"pos":[586.93103,-161.970001,53.3418007],"rotationMatrix":[-0.958220482,0.285767585,0,-0.285767585,-0.958220482,0,0,0,1],"scale":1.20000005,"type":"garbage_littlebox"}
{"pos":[704.072998,-356.484009,56.6098404],"rotationMatrix":[0.999749124,-0.0223977584,0,0.0223977584,0.999749124,0,0,0,1],"scale":1.20000005,"type":"garbage_littlebox"}
{"pos":[712.815002,-355.371002,56.5329933],"rotationMatrix":[-0.365212917,-0.930962145,0,0.930962145,-0.365212917,0,0,0,1],"scale":1.20000005,"type":"garbage_littlebox"}
{"pos":[709.732971,-325.455994,56.7101898],"rotationMatrix":[-0.652925611,-0.757462084,0,0.757462084,-0.652925611,0,0,0,1],"scale":1.20000005,"type":"garbage_littlebox"}
{"pos":[749.796021,-356.561005,53.3177986],"rotationMatrix":[0.0152342916,-0.999922454,0,0.999922454,0.0152342916,0,0,0,1],"scale":1.20000005,"type":"garbage_littlebox"}
{"pos":[749.838989,-341.078003,53.3177986],"rotationMatrix":[0.671139479,0.741335094,0,-0.741335094,0.671139479,0,0,0,1],"scale":1.20000005,"type":"garbage_littlebox"}
{"pos":[712.409973,-404.591003,55.4629517],"rotationMatrix":[0.0852366686,-0.996325135,0,0.996325135,0.0852366686,0,0,0,1],"scale":1.20000005,"type":"garbage_littlebox"}
{"pos":[715.580017,-480.535004,57.1378593],"rotationMatrix":[-0.996801257,0.0823340788,0,-0.0823340788,-0.996801257,0,0,0,1],"scale":1.20000005,"type":"garbage_littlebox"}
{"pos":[713.064026,-478.433014,57.1601639],"rotationMatrix":[-0.91296792,0.407630384,0,-0.407630384,-0.91296792,0,0,0,1],"scale":1.20000005,"type":"garbage_littlebox"}
{"pos":[707.424988,-479.622009,57.1607285],"rotationMatrix":[0.482041597,-0.876122236,0,0.876122236,0.482041597,0,0,0,1],"scale":1.20000005,"type":"garbage_littlebox"}
{"pos":[707.637024,-480.377991,57.159317],"rotationMatrix":[0.892630219,-0.450795531,0,0.450795531,0.892630219,0,0,0,1],"scale":1.20000005,"type":"garbage_littlebox"}
