{"pos":[-227.004028,473.322723,273.544312],"rotationMatrix":[-0.880732059,-0.473614872,0,0.473614872,-0.880732059,0,0,0,0.999999881],"scale":1.20000005,"type":"garbage_bottle_b"}
