{"pos":[736.089783,-31.9628258,52.1892548],"rotationMatrix":[-0.254815906,0.966989458,0,-0.966989458,-0.254815906,0,0,0,0.999999881],"scale":1.20000005,"type":"garbage_littlebox"}
