{"pos":[-206.926041,484.354034,270.675659],"rotationMatrix":[0.00286379457,0.999995589,0,-0.999995589,0.00286379457,0,0,0,0.999999762],"scale":1.20000005,"type":"garbage_bin_b"}
