{"pos":[100.524918,399.402466,255.996704],"rotationMatrix":[0.143903226,0.989591718,0,-0.989591718,0.143903226,0,0,0,0.999999881],"scale":1.20000005,"type":"garbage_cardboard_box_a"}
