{"pos":[18.3529301,11.9782047,250.020325],"rotationMatrix":[-0.0014174853,-0.999998927,0,0.999998927,-0.0014174853,0,0,0,0.999999881],"scale":1.19287062,"type":"generibush"}
{"pos":[73.3871078,4.57542992,254.562378],"rotationMatrix":[-0.844718695,-0.535210371,0,0.535210371,-0.844718695,0,0,0,0.999999881],"scale":1.15684628,"type":"generibush"}
{"pos":[81.9541092,18.8533649,254.379272],"rotationMatrix":[0.870907426,-0.491446912,0,0.491446912,0.870907426,0,0,0,0.999999881],"scale":0.994731665,"type":"generibush"}
{"pos":[11.097559,13.7414265,252.109146],"rotationMatrix":[0.725051165,-0.688694835,0,0.688694835,0.725051165,0,0,0,0.999999881],"scale":1.10776556,"type":"generibush"}
{"pos":[-84.5809708,16.8671741,250],"rotationMatrix":[0.946574986,0.322483748,0,-0.322483748,0.946574986,0,0,0,0.999999881],"scale":1.01517463,"type":"generibush"}
{"pos":[-61.5114365,13.1069307,250.088272],"rotationMatrix":[-0.987142622,-0.159841403,0,0.159841403,-0.987142622,0,0,0,0.999999881],"scale":0.99769944,"type":"generibush"}
{"pos":[-48.156601,15.4980955,250.093994],"rotationMatrix":[-0.0268430077,0.999639571,0,-0.999639571,-0.0268430077,0,0,0,0.999999881],"scale":1.09480762,"type":"generibush"}
{"pos":[-247.166,198.042175,239.501953],"rotationMatrix":[-0.731847405,-0.681468368,0,0.681468368,-0.731847405,0,-0,0,0.999999881],"scale":0.913652718,"type":"generibush"}
{"pos":[-250.108307,199.58606,239.501953],"rotationMatrix":[-0.961769521,0.273859948,-0,-0.273859948,-0.961769521,0,-0,0,0.999999881],"scale":0.97266537,"type":"generibush"}
{"pos":[-253.898804,197.39357,239.501953],"rotationMatrix":[-0.926246822,0.376917273,-0,-0.376917273,-0.926246822,0,-0,0,0.999999881],"scale":1.19084251,"type":"generibush"}
