{"pos":[5.30561113,-38.0808067,253.188812],"rotationMatrix":[0.834429562,0.551114619,0,-0.551114619,0.834429562,-0,-0,0,0.999999881],"scale":1.05029333,"type":"generibush_small"}
