{"pos":[750.699829,4.36793089,52.0148773],"rotationMatrix":[-0.932636321,0.360817701,0,-0.360817701,-0.932636321,0,0,0,0.999999881],"scale":0.914763212,"type":"generibush_small"}
{"pos":[775.426453,4.8708148,51.9923325],"rotationMatrix":[0.482161343,0.87608248,0,-0.87608248,0.482161343,0,0,0,0.999999881],"scale":1.05233443,"type":"generibush_small"}
