{"pos":[5.30561113,-38.0808067,253.188812],"rotationMatrix":[0.834429562,0.551114619,0,-0.551114619,0.834429562,0,0,0,0.999999881],"scale":1.05029333,"type":"generibush_small"}
{"pos":[27.3311691,9.28838444,250.048401],"rotationMatrix":[-0.993917286,0.11012876,0,-0.11012876,-0.993917286,0,0,0,0.999999881],"scale":1.14844573,"type":"generibush_small"}
{"pos":[24.0193806,10.8725681,250.644745],"rotationMatrix":[0.950542808,-0.310593337,0,0.310593337,0.950542808,0,0,0,0.999999881],"scale":0.98960191,"type":"generibush_small"}
{"pos":[-4.99094105,10.5643158,250],"rotationMatrix":[-0.916342258,0.400395811,0,-0.400395811,-0.916342258,0,0,0,0.999999881],"scale":0.978352666,"type":"generibush_small"}
{"pos":[44.7388611,-13.9224253,254.050476],"rotationMatrix":[-0.379345596,-0.925255001,0,0.925255001,-0.379345596,0,0,0,0.999999881],"scale":0.894053221,"type":"generibush_small"}
{"pos":[49.6755447,16.5164547,254.400604],"rotationMatrix":[-0.036424052,-0.999336302,0,0.999336302,-0.036424052,0,0,0,0.999999881],"scale":0.912943482,"type":"generibush_small"}
{"pos":[6.00966358,13.5988073,251.971924],"rotationMatrix":[0.749285221,0.662247419,0,-0.662247419,0.749285221,0,0,0,0.999999881],"scale":0.885500848,"type":"generibush_small"}
{"pos":[-76.7057953,15.6086369,250.087051],"rotationMatrix":[-0.869602144,-0.493752986,0,0.493752986,-0.869602144,0,0,0,0.999999881],"scale":0.79096657,"type":"generibush_small"}
{"pos":[-62.0067673,15.6953096,250.000092],"rotationMatrix":[0.627786875,0.778385222,0,-0.778385222,0.627786875,0,0,0,0.999999881],"scale":0.896953821,"type":"generibush_small"}
{"pos":[-62.8870506,14.9289274,250.017883],"rotationMatrix":[-0.769366443,-0.638807654,0,0.638807654,-0.769366443,0,0,0,0.999999881],"scale":0.890973806,"type":"generibush_small"}
{"pos":[-261.849884,197.713593,239.501953],"rotationMatrix":[-0.73789221,-0.674918592,0,0.674918592,-0.73789221,0,-0,0,0.999999881],"scale":1.09352446,"type":"generibush_small"}
