{"pos":[-635.605225,310.383514,232.781525],"rotationMatrix":[-0.871189177,-0.490947336,0,0.490947336,-0.871189177,0,0,0,0.999999881],"scale":0.952912509,"type":"lush_ferns_01_b"}
{"pos":[94.7258301,152.293411,232.581726],"rotationMatrix":[0.986291826,-0.165009558,0,0.165009558,0.986291826,0,0,0,0.999999881],"scale":1.16921437,"type":"lush_ferns_01_b"}
{"pos":[110.988091,172.565582,231.009262],"rotationMatrix":[0.852938712,-0.522010803,0,0.522010803,0.852938712,0,0,0,0.999999881],"scale":1.12150216,"type":"lush_ferns_01_b"}
{"pos":[27.3665829,113.825981,231.970795],"rotationMatrix":[-0.838173032,0.545404315,0,-0.545404315,-0.838173032,0,0,0,0.999999881],"scale":1.10622668,"type":"lush_ferns_01_b"}
{"pos":[13.8926315,112.176636,233.283875],"rotationMatrix":[-0.66761601,0.744505703,0,-0.744505703,-0.66761601,0,0,0,0.999999881],"scale":1.03462017,"type":"lush_ferns_01_b"}
{"pos":[-6.79958916,118.195786,233.43631],"rotationMatrix":[-0.875649869,-0.482946306,0,0.482946306,-0.875649869,0,0,0,0.999999881],"scale":1.00584459,"type":"lush_ferns_01_b"}
{"pos":[-27.1682816,125.533554,232.447296],"rotationMatrix":[-0.326940954,0.945044637,0,-0.945044637,-0.326940954,0,0,0,0.999999881],"scale":0.951207995,"type":"lush_ferns_01_b"}
{"pos":[-327.829193,149.783356,232.373123],"rotationMatrix":[-0.446274668,0.894895911,0,-0.894895911,-0.446274668,0,0,0,0.999999881],"scale":0.908550501,"type":"lush_ferns_01_b"}
{"pos":[170.257568,-12.7582855,253.947342],"rotationMatrix":[-0.831671476,0.555267692,0,-0.555267692,-0.831671476,0,0,0,0.999999881],"scale":1.03286648,"type":"lush_ferns_01_b"}
{"pos":[157.693451,-16.5854092,253.997803],"rotationMatrix":[-0.996432841,-0.0843882859,0,0.0843882859,-0.996432841,0,0,0,0.999999881],"scale":1.13846946,"type":"lush_ferns_01_b"}
{"pos":[114.663017,-7.6654377,257.878876],"rotationMatrix":[0.996630371,0.0820222721,0,-0.0820222721,0.996630371,0,0,0,0.999999881],"scale":1.0716753,"type":"lush_ferns_01_b"}
{"pos":[48.1558571,-117.766678,255.560944],"rotationMatrix":[-0.75274986,0.65830636,0,-0.65830636,-0.75274986,0,0,0,0.999999881],"scale":0.906098723,"type":"lush_ferns_01_b"}
{"pos":[102.052986,409.843475,255.981445],"rotationMatrix":[0.614768028,-0.788707852,0,0.788707852,0.614768028,0,0,0,0.999999881],"scale":1.00370169,"type":"lush_ferns_01_b"}
{"pos":[77.5026398,379.52005,255.996704],"rotationMatrix":[-0.747753322,0.663976371,0,-0.663976371,-0.747753322,0,0,0,0.999999881],"scale":0.924008071,"type":"lush_ferns_01_b"}
{"pos":[56.0520096,342.479584,253.997803],"rotationMatrix":[-0.745062709,0.666994333,0,-0.666994333,-0.745062709,0,0,0,0.999999881],"scale":1.08608437,"type":"lush_ferns_01_b"}
{"pos":[-27.4716759,278.197723,248.106003],"rotationMatrix":[-0.854038179,-0.520210207,0,0.520210207,-0.854038179,0,0,0,0.999999881],"scale":1.03271031,"type":"lush_ferns_01_b"}
{"pos":[12.7033892,325.556854,260.962067],"rotationMatrix":[-0.703025103,-0.711164892,0,0.711164892,-0.703025103,0,0,0,0.999999881],"scale":1.1983856,"type":"lush_ferns_01_b"}
{"pos":[45.2553215,360.90094,261.413025],"rotationMatrix":[-0.569432735,0.822037697,0,-0.822037697,-0.569432735,0,0,0,0.999999881],"scale":1.14656746,"type":"lush_ferns_01_b"}
{"pos":[87.4041977,432.380402,256.119232],"rotationMatrix":[-0.988449454,-0.151550502,0,0.151550502,-0.988449454,0,0,0,0.999999881],"scale":0.916575134,"type":"lush_ferns_01_b"}
{"pos":[61.28339,436.397675,257.569733],"rotationMatrix":[-0.903595686,-0.42838636,0,0.42838636,-0.903595686,0,0,0,0.999999881],"scale":0.929567993,"type":"lush_ferns_01_b"}
{"pos":[72.9948196,437.112885,259.480408],"rotationMatrix":[-0.076678358,-0.997055829,0,0.997055829,-0.076678358,0,0,0,0.999999881],"scale":1.04161394,"type":"lush_ferns_01_b"}
{"pos":[-54.9014282,296.215851,261.935638],"rotationMatrix":[0.830728412,-0.556677759,0,0.556677759,0.830728412,0,0,0,0.999999881],"scale":0.982187748,"type":"lush_ferns_01_b"}
{"pos":[12.3528881,291.407043,253.734741],"rotationMatrix":[0.855194449,-0.51830709,0,0.51830709,0.855194449,0,0,0,0.999999881],"scale":1.03461361,"type":"lush_ferns_01_b"}
{"pos":[27.5165367,296.142456,254.196976],"rotationMatrix":[-0.888313949,0.459236681,0,-0.459236681,-0.888313949,0,0,0,0.999999881],"scale":1.00130677,"type":"lush_ferns_01_b"}
{"pos":[27.6203156,297.442139,254.433716],"rotationMatrix":[0.597706676,0.801714838,0,-0.801714838,0.597706676,0,0,0,0.999999881],"scale":1.11598325,"type":"lush_ferns_01_b"}
{"pos":[54.0362968,307.877747,253.997803],"rotationMatrix":[0.965649188,0.259848982,0,-0.259848982,0.965649188,0,0,0,0.999999881],"scale":1.16765475,"type":"lush_ferns_01_b"}
{"pos":[69.5033188,292.121552,253.101974],"rotationMatrix":[0.665390968,0.746495068,0,-0.746495068,0.665390968,0,0,0,0.999999881],"scale":1.06893122,"type":"lush_ferns_01_b"}
{"pos":[70.1244125,296.691559,253.641693],"rotationMatrix":[0.706550539,0.707662582,0,-0.707662582,0.706550539,0,0,0,0.999999881],"scale":1.1997664,"type":"lush_ferns_01_b"}
{"pos":[9.97206211,224.339508,236.236572],"rotationMatrix":[0.954025984,0.299723774,0,-0.299723774,0.954025984,0,0,0,0.999999881],"scale":0.904810846,"type":"lush_ferns_01_b"}
{"pos":[-242.617325,470.091797,272.689484],"rotationMatrix":[-0.809997141,-0.586433589,0,0.586433589,-0.809997141,0,0,0,0.999999881],"scale":0.919129729,"type":"lush_ferns_01_b"}
{"pos":[-295.1091,431.082794,272.808105],"rotationMatrix":[0.823596895,-0.567175388,0,0.567175388,0.823596895,0,-0,0,0.999999881],"scale":0.982514441,"type":"lush_ferns_01_b"}
{"pos":[-271.521393,280.948792,273.986816],"rotationMatrix":[-0.71562463,-0.698485017,0,0.698485017,-0.71562463,0,-0,0,0.999999881],"scale":0.950424194,"type":"lush_ferns_01_b"}
{"pos":[-188.42453,461.927612,268.579559],"rotationMatrix":[0.473173857,-0.880968988,0,0.880968988,0.473173857,0,-0,0,0.999999881],"scale":0.994379401,"type":"lush_ferns_01_b"}
{"pos":[-184.120453,498.374878,266.873566],"rotationMatrix":[0.531464577,-0.847080469,0,0.847080469,0.531464577,0,-0,0,0.999999881],"scale":1.0053587,"type":"lush_ferns_01_b"}
{"pos":[-157.519928,464.400299,265.497437],"rotationMatrix":[-0.886991799,0.461785167,-0,-0.461785167,-0.886991799,0,-0,0,0.999999881],"scale":0.910688281,"type":"lush_ferns_01_b"}
{"pos":[-165.136871,433.789185,266.435577],"rotationMatrix":[0.864006281,0.503480971,0,-0.503480971,0.864006281,-0,-0,0,0.999999881],"scale":0.992513657,"type":"lush_ferns_01_b"}
{"pos":[-188.562012,436.218536,267.843201],"rotationMatrix":[-0.694357276,-0.71963042,0,0.71963042,-0.694357276,0,-0,0,0.999999881],"scale":0.965320349,"type":"lush_ferns_01_b"}
