{"pos":[740.66687,-83.8260651,51.9287109],"rotationMatrix":[-0.655427575,0.755257785,0,-0.755257785,-0.655427575,0,0,0,0.999999881],"scale":1.02698016,"type":"lush_ferns_01_b"}
{"pos":[692.744995,-106.597824,50.7636185],"rotationMatrix":[0.613265216,0.789877057,0,-0.789877057,0.613265216,0,0,0,0.999999881],"scale":0.992469668,"type":"lush_ferns_01_b"}
{"pos":[687.972229,-108.969963,49.2298698],"rotationMatrix":[0.973636687,0.2281041,0,-0.2281041,0.973636687,0,0,0,0.999999881],"scale":0.944957852,"type":"lush_ferns_01_b"}
{"pos":[692.099976,-104.859489,50.2898483],"rotationMatrix":[0.711940348,0.702239931,0,-0.702239931,0.711940348,0,0,0,0.999999881],"scale":1.11800504,"type":"lush_ferns_01_b"}
{"pos":[689.507812,-88.0178986,49.6080666],"rotationMatrix":[-0.209364399,0.977837563,0,-0.977837563,-0.209364399,0,0,0,0.999999881],"scale":1.19871926,"type":"lush_ferns_01_b"}
{"pos":[698.408386,2.03770351,50.7058105],"rotationMatrix":[0.445154458,-0.895453632,0,0.895453632,0.445154458,0,0,0,0.999999881],"scale":1.07683396,"type":"lush_ferns_01_b"}
