{"pos":[743.567505,-86.2375336,51.9034691],"rotationMatrix":[-0.434415102,-0.900712729,0,0.900712729,-0.434415102,0,0,0,0.999999881],"scale":1.26208258,"type":"lush_ferns_02_a"}
