{"pos":[740.854309,-87.1284561,51.9048729],"rotationMatrix":[-0.865970314,0.500095069,-0,-0.500095069,-0.865970314,0,-0,0,0.999999881],"scale":1.19180918,"type":"lush_ferns_02_b"}
