{"pos":[-652.808594,323.150146,233.46373],"rotationMatrix":[0.999318123,-0.0369202495,0,0.0369202495,0.999318123,0,0,0,0.999999881],"scale":1.2879355,"type":"lush_ferns_02_b"}
{"pos":[-655.017395,322.955505,232.612885],"rotationMatrix":[0.913363516,0.407145023,0,-0.407145023,0.913363516,0,0,0,0.999999881],"scale":1.19044375,"type":"lush_ferns_02_b"}
{"pos":[-730.407593,351.182343,232.831131],"rotationMatrix":[-0.918993831,-0.39427191,0,0.39427191,-0.918993831,0,0,0,0.999999881],"scale":1.20064366,"type":"lush_ferns_02_b"}
{"pos":[67.1220245,136.029236,232.885651],"rotationMatrix":[0.530940592,0.84740907,0,-0.84740907,0.530940592,0,0,0,0.999999881],"scale":1.227705,"type":"lush_ferns_02_b"}
{"pos":[14.5014877,113.608971,233.334656],"rotationMatrix":[0.696374178,-0.717678845,0,0.717678845,0.696374178,0,0,0,0.999999881],"scale":1.15183401,"type":"lush_ferns_02_b"}
{"pos":[7.43633795,116.051414,232.99884],"rotationMatrix":[-0.457661301,-0.88912648,0,0.88912648,-0.457661301,0,0,0,0.999999881],"scale":1.06528974,"type":"lush_ferns_02_b"}
{"pos":[-322.018982,146.919586,231.981018],"rotationMatrix":[0.513547003,-0.858061373,0,0.858061373,0.513547003,0,0,0,0.999999881],"scale":1.12787271,"type":"lush_ferns_02_b"}
{"pos":[-345.578857,155.293076,232.62178],"rotationMatrix":[0.883815587,-0.467835158,0,0.467835158,0.883815587,0,0,0,0.999999881],"scale":1.0824976,"type":"lush_ferns_02_b"}
