{"pos":[743.567505,-86.2375336,51.9034691],"rotationMatrix":[-0.434415102,-0.900712729,0,0.900712729,-0.434415102,0,0,0,0.999999881],"scale":1.26208258,"type":"lush_ferns_02_a"}
{"pos":[699.366943,-110.575752,52.9860725],"rotationMatrix":[0.130111471,0.991499245,0,-0.991499245,0.130111471,0,0,0,0.999999881],"scale":1.22632945,"type":"lush_ferns_02_a"}
{"pos":[687.19873,-109.882439,48.8067589],"rotationMatrix":[0.736541867,0.676391959,0,-0.676391959,0.736541867,0,0,0,0.999999881],"scale":1.118016,"type":"lush_ferns_02_a"}
{"pos":[692.014404,-106.830498,50.5408211],"rotationMatrix":[-0.921382964,-0.388655752,0,0.388655752,-0.921382964,0,0,0,0.999999881],"scale":1.13127923,"type":"lush_ferns_02_a"}
{"pos":[691.18512,-102.422852,49.7221107],"rotationMatrix":[-0.0911369771,-0.995838225,0,0.995838225,-0.0911369771,0,0,0,0.999999881],"scale":1.09349513,"type":"lush_ferns_02_a"}
{"pos":[693.611267,-85.7479706,51.6335487],"rotationMatrix":[-0.571933687,0.820299685,0,-0.820299685,-0.571933687,0,0,0,0.999999881],"scale":1.12240267,"type":"lush_ferns_02_a"}
{"pos":[693.948853,-88.5783005,51.1370621],"rotationMatrix":[-0.838648617,0.544672489,0,-0.544672489,-0.838648617,0,0,0,0.999999881],"scale":1.20319629,"type":"lush_ferns_02_a"}
{"pos":[690.579407,-88.6280365,49.9884567],"rotationMatrix":[-0.64800632,-0.761634946,0,0.761634946,-0.64800632,0,0,0,0.999999881],"scale":1.05277395,"type":"lush_ferns_02_a"}
{"pos":[691.519653,-56.7457848,50.3555222],"rotationMatrix":[0.187591389,0.982247114,0,-0.982247114,0.187591389,0,0,0,0.999999881],"scale":1.27112913,"type":"lush_ferns_02_a"}
{"pos":[694.148376,-39.6719131,50.8684845],"rotationMatrix":[-0.0148637211,0.999889433,0,-0.999889433,-0.0148637211,0,0,0,0.999999881],"scale":1.12273681,"type":"lush_ferns_02_a"}
{"pos":[698.538513,-0.994120121,50.7553673],"rotationMatrix":[-0.404519737,0.914529145,0,-0.914529145,-0.404519737,0,0,0,0.999999881],"scale":1.05431569,"type":"lush_ferns_02_a"}
{"pos":[657.771729,-156.213699,51.0223541],"rotationMatrix":[-0.921382964,-0.388655752,0,0.388655752,-0.921382964,0,0,0,0.999999881],"scale":1.13127923,"type":"lush_ferns_02_a"}
