{"pos":[-635.605225,310.383514,232.781525],"rotationMatrix":[-0.871189177,-0.490947336,0,0.490947336,-0.871189177,0,0,0,0.999999881],"scale":0.952912509,"type":"lush_ferns_01_b"}
{"pos":[94.7258301,152.293411,232.581726],"rotationMatrix":[0.986291826,-0.165009558,0,0.165009558,0.986291826,0,0,0,0.999999881],"scale":1.16921437,"type":"lush_ferns_01_b"}
{"pos":[110.988091,172.565582,231.009262],"rotationMatrix":[0.852938712,-0.522010803,0,0.522010803,0.852938712,0,0,0,0.999999881],"scale":1.12150216,"type":"lush_ferns_01_b"}
{"pos":[27.3665829,113.825981,231.970795],"rotationMatrix":[-0.838173032,0.545404315,0,-0.545404315,-0.838173032,0,0,0,0.999999881],"scale":1.10622668,"type":"lush_ferns_01_b"}
{"pos":[13.8926315,112.176636,233.283875],"rotationMatrix":[-0.66761601,0.744505703,0,-0.744505703,-0.66761601,0,0,0,0.999999881],"scale":1.03462017,"type":"lush_ferns_01_b"}
{"pos":[-6.79958916,118.195786,233.43631],"rotationMatrix":[-0.875649869,-0.482946306,0,0.482946306,-0.875649869,0,0,0,0.999999881],"scale":1.00584459,"type":"lush_ferns_01_b"}
{"pos":[-27.1682816,125.533554,232.447296],"rotationMatrix":[-0.326940954,0.945044637,0,-0.945044637,-0.326940954,0,0,0,0.999999881],"scale":0.951207995,"type":"lush_ferns_01_b"}
{"pos":[-327.829193,149.783356,232.373123],"rotationMatrix":[-0.446274668,0.894895911,0,-0.894895911,-0.446274668,0,0,0,0.999999881],"scale":0.908550501,"type":"lush_ferns_01_b"}
{"pos":[170.257568,-12.7582855,253.947342],"rotationMatrix":[-0.831671476,0.555267692,0,-0.555267692,-0.831671476,0,0,0,0.999999881],"scale":1.03286648,"type":"lush_ferns_01_b"}
{"pos":[157.693451,-16.5854092,253.997803],"rotationMatrix":[-0.996432841,-0.0843882859,0,0.0843882859,-0.996432841,0,0,0,0.999999881],"scale":1.13846946,"type":"lush_ferns_01_b"}
{"pos":[114.663017,-7.6654377,257.878876],"rotationMatrix":[0.996630371,0.0820222721,0,-0.0820222721,0.996630371,0,0,0,0.999999881],"scale":1.0716753,"type":"lush_ferns_01_b"}
{"pos":[48.1558571,-117.766678,255.560944],"rotationMatrix":[-0.75274986,0.65830636,0,-0.65830636,-0.75274986,0,0,0,0.999999881],"scale":0.906098723,"type":"lush_ferns_01_b"}
