{"pos":[740.66687,-83.8260651,51.9287109],"rotationMatrix":[-0.655427575,0.755257785,0,-0.755257785,-0.655427575,0,0,0,0.999999881],"scale":1.02698016,"type":"lush_ferns_01_b"}
