{"pos":[-635.688354,309.42691,232.443893],"rotationMatrix":[-0.229967281,-0.973198235,0,0.973198235,-0.229967281,0,0,0,0.999999881],"scale":0.980746984,"type":"lush_ferns_01_a"}
{"pos":[-641.182068,313.499725,232.659622],"rotationMatrix":[-0.327264518,-0.94493264,0,0.94493264,-0.327264518,0,0,0,0.999999881],"scale":1.1773169,"type":"lush_ferns_01_a"}
{"pos":[95.1701508,151.345932,233.070343],"rotationMatrix":[-0.697877824,0.716216564,0,-0.716216564,-0.697877824,0,0,0,0.999999881],"scale":0.912443817,"type":"lush_ferns_01_a"}
{"pos":[1.40935731,115.846375,233.504913],"rotationMatrix":[0.325185508,0.94565022,0,-0.94565022,0.325185508,0,0,0,0.999999881],"scale":1.08002388,"type":"lush_ferns_01_a"}
{"pos":[-3.8609736,117.109192,233.566483],"rotationMatrix":[-0.395768464,0.91835022,0,-0.91835022,-0.395768464,0,0,0,0.999999881],"scale":1.17733407,"type":"lush_ferns_01_a"}
{"pos":[-6.57347107,117.044739,233.678131],"rotationMatrix":[0.998407841,-0.0564050302,0,0.0564050302,0.998407841,0,0,0,0.999999881],"scale":0.976105332,"type":"lush_ferns_01_a"}
{"pos":[-22.2609501,126.124359,232.552475],"rotationMatrix":[0.164837092,0.986320794,0,-0.986320794,0.164837092,0,0,0,0.999999881],"scale":1.19067323,"type":"lush_ferns_01_a"}
{"pos":[-38.3658638,124.50737,231.485275],"rotationMatrix":[-0.981520534,0.191356555,0,-0.191356555,-0.981520534,0,0,0,0.999999881],"scale":1.1943146,"type":"lush_ferns_01_a"}
{"pos":[-331.11377,153.043839,232.003281],"rotationMatrix":[-0.662692845,0.748891234,0,-0.748891234,-0.662692845,0,0,0,0.999999881],"scale":0.927548051,"type":"lush_ferns_01_a"}
{"pos":[-356.063049,160.664856,231.984528],"rotationMatrix":[0.713308513,-0.70085001,0,0.70085001,0.713308513,0,0,0,0.999999881],"scale":1.16286647,"type":"lush_ferns_01_a"}
{"pos":[-4.64689636,-215.232422,252.799957],"rotationMatrix":[0.175998792,-0.984390318,0,0.984390318,0.175998792,0,-0,0,0.999999881],"scale":1.18135655,"type":"lush_ferns_01_a"}
{"pos":[169.433517,-67.9678421,257.324219],"rotationMatrix":[-0.967418611,0.253181905,-0,-0.253181905,-0.967418611,0,-0,0,0.999999881],"scale":1.19509768,"type":"lush_ferns_01_a"}
