{"pos":[-629.320862,306.437927,232.82048],"rotationMatrix":[0.664224386,0.747533262,0,-0.747533262,0.664224386,0,0,0,0.999999881],"scale":1.14352715,"type":"lush_ferns_02_a"}
{"pos":[-617.3125,296.984161,232.845612],"rotationMatrix":[-0.87695539,0.480571538,0,-0.480571538,-0.87695539,0,0,0,0.999999881],"scale":1.263978,"type":"lush_ferns_02_a"}
{"pos":[-612.480652,296.348694,233.302109],"rotationMatrix":[-0.969370186,0.245604068,0,-0.245604068,-0.969370186,0,0,0,0.999999881],"scale":1.08354938,"type":"lush_ferns_02_a"}
{"pos":[-614.62854,298.597961,233.842331],"rotationMatrix":[0.854130566,0.520058632,0,-0.520058632,0.854130566,0,0,0,0.999999881],"scale":1.05653167,"type":"lush_ferns_02_a"}
{"pos":[-653.583008,322.211823,232.745056],"rotationMatrix":[0.0569461212,-0.998377144,0,0.998377144,0.0569461212,0,0,0,0.999999881],"scale":1.04222775,"type":"lush_ferns_02_a"}
{"pos":[-657.515381,325.68515,233.192337],"rotationMatrix":[-0.573450327,0.819240093,0,-0.819240093,-0.573450327,0,0,0,0.999999881],"scale":1.0700264,"type":"lush_ferns_02_a"}
{"pos":[-725.93457,349.880768,232.684158],"rotationMatrix":[0.733080745,-0.680141509,0,0.680141509,0.733080745,0,0,0,0.999999881],"scale":1.19603837,"type":"lush_ferns_02_a"}
{"pos":[80.6086044,148.290192,232.488083],"rotationMatrix":[-0.188312307,-0.982109129,0,0.982109129,-0.188312307,0,0,0,0.999999881],"scale":1.1584276,"type":"lush_ferns_02_a"}
{"pos":[87.5241318,148.244247,233.143112],"rotationMatrix":[-0.999113679,-0.0420907624,0,0.0420907624,-0.999113679,0,0,0,0.999999881],"scale":1.24417067,"type":"lush_ferns_02_a"}
{"pos":[91.1511307,149.754776,233.049454],"rotationMatrix":[0.487106442,0.873342633,0,-0.873342633,0.487106442,0,0,0,0.999999881],"scale":1.136868,"type":"lush_ferns_02_a"}
{"pos":[-6.09155893,118.559914,233.261597],"rotationMatrix":[0.0527629405,-0.99860692,0,0.99860692,0.0527629405,0,0,0,0.999999881],"scale":1.191746,"type":"lush_ferns_02_a"}
{"pos":[-1.23274827,116.089455,233.500351],"rotationMatrix":[0.904616773,-0.426225722,0,0.426225722,0.904616773,0,0,0,0.999999881],"scale":1.17457795,"type":"lush_ferns_02_a"}
{"pos":[-32.8351555,125.327133,232.021088],"rotationMatrix":[0.825130045,-0.564942777,0,0.564942777,0.825130045,0,0,0,0.999999881],"scale":1.07496703,"type":"lush_ferns_02_a"}
{"pos":[-346.353302,157.68718,232.070679],"rotationMatrix":[0.128209189,-0.991747081,0,0.991747081,0.128209189,0,0,0,0.999999881],"scale":1.0105983,"type":"lush_ferns_02_a"}
{"pos":[-357.029327,160.603806,232.042343],"rotationMatrix":[-0.0396251231,-0.99921453,0,0.99921453,-0.0396251231,0,0,0,0.999999881],"scale":1.08486688,"type":"lush_ferns_02_a"}
{"pos":[162.519821,-68.3329391,257.303375],"rotationMatrix":[-0.606126487,-0.795368075,0,0.795368075,-0.606126487,0,0,0,0.999999881],"scale":1.04161322,"type":"lush_ferns_02_a"}
{"pos":[159.697113,-18.9829273,253.975128],"rotationMatrix":[0.521236897,-0.853411913,0,0.853411913,0.521236897,0,0,0,0.999999881],"scale":1.13365567,"type":"lush_ferns_02_a"}
{"pos":[93.568367,398.409393,255.954132],"rotationMatrix":[0.620574176,-0.78414768,0,0.78414768,0.620574176,0,0,0,0.999999881],"scale":1.11988926,"type":"lush_ferns_02_a"}
{"pos":[93.9551544,396.952332,255.970139],"rotationMatrix":[0.387353808,0.921931148,0,-0.921931148,0.387353808,0,0,0,0.999999881],"scale":1.22331524,"type":"lush_ferns_02_a"}
{"pos":[90.9333115,391.032654,255.928253],"rotationMatrix":[0.770497561,-0.637442827,0,0.637442827,0.770497561,0,0,0,0.999999881],"scale":1.13386822,"type":"lush_ferns_02_a"}
{"pos":[87.6637497,371.082825,255.976654],"rotationMatrix":[0.876314938,0.481738627,0,-0.481738627,0.876314938,0,0,0,0.999999881],"scale":1.00272548,"type":"lush_ferns_02_a"}
{"pos":[26.7127571,354.435303,261.622681],"rotationMatrix":[0.644037783,-0.764993608,0,0.764993608,0.644037783,0,0,0,0.999999881],"scale":1.00342703,"type":"lush_ferns_02_a"}
{"pos":[54.1303024,342.069641,253.973221],"rotationMatrix":[0.79479593,-0.606876731,0,0.606876731,0.79479593,0,0,0,0.999999881],"scale":1.229146,"type":"lush_ferns_02_a"}
{"pos":[56.0996628,312.962616,253.963654],"rotationMatrix":[0.0349485315,-0.999388993,0,0.999388993,0.0349485315,0,0,0,0.999999881],"scale":1.02736175,"type":"lush_ferns_02_a"}
{"pos":[47.9942932,376.161926,261.287964],"rotationMatrix":[-0.983218431,0.182431966,0,-0.182431966,-0.983218431,0,0,0,0.999999881],"scale":1.20244384,"type":"lush_ferns_02_a"}
{"pos":[60.8946838,432.755219,257.656708],"rotationMatrix":[-0.944367588,-0.328891814,0,0.328891814,-0.944367588,0,0,0,0.999999881],"scale":1.00874162,"type":"lush_ferns_02_a"}
{"pos":[14.8849754,293.773773,253.837189],"rotationMatrix":[0.751285732,0.659977078,0,-0.659977078,0.751285732,0,0,0,0.999999881],"scale":1.08103108,"type":"lush_ferns_02_a"}
{"pos":[8.56617546,223.445557,236.21347],"rotationMatrix":[0.700161636,0.713984311,0,-0.713984311,0.700161636,0,0,0,0.999999881],"scale":1.1548419,"type":"lush_ferns_02_a"}
{"pos":[-218.040359,458.111298,271.240814],"rotationMatrix":[0.90865922,-0.417538375,0,0.417538375,0.90865922,0,0,0,0.999999881],"scale":1.12629247,"type":"lush_ferns_02_a"}
{"pos":[-220.096664,459.716034,271.601074],"rotationMatrix":[0.704978347,0.709228814,0,-0.709228814,0.704978347,0,0,0,0.999999881],"scale":1.15018702,"type":"lush_ferns_02_a"}
{"pos":[-208.396011,492.671204,271.850525],"rotationMatrix":[-0.592968643,0.805225313,0,-0.805225313,-0.592968643,0,0,0,0.999999881],"scale":1.12330437,"type":"lush_ferns_02_a"}
{"pos":[-208.368576,459.58252,270.607269],"rotationMatrix":[-0.850368261,-0.526188016,0,0.526188016,-0.850368261,0,0,0,0.999999881],"scale":1.13390684,"type":"lush_ferns_02_a"}
{"pos":[-297.672272,419.702454,272.915741],"rotationMatrix":[0.636745453,0.771074057,0,-0.771074057,0.636745453,-0,-0,0,0.999999881],"scale":1.13823819,"type":"lush_ferns_02_a"}
{"pos":[-282.922363,433.117645,272.684082],"rotationMatrix":[-0.0786581263,0.996901512,-0,-0.996901512,-0.0786581263,0,-0,0,0.999999881],"scale":1.27126753,"type":"lush_ferns_02_a"}
{"pos":[-273.275482,276.037781,273.966583],"rotationMatrix":[0.779415965,-0.626506627,0,0.626506627,0.779415965,0,-0,0,0.999999881],"scale":1.01094162,"type":"lush_ferns_02_a"}
{"pos":[-284.548767,276.807007,273.962158],"rotationMatrix":[-0.802718699,0.596357763,-0,-0.596357763,-0.802718699,0,-0,0,0.999999881],"scale":1.23351133,"type":"lush_ferns_02_a"}
{"pos":[-164.730789,479.36615,266.591766],"rotationMatrix":[-0.763219118,-0.646139741,0,0.646139741,-0.763219118,0,-0,0,0.999999881],"scale":1.21162057,"type":"lush_ferns_02_a"}
{"pos":[-190.885971,489.983643,269.805756],"rotationMatrix":[-0.897601604,0.440807611,-0,-0.440807611,-0.897601604,0,-0,0,0.999999881],"scale":1.11828828,"type":"lush_ferns_02_a"}
{"pos":[-151.959167,462.431641,265.011353],"rotationMatrix":[-0.616865277,0.787068546,-0,-0.787068546,-0.616865277,0,-0,0,0.999999881],"scale":1.28385234,"type":"lush_ferns_02_a"}
{"pos":[-151.292282,460.464905,265.015656],"rotationMatrix":[0.863951743,-0.503574371,0,0.503574371,0.863951743,0,-0,0,0.999999881],"scale":1.00612402,"type":"lush_ferns_02_a"}
{"pos":[-202.832367,421.201569,272.329071],"rotationMatrix":[0.23658894,0.971609771,0,-0.971609771,0.23658894,0,0,0,0.999999881],"scale":1.2406106,"type":"lush_ferns_02_a"}
{"pos":[-159.177063,436.231506,265.536377],"rotationMatrix":[-0.811194539,-0.584776163,0,0.584776163,-0.811194539,0,-0,0,0.999999881],"scale":1.03371847,"type":"lush_ferns_02_a"}
