{"pos":[689.202209,-107.784882,49.7104073],"rotationMatrix":[0.828756034,-0.55960989,0,0.55960989,0.828756034,0,0,0,0.999999881],"scale":1.18369174,"type":"lush_ferns_01_a"}
{"pos":[689.35614,-110.671722,49.8823547],"rotationMatrix":[-0.0625500381,0.998041689,0,-0.998041689,-0.0625500381,0,0,0,0.999999881],"scale":1.03844166,"type":"lush_ferns_01_a"}
{"pos":[693.921021,-87.7204666,51.4059525],"rotationMatrix":[0.953110635,0.30262202,0,-0.30262202,0.953110635,0,0,0,0.999999881],"scale":1.12835729,"type":"lush_ferns_01_a"}
{"pos":[692.094788,-86.2373428,51.1972313],"rotationMatrix":[0.921490669,-0.388400227,0,0.388400227,0.921490669,0,0,0,0.999999881],"scale":1.19126368,"type":"lush_ferns_01_a"}
{"pos":[692.283997,-84.3324051,51.105957],"rotationMatrix":[0.336843312,0.941560686,0,-0.941560686,0.336843312,0,0,0,0.999999881],"scale":0.975955963,"type":"lush_ferns_01_a"}
{"pos":[692.492554,-85.563118,51.3060913],"rotationMatrix":[0.8162359,-0.577718616,0,0.577718616,0.8162359,0,0,0,0.999999881],"scale":0.925438881,"type":"lush_ferns_01_a"}
{"pos":[694.322205,-57.5291748,51.6060066],"rotationMatrix":[0.118758261,-0.992923081,0,0.992923081,0.118758261,0,0,0,0.999999881],"scale":1.02700353,"type":"lush_ferns_01_a"}
