{"pos":[-652.808594,323.150146,233.46373],"rotationMatrix":[0.999318123,-0.0369202495,0,0.0369202495,0.999318123,0,0,0,0.999999881],"scale":1.2879355,"type":"lush_ferns_02_b"}
{"pos":[-655.017395,322.955505,232.612885],"rotationMatrix":[0.913363516,0.407145023,0,-0.407145023,0.913363516,0,0,0,0.999999881],"scale":1.19044375,"type":"lush_ferns_02_b"}
{"pos":[-730.407593,351.182343,232.831131],"rotationMatrix":[-0.918993831,-0.39427191,0,0.39427191,-0.918993831,0,0,0,0.999999881],"scale":1.20064366,"type":"lush_ferns_02_b"}
{"pos":[67.1220245,136.029236,232.885651],"rotationMatrix":[0.530940592,0.84740907,0,-0.84740907,0.530940592,0,0,0,0.999999881],"scale":1.227705,"type":"lush_ferns_02_b"}
{"pos":[14.5014877,113.608971,233.334656],"rotationMatrix":[0.696374178,-0.717678845,0,0.717678845,0.696374178,0,0,0,0.999999881],"scale":1.15183401,"type":"lush_ferns_02_b"}
{"pos":[7.43633795,116.051414,232.99884],"rotationMatrix":[-0.457661301,-0.88912648,0,0.88912648,-0.457661301,0,0,0,0.999999881],"scale":1.06528974,"type":"lush_ferns_02_b"}
{"pos":[-322.018982,146.919586,231.981018],"rotationMatrix":[0.513547003,-0.858061373,0,0.858061373,0.513547003,0,0,0,0.999999881],"scale":1.12787271,"type":"lush_ferns_02_b"}
{"pos":[-345.578857,155.293076,232.62178],"rotationMatrix":[0.883815587,-0.467835158,0,0.467835158,0.883815587,0,0,0,0.999999881],"scale":1.0824976,"type":"lush_ferns_02_b"}
{"pos":[-4.36131859,-220.512848,253.483856],"rotationMatrix":[0.982030451,-0.188721985,0,0.188721985,0.982030451,0,0,0,0.999999881],"scale":1.08944523,"type":"lush_ferns_02_b"}
{"pos":[175.573425,-67.7401047,257.298431],"rotationMatrix":[0.685469389,0.728101432,0,-0.728101432,0.685469389,0,0,0,0.999999881],"scale":1.28878045,"type":"lush_ferns_02_b"}
{"pos":[166.957703,-64.6639023,257.298889],"rotationMatrix":[0.149467617,0.988766611,0,-0.988766611,0.149467617,0,0,0,0.999999881],"scale":1.2661761,"type":"lush_ferns_02_b"}
{"pos":[118.258583,-161.187668,260.472961],"rotationMatrix":[-0.579488456,0.814980209,0,-0.814980209,-0.579488456,0,0,0,0.999999881],"scale":1.12625134,"type":"lush_ferns_02_b"}
{"pos":[66.7307205,-128.645569,255.82869],"rotationMatrix":[-0.757957578,0.652303755,0,-0.652303755,-0.757957578,0,0,0,0.999999881],"scale":1.01989019,"type":"lush_ferns_02_b"}
{"pos":[29.2940102,-116.256058,255.177353],"rotationMatrix":[-0.573985398,0.818865299,0,-0.818865299,-0.573985398,0,0,0,0.999999881],"scale":1.11036754,"type":"lush_ferns_02_b"}
{"pos":[-536.725708,-211.277161,268.470612],"rotationMatrix":[-0.651901603,0.758303344,0,-0.758303344,-0.651901603,0,0,0,0.999999881],"scale":1.15192628,"type":"lush_ferns_02_b"}
{"pos":[8.47275925,291.445007,253.688812],"rotationMatrix":[0.539952993,0.841695189,0,-0.841695189,0.539952993,0,0,0,0.999999881],"scale":1.0788337,"type":"lush_ferns_02_b"}
{"pos":[-24.034481,276.140991,247.685471],"rotationMatrix":[0.990696788,0.13608706,0,-0.13608706,0.990696788,0,0,0,0.999999881],"scale":1.10012436,"type":"lush_ferns_02_b"}
{"pos":[-30.2679424,282.157898,248.456421],"rotationMatrix":[0.994868696,0.101173386,0,-0.101173386,0.994868696,0,0,0,0.999999881],"scale":1.2274791,"type":"lush_ferns_02_b"}
{"pos":[23.0185623,335.552612,260.966003],"rotationMatrix":[0.893793404,-0.448478699,0,0.448478699,0.893793404,0,0,0,0.999999881],"scale":1.09479654,"type":"lush_ferns_02_b"}
{"pos":[20.7487411,337.69928,261.079987],"rotationMatrix":[0.606537461,0.795054913,0,-0.795054913,0.606537461,0,0,0,0.999999881],"scale":1.28977847,"type":"lush_ferns_02_b"}
{"pos":[-59.4726372,298.457672,261.972656],"rotationMatrix":[-0.598534465,0.801096857,0,-0.801096857,-0.598534465,0,0,0,0.999999881],"scale":1.0382334,"type":"lush_ferns_02_b"}
{"pos":[-54.6199684,294.255951,261.914215],"rotationMatrix":[-0.0900917575,0.995933354,0,-0.995933354,-0.0900917575,0,0,0,0.999999881],"scale":1.08655572,"type":"lush_ferns_02_b"}
{"pos":[73.5218735,293.890533,252.552582],"rotationMatrix":[0.826010048,-0.563655257,0,0.563655257,0.826010048,0,0,0,0.999999881],"scale":1.09937656,"type":"lush_ferns_02_b"}
{"pos":[-0.373385817,218.375763,236.211349],"rotationMatrix":[-0.773219049,0.634138942,0,-0.634138942,-0.773219049,0,0,0,0.999999881],"scale":1.26102996,"type":"lush_ferns_02_b"}
{"pos":[7.50834608,225.005417,236.211243],"rotationMatrix":[0.967148244,0.254212737,0,-0.254212737,0.967148244,0,0,0,0.999999881],"scale":1.26631021,"type":"lush_ferns_02_b"}
{"pos":[-246.065292,487.819214,273.501526],"rotationMatrix":[0.999882579,-0.0153138572,0,0.0153138572,0.999882579,0,0,0,0.999999881],"scale":1.10025311,"type":"lush_ferns_02_b"}
{"pos":[-281.101257,416.568298,272.918915],"rotationMatrix":[0.778156996,0.628069758,0,-0.628069758,0.778156996,0,0,0,0.999999881],"scale":1.06514716,"type":"lush_ferns_02_b"}
{"pos":[-185.933319,500.253296,266.712982],"rotationMatrix":[0.234781176,-0.972048163,0,0.972048163,0.234781176,0,0,0,0.999999881],"scale":1.13728166,"type":"lush_ferns_02_b"}
{"pos":[-172.212097,488.855835,267.402893],"rotationMatrix":[-0.198385745,0.980123937,0,-0.980123937,-0.198385745,0,0,0,0.999999881],"scale":1.1478529,"type":"lush_ferns_02_b"}
{"pos":[-161.972717,476.802765,265.213837],"rotationMatrix":[-0.481878608,0.87623781,0,-0.87623781,-0.481878608,0,0,0,0.999999881],"scale":1.28596747,"type":"lush_ferns_02_b"}
{"pos":[-182.402466,479.165802,269.301514],"rotationMatrix":[-0.973393857,-0.22913821,0,0.22913821,-0.973393857,0,0,0,0.999999881],"scale":1.23401308,"type":"lush_ferns_02_b"}
{"pos":[-199.273575,425.600983,268.999512],"rotationMatrix":[-0.969522595,-0.245001554,0,0.245001554,-0.969522595,0,0,0,0.999999881],"scale":1.16747522,"type":"lush_ferns_02_b"}
{"pos":[-142.02124,520.476562,267.751709],"rotationMatrix":[-0.986392736,0.164405465,0,-0.164405465,-0.986392736,0,0,0,0.999999881],"scale":1.17407405,"type":"lush_ferns_02_b"}
{"pos":[-133.88385,416.55307,263.905579],"rotationMatrix":[0.775448143,0.631411254,0,-0.631411254,0.775448143,0,0,0,0.999999881],"scale":1.09807873,"type":"lush_ferns_02_b"}
{"pos":[-296.957825,495.222717,272.330719],"rotationMatrix":[0.977297127,0.211873174,0,-0.211873174,0.977297127,0,0,0,0.999999881],"scale":1.0234592,"type":"lush_ferns_02_b"}
{"pos":[-319.488953,273.843201,273.963074],"rotationMatrix":[0.478343993,0.878172576,0,-0.878172576,0.478343993,0,0,0,0.999999881],"scale":1.18726063,"type":"lush_ferns_02_b"}
{"pos":[-358.931274,319.904907,273.7565],"rotationMatrix":[0.992690444,-0.1206875,0,0.1206875,0.992690444,0,0,0,0.999999881],"scale":1.00574923,"type":"lush_ferns_02_b"}
{"pos":[-313.187927,310.564911,273.963959],"rotationMatrix":[-0.82904309,0.559184551,0,-0.559184551,-0.82904309,0,0,0,0.999999881],"scale":1.14319563,"type":"lush_ferns_02_b"}
{"pos":[-332.146606,431.406677,272.501282],"rotationMatrix":[0.0595062226,0.998227835,0,-0.998227835,0.0595062226,0,0,0,0.999999881],"scale":1.03481078,"type":"lush_ferns_02_b"}
{"pos":[-71.47435,339.119598,265.144958],"rotationMatrix":[-0.135880649,-0.9907251,0,0.9907251,-0.135880649,0,0,0,0.999999881],"scale":1.11323297,"type":"lush_ferns_02_b"}
{"pos":[-55.8768234,331.735046,265.742371],"rotationMatrix":[-0.415202796,0.909728706,0,-0.909728706,-0.415202796,0,0,0,0.999999881],"scale":1.20053959,"type":"lush_ferns_02_b"}
{"pos":[-122.393562,344.854156,264.876099],"rotationMatrix":[-0.999999821,-0.000390919013,0,0.000390919013,-0.999999821,0,0,0,0.999999881],"scale":1.1217978,"type":"lush_ferns_02_b"}
{"pos":[55.6755295,236.224289,244.099655],"rotationMatrix":[-0.658753157,0.752359092,0,-0.752359092,-0.658753157,0,0,0,0.999999881],"scale":1.28248966,"type":"lush_ferns_02_b"}
{"pos":[25.5812225,284.040894,253.971252],"rotationMatrix":[0.209058836,-0.977902949,0,0.977902949,0.209058836,0,0,0,0.999999881],"scale":1.22750449,"type":"lush_ferns_02_b"}
{"pos":[-293.497772,267.540985,273.966431],"rotationMatrix":[0.410254568,-0.911970913,0,0.911970913,0.410254568,0,0,0,0.999999881],"scale":1.01992273,"type":"lush_ferns_02_b"}
{"pos":[-291.812408,260.350006,273.744843],