{"pos":[-629.320862,306.437927,232.82048],"rotationMatrix":[0.664224386,0.747533262,0,-0.747533262,0.664224386,-0,-0,0,0.999999881],"scale":1.14352715,"type":"lush_ferns_02_a"}
{"pos":[-617.3125,296.984161,232.845612],"rotationMatrix":[-0.87695539,0.480571538,-0,-0.480571538,-0.87695539,0,-0,0,0.999999881],"scale":1.263978,"type":"lush_ferns_02_a"}
{"pos":[-612.480652,296.348694,233.302109],"rotationMatrix":[-0.969370186,0.245604068,-0,-0.245604068,-0.969370186,0,-0,0,0.999999881],"scale":1.08354938,"type":"lush_ferns_02_a"}
{"pos":[-614.62854,298.597961,233.842331],"rotationMatrix":[0.854130566,0.520058632,0,-0.520058632,0.854130566,-0,-0,0,0.999999881],"scale":1.05653167,"type":"lush_ferns_02_a"}
{"pos":[-653.583008,322.211823,232.745056],"rotationMatrix":[0.0569461212,-0.998377144,0,0.998377144,0.0569461212,0,-0,0,0.999999881],"scale":1.04222775,"type":"lush_ferns_02_a"}
{"pos":[-657.515381,325.68515,233.192337],"rotationMatrix":[-0.573450327,0.819240093,-0,-0.819240093,-0.573450327,0,-0,0,0.999999881],"scale":1.0700264,"type":"lush_ferns_02_a"}
{"pos":[-725.93457,349.880768,232.684158],"rotationMatrix":[0.733080745,-0.680141509,0,0.680141509,0.733080745,0,-0,0,0.999999881],"scale":1.19603837,"type":"lush_ferns_02_a"}
{"pos":[80.6086044,148.290192,232.488083],"rotationMatrix":[-0.188312307,-0.982109129,0,0.982109129,-0.188312307,0,-0,0,0.999999881],"scale":1.1584276,"type":"lush_ferns_02_a"}
{"pos":[87.5241318,148.244247,233.143112],"rotationMatrix":[-0.999113679,-0.0420907624,0,0.0420907624,-0.999113679,0,-0,0,0.999999881],"scale":1.24417067,"type":"lush_ferns_02_a"}
{"pos":[91.1511307,149.754776,233.049454],"rotationMatrix":[0.487106442,0.873342633,0,-0.873342633,0.487106442,-0,-0,0,0.999999881],"scale":1.136868,"type":"lush_ferns_02_a"}
{"pos":[-6.09155893,118.559914,233.261597],"rotationMatrix":[0.0527629405,-0.99860692,0,0.99860692,0.0527629405,0,-0,0,0.999999881],"scale":1.191746,"type":"lush_ferns_02_a"}
{"pos":[-1.23274827,116.089455,233.500351],"rotationMatrix":[0.904616773,-0.426225722,0,0.426225722,0.904616773,0,-0,0,0.999999881],"scale":1.17457795,"type":"lush_ferns_02_a"}
{"pos":[-32.8351555,125.327133,232.021088],"rotationMatrix":[0.825130045,-0.564942777,0,0.564942777,0.825130045,0,-0,0,0.999999881],"scale":1.07496703,"type":"lush_ferns_02_a"}
{"pos":[-346.353302,157.68718,232.070679],"rotationMatrix":[0.128209189,-0.991747081,0,0.991747081,0.128209189,0,-0,0,0.999999881],"scale":1.0105983,"type":"lush_ferns_02_a"}
{"pos":[-357.029327,160.603806,232.042343],"rotationMatrix":[-0.0396251231,-0.99921453,0,0.99921453,-0.0396251231,0,-0,0,0.999999881],"scale":1.08486688,"type":"lush_ferns_02_a"}
