{"pos":[740.854309,-87.1284561,51.9048729],"rotationMatrix":[-0.865970314,0.500095069,0,-0.500095069,-0.865970314,0,0,0,0.999999881],"scale":1.19180918,"type":"lush_ferns_02_b"}
{"pos":[694.68988,-102.827271,50.7039032],"rotationMatrix":[-0.646427333,-0.762975395,0,0.762975395,-0.646427333,0,0,0,0.999999881],"scale":1.26238739,"type":"lush_ferns_02_b"}
{"pos":[691.132935,-39.5677872,49.6201591],"rotationMatrix":[0.145170093,0.989406705,0,-0.989406705,0.145170093,0,0,0,0.999999881],"scale":1.0124346,"type":"lush_ferns_02_b"}
