{"pos":[0.435023785,-22.7052345,250.784866],"rotationMatrix":[-0.995430052,-0.0954933986,0,0.0954933986,-0.995430052,0,0,0,0.999999881],"scale":0.638180852,"type":"maritime_pine_bush"}
{"pos":[2.77440381,-21.8351593,250.650406],"rotationMatrix":[0.980397046,-0.197031617,0,0.197031617,0.980397046,0,0,0,0.999999881],"scale":0.605403781,"type":"maritime_pine_bush"}
{"pos":[-2.45415235,-25.0925465,251.681808],"rotationMatrix":[-0.999997914,0.00199421891,0,-0.00199421891,-0.999997914,0,0,0,0.999999881],"scale":0.943151712,"type":"maritime_pine_bush"}
{"pos":[-7.03010559,-35.4670906,253.60379],"rotationMatrix":[0.523567319,0.851984322,0,-0.851984322,0.523567319,0,0,0,0.999999881],"scale":0.730839372,"type":"maritime_pine_bush"}
