{"pos":[0.435023785,-22.7052345,250.784866],"rotationMatrix":[-0.995430052,-0.0954933986,0,0.0954933986,-0.995430052,0,0,0,0.999999881],"scale":0.638180852,"type":"maritime_pine_bush"}
{"pos":[2.77440381,-21.8351593,250.650406],"rotationMatrix":[0.980397046,-0.197031617,0,0.197031617,0.980397046,0,0,0,0.999999881],"scale":0.605403781,"type":"maritime_pine_bush"}
{"pos":[-2.45415235,-25.0925465,251.681808],"rotationMatrix":[-0.999997914,0.00199421891,0,-0.00199421891,-0.999997914,0,0,0,0.999999881],"scale":0.943151712,"type":"maritime_pine_bush"}
{"pos":[-7.03010559,-35.4670906,253.60379],"rotationMatrix":[0.523567319,0.851984322,0,-0.851984322,0.523567319,0,0,0,0.999999881],"scale":0.730839372,"type":"maritime_pine_bush"}
{"pos":[-25.6914864,10.730896,250.011139],"rotationMatrix":[-0.200672954,-0.979658246,0,0.979658246,-0.200672954,0,0,0,0.999999881],"scale":0.514304519,"type":"maritime_pine_bush"}
{"pos":[24.3523998,-16.1521378,250],"rotationMatrix":[0.905995667,0.423286855,0,-0.423286855,0.905995667,0,0,0,0.999999881],"scale":0.571509719,"type":"maritime_pine_bush"}
{"pos":[13.1045914,4.95907021,250],"rotationMatrix":[0.855383456,-0.517995119,0,0.517995119,0.855383456,0,0,0,0.999999881],"scale":0.775143862,"type":"maritime_pine_bush"}
{"pos":[85.5887527,13.4115219,254.577637],"rotationMatrix":[-0.38158837,0.924332201,0,-0.924332201,-0.38158837,0,0,0,0.999999881],"scale":0.976637006,"type":"maritime_pine_bush"}
{"pos":[61.9920921,12.7122478,254.817413],"rotationMatrix":[0.857909977,0.513799906,0,-0.513799906,0.857909977,0,0,0,0.999999881],"scale":0.988247395,"type":"maritime_pine_bush"}
{"pos":[-42.350193,5.99432325,250.065308],"rotationMatrix":[0.999531269,0.0306108464,0,-0.0306108464,0.999531269,0,0,0,0.999999881],"scale":0.665496349,"type":"maritime_pine_bush"}
{"pos":[-64.2398376,15.7941408,250.291229],"rotationMatrix":[0.908330262,0.418253481,0,-0.418253481,0.908330262,0,0,0,0.999999881],"scale":0.96234107,"type":"maritime_pine_bush"}
{"pos":[-273.221985,200.883957,239.381821],"rotationMatrix":[0.914358437,-0.404905498,0,0.404905498,0.914358437,0,-0,0,0.999999881],"scale":0.867053449,"type":"maritime_pine_bush"}
{"pos":[-260.239014,197.895813,239.501953],"rotationMatrix":[-0.753259122,-0.657723904,0,0.657723904,-0.753259122,0,-0,0,0.999999881],"scale":0.668585539,"type":"maritime_pine_bush"}
