{"pos":[0.74370712,-7.8408908e+20,0.77116704],"rotationMatrix":[6.47399891e-43,0.715102911,6.47399891e-43,1.07483418e-38,4.90454463e-44,1.07483418e-38,0,0,0.999999762],"scale":0.839553833,"type":"oak_beech_wallblocker_long"}
{"pos":[727.23822,-106.465599,51.7168274],"rotationMatrix":[-0.666338086,0.745649517,0,-0.745649517,-0.666338086,0,0,0,0.999999881],"scale":1.12565458,"type":"oak_beech_wallblocker_long"}
{"pos":[717.016724,-103.567009,51.7168274],"rotationMatrix":[-0.825546741,-0.564333022,0,0.564333022,-0.825546741,0,0,0,0.999999642],"scale":1.12565458,"type":"oak_beech_wallblocker_long"}
{"pos":[704.049988,-108.075584,51.2862129],"rotationMatrix":[-0.99300015,0.118107356,0,-0.118107356,-0.99300015,0,0,0,0.999999404],"scale":1.12565458,"type":"oak_beech_wallblocker_long"}
{"pos":[745.786377,-108.928673,51.7168274],"rotationMatrix":[-0.986293316,-0.165000051,0,0.165000051,-0.986293316,0,0,0,0.999999762],"scale":1.33886254,"type":"oak_beech_wallblocker_long"}
{"pos":[764.448853,-101.671349,54.7881584],"rotationMatrix":[-0.817827463,-0.575462162,0,0.575462162,-0.817827463,0,0,0,0.999999285],"scale":1.12565458,"type":"oak_beech_wallblocker_long"}
{"pos":[780.297974,-93.4002838,55.3745651],"rotationMatrix":[-0.92128861,-0.388877273,0,0.388877273,-0.92128861,0,0,0,0.999999166],"scale":1.12565458,"type":"oak_beech_wallblocker_long"}
{"pos":[754.928528,-28.5789337,52.933918],"rotationMatrix":[-0.133755893,-0.991013229,0,0.991013229,-0.133755893,0,0,0,0.999998927],"scale":1.12565458,"type":"oak_beech_wallblocker_long"}
{"pos":[760.672363,-15.8685036,52.9201889],"rotationMatrix":[-0.723889947,-0.689913571,0,0.689913571,-0.723889947,0,0,0,0.999998569],"scale":1.12565458,"type":"oak_beech_wallblocker_long"}
{"pos":[752.530579,-15.5041704,52.639843],"rotationMatrix":[-0.136581957,-0.990627408,0,0.990627408,-0.136581957,0,0,0,0.99999845],"scale":0.882893443,"type":"oak_beech_wallblocker_long"}
