{"pos":[0.74370712,-7.8408908e+20,0.77116704],"rotationMatrix":[6.47399891e-43,0.715102911,6.47399891e-43,1.07483418e-38,4.90454463e-44,1.07483418e-38,0,0,0.999999762],"scale":0.839553833,"type":"oak_beech_wallblocker_long"}
{"pos":[727.23822,-106.465599,50.0297508],"rotationMatrix":[-0.666338086,0.745649517,0,-0.745649517,-0.666338086,0,0,0,0.999999881],"scale":1.12565458,"type":"oak_beech_wallblocker_long"}
{"pos":[717.016724,-103.567009,49.5455284],"rotationMatrix":[-0.825546741,-0.564333022,0,0.564333022,-0.825546741,0,0,0,0.999999642],"scale":1.12565458,"type":"oak_beech_wallblocker_long"}
{"pos":[704.049988,-108.075584,49.9293785],"rotationMatrix":[-0.99300015,0.118107356,0,-0.118107356,-0.99300015,0,0,0,0.999999404],"scale":1.12565458,"type":"oak_beech_wallblocker_long"}
{"pos":[745.786377,-108.928673,49.6997757],"rotationMatrix":[-0.986293316,-0.165000051,0,0.165000051,-0.986293316,0,0,0,0.999999762],"scale":1.33886254,"type":"oak_beech_wallblocker_long"}
{"pos":[764.448853,-101.671349,54.7881584],"rotationMatrix":[-0.817827463,-0.575462162,0,0.575462162,-0.817827463,0,0,0,0.999999285],"scale":1.12565458,"type":"oak_beech_wallblocker_long"}
{"pos":[780.297974,-93.4002838,55.3745651],"rotationMatrix":[-0.92128861,-0.388877273,0,0.388877273,-0.92128861,0,0,0,0.999999166],"scale":1.12565458,"type":"oak_beech_wallblocker_long"}
{"pos":[754.928528,-28.5789337,52.933918],"rotationMatrix":[-0.133755893,-0.991013229,0,0.991013229,-0.133755893,0,0,0,0.999998927],"scale":1.12565458,"type":"oak_beech_wallblocker_long"}
{"pos":[760.672363,-15.8685036,52.9201889],"rotationMatrix":[-0.723889947,-0.689913571,0,0.689913571,-0.723889947,0,0,0,0.999998569],"scale":1.12565458,"type":"oak_beech_wallblocker_long"}
{"pos":[752.530579,-15.5041704,52.639843],"rotationMatrix":[-0.136581957,-0.990627408,0,0.990627408,-0.136581957,0,0,0,0.99999845],"scale":0.882893443,"type":"oak_beech_wallblocker_long"}
{"pos":[766.08374,-116.692238,60.9258537],"rotationMatrix":[0.0314649194,-0.999504447,0,0.999504447,0.0314649194,0,0,0,0.999999642],"scale":0.746723831,"type":"oak_beech_wallblocker_long"}
{"pos":[766.08374,-128.200989,60.9258537],"rotationMatrix":[0.0314649194,-0.999504447,0,0.999504447,0.0314649194,0,0,0,0.999999642],"scale":0.746723831,"type":"oak_beech_wallblocker_long"}
{"pos":[767.41333,-117.743706,60.9258499],"rotationMatrix":[-0.00469578616,0.999988437,0,-0.999988437,-0.00469578616,0,0,0,0.999999523],"scale":0.746723831,"type":"oak_beech_wallblocker_long"}
{"pos":[767.105225,-129.248444,60.9258499],"rotationMatrix":[-0.00469578616,0.999988437,0,-0.999988437,-0.00469578616,0,0,0,0.999999523],"scale":0.746723831,"type":"oak_beech_wallblocker_long"}
{"pos":[759.52533,-9.12695217,52.9201889],"rotationMatrix":[-0.942404449,-0.334471166,0,0.334471166,-0.942404449,0,0,0,0.99999845],"scale":0.759150743,"type":"oak_beech_wallblocker_long"}
{"pos":[804.53833,-12.2242041,49.6997757],"rotationMatrix":[-0.0646261275,-0.997909248,0,0.997909248,-0.0646261275,0,0,0,0.999999642],"scale":1.33886254,"type":"oak_beech_wallblocker_long"}
{"pos":[806.816895,-14.0011759,50.9183235],"rotationMatrix":[0.0198843144,0.999801874,0,-0.999801874,0.0198843144,0,0,0,0.999999523],"scale":1.33886254,"type":"oak_beech_wallblocker_long"}
{"pos":[807.80481,-34.2910767,50.9183235],"rotationMatrix":[-0.137286857,0.990530789,0,-0.990530789,-0.137286857,0,0,0,0.999999404],"scale":1.33886254,"type":"oak_beech_wallblocker_long"}
{"pos":[807.80481,-34.2910767,50.9183235],"rotationMatrix":[-0.137286857,0.990530789,0,-0.990530789,-0.137286857,0,0,0,0.999999404],"scale":1.33886254,"type":"oak_beech_wallblocker_long"}
{"pos":[807.80481,-34.2910767,50.9183235],"rotationMatrix":[-0.137286857,0.990530789,0,-0.990530789,-0.137286857,0,0,0,0.999999404],"scale":1.33886254,"type":"oak_beech_wallblocker_long"}
{"pos":[807.80481,-34.2910767,50.9183235],"rotationMatrix":[-0.137286857,0.990530789,0,-0.990530789,-0.137286857,0,0,0,0.999999404],"scale":1.33886254,"type":"oak_beech_wallblocker_long"}
{"pos":[807.80481,-34.2910767,50.9183235],"rotationMatrix":[-0.137286857,0.990530789,0,-0.990530789,-0.137286857,0,0,0,0.999999404],"scale":1.33886254,"type":"oak_beech_wallblocker_long"}
{"pos":[807.80481,-34.2910767,50.9183235],"rotationMatrix":[-0.137286857,0.990530789,0,-0.990530789,-0.137286857,0,0,0,0.999999404],"scale":1.33886254,"type":"oak_beech_wallblocker_long"}
{"pos":[805.275635,-32.8937607,49.6997757],"rotationMatrix":[0.092802532,-0.995684147,0,0.995684147,0.092802532,0,0,0,0.999999523],"scale":1.33886254,"type":"oak_beech_wallblocker_long"}
{"pos":[814.746277,-49.4514656,50.9183235],"rotationMatrix":[-0.423931718,0.905693412,0,-0.905693412,-0.423931718,0,0,0,0.999999285],"scale":1.33886254,"type":"oak_beech_wallblocker_long"}
{"pos":[814.746277,-49.4514656,50.9183235],"rotationMatrix":[-0.423931718,0.905693412,0,-0.905693412,-0.423931718,0,0,0,0.999999285],"scale":1.33886254,"type":"oak_beech_wallblocker_long"}
{"pos":[814.746277,-49.4514656,50.9183235],"rotationMatrix":[-0.423931718,0.905693412,0,-0.905693412,-0.423931718,0,0,0,0.999999285],"scale":1.33886254,"type":"oak_beech_wallblocker_long"}
{"pos":[814.746277,-49.4514656,50.9183235],"rotationMatrix":[-0.423931718,0.905693412,0,-0.905693412,-0.423931718,0,0,0,0.999999285],"scale":1.33886254,"type":"oak_beech_wallblocker_long"}
{"pos":[814.746277,-49.4514656,50.9183235],"rotationMatrix":[-0.423931718,0.905693412,0,-0.905693412,-0.423931718,0,0,0,0.999999285],"scale":1.33886254,"type":"oak_beech_wallblocker_long"}
{"pos":[814.746277,-49.4514656,50.9183235],"rotationMatrix":[-0.423931718,0.905693412,0,-0.905693412,-0.423931718,0,0,0,0.999999285],"scale":1.33886254,"type":"oak_beech_wallblocker_long"}
{"pos":[811.917053,-48.864151,49.6997757],"rotationMatrix":[0.382958263,-0.923765123,0,0.923765123,0.382958263,0,0,0,0.999999404],"scale":1.33886254,"type":"oak_beech_wallblocker_long"}
{"pos":[822.456421,-68.5588379,52.6612206],"rotationMatrix":[-0.363905549,0.931434929,0,-0.931434929,-0.363905549,0,0,0,0.999999166],"scale":1.33886254,"type":"oak_beech_wallblocker_long"}
{"pos":[822.456421,-68.5588379,52.6612206],"rotationMatrix":[-0.363905549,0.931434929,0,-0.931434929,-0.363905549,0,0,0,0.999999166],"scale":1.33886254,"type":"oak_beech_wallblocker_long"}
{"pos":[822.456421,-68.5588379,52.6612206],"rotationMatrix":[-0.363905549,0.931434929,0,-0.931434929,-0.363905549,0,0,0,0.999999166],"scale":1.33886254,"type":"oak_beech_wallblocker_long"}
{"pos":[822.456421,-68.5588379,52.6612206],"rotationMatrix":[-0.363905549,0.931434929,0,-0.931434929,-0.363905549,0,0,0,0.999999166],"scale":1.33886254,"type":"oak_beech_wallblocker_long"}
{"pos":[822.456421,-68.5588379,52.6612206],"rotationMatrix":[-0.363905549,0.931434929,0,-0.931434929,-0.363905549,0,0,0,0.999999166],"scale":1.33886254,"type":"oak_beech_wallblocker_long"}
{"pos":[822.456421,-68.5588379,52.6612206],"rotationMatrix":[-0.363905549,0.931434929,0,-0.931434929,-0.363905549,0,0,0,0.999999166],"scale":1.33886254,"type":"oak_beech_wallblocker_long"}
{"pos":[819.67157,-67.7880859,51.4426727],"rotationMatrix":[0.321839809,-0.946793437,0,0.946793437,0.321839809,0,0,0,0.999999285],"scale":1.33886254,"type":"oak_beech_wallblocker_long"}
{"pos":[825.012329,-82.1417999,55.1100731],"rotationMatrix":[0.184956923,-0.982745826,0,0.982745826,0.184956923,0,0,0,0.999999166],"scale":1.33886254,"type":"oak_beech_wallblocker_long"}
{"pos":[827.660522,-83.2979736,56.3286171],"rotationMatrix":[-0.228769556,0.973479569,0,-0.973479569,-0.228769556,0,0,0,0.999999046],"scale":1.33886254,"type":"oak_beech_wallblocker_long"}
{"pos":[832.173523,-103.115082,57.2439537],"rotationMatrix":[0.256216466,-0.966618419,0,0.966618419,0.256216466,0,0,0,0.999998927],"scale":1.33886254,"type":"oak_beech_wallblocker_long"}
{"pos":[834.899109,-104.074814,58.4624977],"rotationMatrix":[-0.299235612,0.954178035,0,-0.954178035,-0.299235612,0,0,0,0.999998808],"scale":1.33886254,