{"pos":[0.74370712,-7.8408908e+20,0.77116704],"rotationMatrix":[6.47399891e-43,0.715102911,6.47399891e-43,1.07483418e-38,4.90454463e-44,1.07483418e-38,0,0,0.999999762],"scale":0.839553833,"type":"oak_beech_wallblocker_long"}
{"pos":[-3.26531458,-20.3568401,249.946609],"rotationMatrix":[0.999995887,0.00275888667,0,-0.00275888667,0.999995887,0,0,0,0.999999642],"scale":1.07486284,"type":"oak_beech_wallblocker_long"}
{"pos":[-11.1640348,-29.9564838,249.829453],"rotationMatrix":[0.0683890209,0.997658253,0,-0.997658253,0.0683890209,0,0,0,0.999999404],"scale":1.07486284,"type":"oak_beech_wallblocker_long"}
{"pos":[240.47435,153.867477,255.081696],"rotationMatrix":[-0.533060551,0.846076608,0,-0.846076608,-0.533060551,0,0,0,0.999999523],"scale":1.96405971,"type":"oak_beech_wallblocker_long"}
{"pos":[222.143784,169.409332,255.081696],"rotationMatrix":[-0.99905014,-0.0435640514,0,0.0435640514,-0.99905014,0,0,0,0.999999404],"scale":1.96405971,"type":"oak_beech_wallblocker_long"}
{"pos":[191.646851,159.938614,255.081696],"rotationMatrix":[-0.783095241,-0.621900737,0,0.621900737,-0.783095241,0,0,0,0.999999285],"scale":1.96405971,"type":"oak_beech_wallblocker_long"}
{"pos":[172.708969,139.074341,255.081696],"rotationMatrix":[-0.453346282,-0.89133358,0,0.89133358,-0.453346282,0,0,0,0.999999166],"scale":1.96405971,"type":"oak_beech_wallblocker_long"}
{"pos":[163.129059,112.854279,255.081696],"rotationMatrix":[-0.120782644,-0.992678046,0,0.992678046,-0.120782644,0,0,0,0.999999046],"scale":1.96405971,"type":"oak_beech_wallblocker_long"}
{"pos":[162.924332,90.756897,255.081696],"rotationMatrix":[0.333525538,-0.942739964,0,0.942739964,0.333525538,0,0,0,0.999998927],"scale":1.96405971,"type":"oak_beech_wallblocker_long"}
{"pos":[179.576767,78.6170273,255.081696],"rotationMatrix":[0.980278313,0.197615758,0,-0.197615758,0.980278313,0,0,0,0.999998689],"scale":1.96405971,"type":"oak_beech_wallblocker_long"}
{"pos":[205.59111,92.3868561,255.081696],"rotationMatrix":[0.771055222,0.636766136,0,-0.636766136,0.771055222,0,0,0,0.999998569],"scale":1.96405971,"type":"oak_beech_wallblocker_long"}
{"pos":[223.551285,113.000725,255.081696],"rotationMatrix":[0.618146539,0.786061049,0,-0.786061049,0.618146539,0,0,0,0.99999845],"scale":1.96405971,"type":"oak_beech_wallblocker_long"}
{"pos":[236.310226,131.246765,255.081696],"rotationMatrix":[0.618146539,0.786061049,0,-0.786061049,0.618146539,0,0,0,0.99999845],"scale":1.96405971,"type":"oak_beech_wallblocker_long"}
{"pos":[232.104828,137.843826,255.081696],"rotationMatrix":[0.618146539,0.786061049,0,-0.786061049,0.618146539,0,0,0,0.99999845],"scale":1.96405971,"type":"oak_beech_wallblocker_long"}
{"pos":[219.345886,119.597748,255.081696],"rotationMatrix":[0.618146539,0.786061049,0,-0.786061049,0.618146539,0,0,0,0.99999845],"scale":1.96405971,"type":"oak_beech_wallblocker_long"}
{"pos":[201.385712,98.9838791,255.081696],"rotationMatrix":[0.771055222,0.636766136,0,-0.636766136,0.771055222,0,0,0,0.999998569],"scale":1.96405971,"type":"oak_beech_wallblocker_long"}
{"pos":[175.371368,85.2140503,255.081696],"rotationMatrix":[0.980278313,0.197615758,0,-0.197615758,0.980278313,0,0,0,0.999998689],"scale":1.96405971,"type":"oak_beech_wallblocker_long"}
{"pos":[228.586838,144.5952,250.080902],"rotationMatrix":[0.618146539,0.786061049,0,-0.786061049,0.618146539,0,0,0,0.99999845],"scale":1.96405971,"type":"oak_beech_wallblocker_long"}
{"pos":[215.827896,126.349152,250.080902],"rotationMatrix":[0.618146539,0.786061049,0,-0.786061049,0.618146539,0,0,0,0.99999845],"scale":1.96405971,"type":"oak_beech_wallblocker_long"}
{"pos":[197.867722,105.735283,250.080902],"rotationMatrix":[0.771055222,0.636766136,0,-0.636766136,0.771055222,0,0,0,0.999998569],"scale":1.96405971,"type":"oak_beech_wallblocker_long"}
{"pos":[171.853378,91.9654541,255.081696],"rotationMatrix":[0.980278313,0.197615758,0,-0.197615758,0.980278313,0,0,0,0.999998689],"scale":1.96405971,"type":"oak_beech_wallblocker_long"}
{"pos":[224.24176,152.442688,255.081696],"rotationMatrix":[0.618146539,0.786061049,0,-0.786061049,0.618146539,0,0,0,0.99999845],"scale":1.96405971,"type":"oak_beech_wallblocker_long"}
{"pos":[211.482819,134.196655,255.081696],"rotationMatrix":[0.618146539,0.786061049,0,-0.786061049,0.618146539,0,0,0,0.99999845],"scale":1.96405971,"type":"oak_beech_wallblocker_long"}
{"pos":[193.522644,113.582779,250.080902],"rotationMatrix":[0.771055222,0.636766136,0,-0.636766136,0.771055222,0,0,0,0.999998569],"scale":1.96405971,"type":"oak_beech_wallblocker_long"}
{"pos":[167.508301,99.8129501,250.080902],"rotationMatrix":[0.980278313,0.197615758,0,-0.197615758,0.980278313,0,0,0,0.999998689],"scale":1.96405971,"type":"oak_beech_wallblocker_long"}
{"pos":[168.923309,106.403564,255.081696],"rotationMatrix":[-0.120782644,-0.992678046,0,0.992678046,-0.120782644,0,0,0,0.999999046],"scale":1.96405971,"type":"oak_beech_wallblocker_long"}
{"pos":[178.50322,132.623627,250.080902],"rotationMatrix":[-0.453346282,-0.89133358,0,0.89133358,-0.453346282,0,0,0,0.999999166],"scale":1.96405971,"type":"oak_beech_wallblocker_long"}
{"pos":[197.441101,153.4879,255.081696],"rotationMatrix":[-0.783095241,-0.621900737,0,0.621900737,-0.783095241,0,0,0,0.999999285],"scale":1.96405971,"type":"oak_beech_wallblocker_long"}
{"pos":[227.938034,162.958618,255.081696],"rotationMatrix":[-0.99905014,-0.0435640514,0,0.0435640514,-0.99905014,0,0,0,0.999999404],"scale":1.96405971,"type":"oak_beech_wallblocker_long"}
{"pos":[178.068756,113.371407,255.081696],"rotationMatrix":[-0.24925074,-0.968438089,0,0.968438089,-0.24925074,0,0,0,0.999999046],"scale":1.96405971,"type":"oak_beech_wallblocker_long"}
{"pos":[192.031021,137.846207,250.080902],"rotationMatrix":[-0.629584193,-0.776931226,0,0.776931226,-0.629584193,0,0,0,0.999999166],"scale":1.96405971,"type":"oak_beech_wallblocker_long"}
{"pos":[219.748184,153.705475,250.080902],"rotationMatrix":[-0.965824664,-0.259193808,0,0.259193808,-0.965824664,0,0,0,0.999999285],"scale":1.96405971,"type":"oak_beech_wallblocker_long"}
{"pos":[188.950989,120.791054,255.081696],"rotationMatrix":[-0.420278013,-0.90739429,0,0.90739429,-0.420278013,0,0,0,0.999998927],"scale":1.96405971,"type":"oak_beech_wallblocker_long"}
{"pos":[207.109177,142.337296,250.080902],"rotationMatrix":[-0.759707332,-0.650263727,0,0.650263727,-0.759707332,0,0,0,0.999999046],"scale":1.96405971,"type":"oak_beech_wallblocker_long"}
{"pos":[202.34726,129.820358,250.080902],"rotationMatrix":[-0.759707332,-0.650263727,0,0.650263727,-0.759707332,0,0,0,0.999999046],"scale":1.96405971,"type":"oak_beech_wallblocker_long"}
{"pos":[325.95639,240.834595,254.504959],"rotationMatrix":[-0.965824664,-0.259193808,0,0.259193808,-0.965824664,0,0,0,0.999999285],"scale":1.96405971,"type":"oak_beech_wallblocker_long"}
{"pos":[338.761139,236.28215,259.519592],"rotationMatrix":[-0.965824664,-0.259193808,0,0.259193808,-0.965824664,0,0,0,0.999999285],"scale":1.96405971,"type":"oak_beech_wallblocker_long"}
{"pos":[318.884552,223.00087,262.428741],"rotationMatrix":[-0.47622925,-0.879320323,0,0.879320323,-0.47622925,0,0,0,0.999999166],"scale":1.49217224,"type":"oak_beech_wallblocker_long"}
{"pos":[287.317566,226.591232,250.334808],"rotationMatrix":[0.0627314001,-0.99802947,0,0.99802947,0.0627314001,0,0,0,0.999998927],"scale":1.49217224,"type":"oak_beech_wallblocker_long"}
