{"pos":[0.74370712,-7.8408908e+20,0.77116704],"rotationMatrix":[6.47399891e-43,0.715102911,6.47399891e-43,1.07483418e-38,4.90454463e-44,1.07483418e-38,0,0,0.999999762],"scale":0.839553833,"type":"oak_beech_wallblocker_long"}
{"pos":[-3.26531458,-20.3568401,249.946609],"rotationMatrix":[0.999995887,0.00275888667,0,-0.00275888667,0.999995887,0,0,0,0.999999642],"scale":1.07486284,"type":"oak_beech_wallblocker_long"}
{"pos":[-11.1640348,-29.9564838,249.829453],"rotationMatrix":[0.0683890209,0.997658253,0,-0.997658253,0.0683890209,0,0,0,0.999999404],"scale":1.07486284,"type":"oak_beech_wallblocker_long"}
