{"pos":[-16.7178516,-12.5440331,249.595856],"rotationMatrix":[0.971409857,-0.237408534,0,0.237408534,0.971409857,0,-0,0,0.999999881],"scale":1.22999847,"type":"rock_01_a_large_a"}
