{"pos":[675.356689,33.6360054,49.9432869],"rotationMatrix":[-0.865032375,0.501715779,0,-0.501715779,-0.865032375,0,0,0,0.999999881],"scale":2.02265143,"type":"rock_01_a_small_a"}
{"pos":[677.228394,33.0114288,48.9342499],"rotationMatrix":[-0.770017326,-0.638022959,0,0.638022959,-0.770017326,0,0,0,0.999999881],"scale":1.98997188,"type":"rock_01_a_small_a"}
{"pos":[677.803772,31.3856659,48.7553177],"rotationMatrix":[-0.999754369,-0.0221581496,0,0.0221581496,-0.999754369,0,0,0,0.999999881],"scale":1.32919526,"type":"rock_01_a_small_a"}
{"pos":[693.856384,57.1116753,53.3425713],"rotationMatrix":[-0.736361325,-0.676588356,0,0.676588356,-0.736361325,0,0,0,0.999999881],"scale":2.07079387,"type":"rock_01_a_small_a"}
{"pos":[697.985413,56.741806,54.8902779],"rotationMatrix":[-0.727802634,-0.685786664,0,0.685786664,-0.727802634,0,0,0,0.999999881],"scale":1.72526431,"type":"rock_01_a_small_a"}
{"pos":[696.32666,42.159832,51.5073013],"rotationMatrix":[-0.763680756,0.645593822,0,-0.645593822,-0.763680756,0,0,0,0.999999881],"scale":1.55221939,"type":"rock_01_a_small_a"}
{"pos":[698.406372,46.9192009,51.4994812],"rotationMatrix":[0.667830467,0.735675693,0.113063693,-0.617118299,0.632206798,-0.468486071,-0.416133434,0.243095621,0.876205921],"scale":1.9440521,"type":"rock_01_a_small_a"}
{"pos":[694.540039,47.0233688,49.213726],"rotationMatrix":[0.901646852,-0.432472765,0,0.432472765,0.901646852,0,0,0,0.999999881],"scale":1.21577215,"type":"rock_01_a_small_a"}
