{"pos":[-18.0125446,-7.92202425,249.631607],"rotationMatrix":[-0.654137671,-0.756375313,0,0.756375313,-0.654137671,0,-0,0,0.999999881],"scale":1.41306031,"type":"rock_01_a_large_b"}
{"pos":[-19.6774673,-12.0279751,249.614075],"rotationMatrix":[0.458096504,-0.888902366,0,0.888902366,0.458096504,0,-0,0,0.999999881],"scale":1.37141705,"type":"rock_01_a_large_b"}
{"pos":[-17.3894291,-10.7432575,249.700562],"rotationMatrix":[0.993651807,-0.112497836,0,0.112497836,0.993651807,0,-0,0,0.999999881],"scale":1.26549554,"type":"rock_01_a_large_b"}
