{"pos":[-17.0527058,-10.105793,249.931427],"rotationMatrix":[-0.993559539,0.11331068,-0,-0.11331068,-0.993559539,0,-0,0,0.999999881],"scale":2.40339494,"type":"rock_01_a_small_b"}
