{"pos":[-19.1204472,-10.4485025,249.628586],"rotationMatrix":[-0.602527618,-0.798097908,0,0.798097908,-0.602527618,0,-0,0,0.999999881],"scale":1.39634252,"type":"rock_01_a_large_c"}
