{"pos":[-19.8580704,-9.6736927,249.968826],"rotationMatrix":[0.999931514,0.0116968499,0,-0.0116968499,0.999931514,-0,-0,0,0.999999881],"scale":2.05833602,"type":"rock_01_a_small_a"}
{"pos":[-18.1176662,-12.3745956,249.972397],"rotationMatrix":[-0.140640497,0.990060627,-0,-0.990060627,-0.140640497,0,-0,0,0.999999881],"scale":2.21478391,"type":"rock_01_a_small_a"}
{"pos":[-18.8553085,-9.43278599,249.964432],"rotationMatrix":[-0.660972714,-0.750409722,0,0.750409722,-0.660972714,0,-0,0,0.999999881],"scale":1.73035741,"type":"rock_01_a_small_a"}
