{"pos":[-49.0778732,-0.880986392,250.034164],"rotationMatrix":[0.797745049,0.6029948,0,-0.6029948,0.797745049,-0,-0,0,0.999999881],"scale":1.40830088,"type":"rock_01_a_small_a"}
{"pos":[-28.8278694,3.06053138,250.175507],"rotationMatrix":[0.999564111,-0.0295198914,0,0.0295198914,0.999564111,0,-0,0,0.999999881],"scale":1.17032099,"type":"rock_01_a_small_a"}
{"pos":[-34.4570236,5.17155266,250.541092],"rotationMatrix":[-0.0333986953,-0.999442041,0,0.999442041,-0.0333986953,0,-0,0,0.999999881],"scale":1.07599044,"type":"rock_01_a_small_a"}
{"pos":[-32.1722908,4.71242237,250.487961],"rotationMatrix":[0.701985061,-0.712191582,0,0.712191582,0.701985061,0,-0,0,0.999999881],"scale":1.38658762,"type":"rock_01_a_small_a"}
{"pos":[-42.7208061,3.75672579,250.574081],"rotationMatrix":[0.974098563,0.226123542,0,-0.226123542,0.974098563,-0,-0,0,0.999999881],"scale":2.19710255,"type":"rock_01_a_small_a"}
