{"pos":[694.84552,56.2468071,53.8205795],"rotationMatrix":[-0.540663302,0.841238916,0,-0.841238916,-0.540663302,0,0,0,0.999999881],"scale":1.61603975,"type":"rock_01_a_small_c"}
{"pos":[696.922852,41.1758156,51.7797585],"rotationMatrix":[0.688025773,-0.725686073,0,0.725686073,0.688025773,0,0,0,0.999999881],"scale":2.24795103,"type":"rock_01_a_small_c"}
{"pos":[695.539368,44.1295776,50.3977928],"rotationMatrix":[-0.929297805,-0.369331092,0,0.369331092,-0.929297805,0,0,0,0.999999881],"scale":2.47923803,"type":"rock_01_a_small_c"}
