{"pos":[-18.0272942,-10.8253136,249.933807],"rotationMatrix":[0.737055421,-0.675832093,0,0.675832093,0.737055421,0,-0,0,0.999999881],"scale":2.03498411,"type":"rock_01_a_small_c"}
{"pos":[-17.5017242,-13.2369204,249.985413],"rotationMatrix":[0.970506787,-0.241073355,0,0.241073355,0.970506787,0,-0,0,0.999999881],"scale":2.31338406,"type":"rock_01_a_small_c"}
