{"pos":[152.968567,-761.635315,48.0663223],"rotationMatrix":[0.931793272,-0.359298855,0.0516300909,0.358086437,0.933160424,0.0313954204,-0.0594594963,-0.0107660061,0.998172641],"scale":1,"type":"sawmill_log_long2"}
{"pos":[320.461609,-784.046387,46.4204941],"rotationMatrix":[-0.797973633,-0.602417231,-0.0182099696,0.600560427,-0.797327042,0.0599749498,-0.0506492406,0.0369222425,0.998033762],"scale":1,"type":"sawmill_log_long2"}
{"pos":[110.599281,-729.367676,41.8056221],"rotationMatrix":[-0.586777925,-0.638289034,-0.498275489,0.759609401,-0.220727324,-0.611778438,0.280508429,-0.737472951,0.614368439],"scale":0.540330112,"type":"sawmill_log_long2"}
{"pos":[142.024246,-798.368408,46.4159546],"rotationMatrix":[0.927181959,-0.359753817,0.104454711,0.372422189,0.855105937,-0.360687584,0.0404388793,0.373324305,0.926819086],"scale":1,"type":"sawmill_log_long2"}
{"pos":[142.921906,-801.199585,45.1198959],"rotationMatrix":[0.88445735,-0.466601729,0.00424085744,0.462502956,0.875410795,-0.140523642,0.0618560836,0.126248568,0.990068257],"scale":1,"type":"sawmill_log_long2"}
{"pos":[142.847534,-799.760803,46.2873726],"rotationMatrix":[-0.897139311,0.433574617,-0.0845815688,-0.397503912,-0.875870943,-0.27357018,-0.192695633,-0.211809069,0.958125949],"scale":1,"type":"sawmill_log_long2"}
{"pos":[131.103958,-790.038025,46.2086983],"rotationMatrix":[0.785497069,-0.566519022,0.249099493,0.567404032,0.819962442,0.0755929649,-0.247077078,0.0819620043,0.965523243],"scale":0.589364648,"type":"sawmill_log_long2"}
{"pos":[120.60379,-719.297058,42.149498],"rotationMatrix":[-0.6092062,-0.792782187,0.0190873742,0.121802956,-0.117328048,-0.985595345,0.78360188,-0.598105907,0.168040156],"scale":0.540330112,"type":"sawmill_log_long2"}
{"pos":[142.729599,-708.759094,44.0222206],"rotationMatrix":[-0.978629112,-0.200788334,-0.0443756357,0.197754011,-0.978119969,0.0646128505,-0.0563781932,0.0544565506,0.996923268],"scale":1,"type":"sawmill_log_long2"}
{"pos":[146.373611,-761.554871,46.0943298],"rotationMatrix":[0.387743533,-0.919249773,0.0680791587,0.897904992,0.393370688,0.197550446,-0.208378538,-0.0154702887,0.977925897],"scale":1,"type":"sawmill_log_long2"}
{"pos":[144.833344,-763.190857,46.1244736],"rotationMatrix":[0.420175672,-0.905588329,0.0579848588,-0.904471338,-0.423110843,-0.0539337955,0.073375836,-0.0297839753,-0.99685955],"scale":1,"type":"sawmill_log_long2"}
{"pos":[143.971619,-763.446899,46.1336861],"rotationMatrix":[0.393744886,-0.91779834,0.0510993488,0.91621083,0.39634335,0.0589030161,-0.0743139833,0.0236250143,0.996955037],"scale":1,"type":"sawmill_log_long2"}
{"pos":[106.030975,-759.106689,43.127018],"rotationMatrix":[0.125975847,0.989748597,-0.0672889054,-0.972179532,0.109668076,-0.206977844,-0.197476596,0.0914911032,0.97602886],"scale":1,"type":"sawmill_log_long2"}
{"pos":[104.615295,-759.56604,41.9989471],"rotationMatrix":[-0.167649746,-0.985135794,-0.0374285579,0.965200663,-0.156291246,-0.20966813,0.200701833,-0.0712769032,0.977055967],"scale":1,"type":"sawmill_log_long2"}
{"pos":[109.501862,-745.916504,42.7762794],"rotationMatrix":[-0.302279353,-0.936510324,0.177695468,0.952426076,-0.30433774,0.0162257701,0.0388838202,0.174146503,0.983951747],"scale":0.589364648,"type":"sawmill_log_long2"}
{"pos":[107.102791,-757.894897,43.2322083],"rotationMatrix":[-0.0467857122,-0.997394562,0.0549093783,0.904236913,-0.0656456947,-0.421955228,0.424460441,0.0299095809,0.904952347],"scale":1,"type":"sawmill_log_long2"}
{"pos":[186.666107,-808.80481,48.5020332],"rotationMatrix":[0.90837431,-0.418157846,0.000302449102,0.418094188,0.908222973,-0.0181199722,0.00730231777,0.0165861696,0.999835789],"scale":1,"type":"sawmill_log_long2"}
{"pos":[140.807907,-785.452148,45.7907944],"rotationMatrix":[0.942018092,-0.287628502,0.172834605,0.246956974,0.942960382,0.223244309,-0.227187604,-0.16761747,0.959317565],"scale":1,"type":"sawmill_log_long2"}
{"pos":[121.538177,-741.715576,42.858429],"rotationMatrix":[-0.276880741,-0.9607234,0.0186465457,0.959321737,-0.275259495,0.0627221167,-0.0551259592,0.0352545828,0.997856796],"scale":1,"type":"sawmill_log_long2"}
{"pos":[109.577309,-774.175781,42.3549957],"rotationMatrix":[0.428512812,-0.903462291,0.0115216076,0.717068911,0.347809196,0.604020655,-0.549717188,-0.250568807,0.796885371],"scale":1,"type":"sawmill_log_long2"}
