{"pos":[176.033005,-783.34552,48.0283928],"rotationMatrix":[0.408768713,-0.912160873,0.0295073986,0.131883591,0.0270469189,-0.990896106,0.903058648,0.408938855,0.131354988],"scale":0.589908719,"type":"sawmill_log_thick"}
{"pos":[271.328369,-799.884888,46.52071],"rotationMatrix":[0.363127351,-0.931725621,0.00509396195,0.930853367,0.363014996,0.0416195057,-0.0406271406,-0.0103714503,0.999120533],"scale":0.589908719,"type":"sawmill_log_thick"}
{"pos":[157.103256,-777.31488,47.9124603],"rotationMatrix":[0.361406803,-0.87029916,0.334611028,0.870137513,0.443751812,0.214347884,-0.335031003,0.213690832,0.917654872],"scale":0.589908719,"type":"sawmill_log_thick"}
{"pos":[150.011581,-800.465698,46.81493],"rotationMatrix":[0.85282284,-0.512450039,0.100439802,-0.219759241,-0.177716494,0.959230304,-0.473707795,-0.840126157,-0.264176369],"scale":0.589908719,"type":"sawmill_log_thick"}
{"pos":[118.882828,-783.486816,43.8717422],"rotationMatrix":[-0.825271964,0.559622705,-0.0758196786,-0.479865015,-0.765684009,-0.428319395,-0.297751188,-0.31709677,0.900440931],"scale":0.589908719,"type":"sawmill_log_thick"}
{"pos":[118.504044,-785.070679,43.6144371],"rotationMatrix":[0.801560163,0.0341522656,0.596938014,0.12687172,0.965917885,-0.225624114,-0.584298611,0.256585836,0.769908309],"scale":0.589908719,"type":"sawmill_log_thick"}
{"pos":[127.034431,-778.040039,43.7707253],"rotationMatrix":[0.868862033,-0.481148779,0.116509885,0.294869781,0.692029774,0.658897996,-0.397656292,-0.538136244,0.743154645],"scale":0.589908719,"type":"sawmill_log_thick"}
{"pos":[133.338745,-710.020325,42.4561882],"rotationMatrix":[0.29413563,0.951972485,-0.0850454867,-0.0748304427,0.111646175,0.990926623,0.952829838,-0.285102844,0.104075551],"scale":0.589908719,"type":"sawmill_log_thick"}
{"pos":[139.759781,-764.801392,45.6923866],"rotationMatrix":[0.982692182,0.0807058066,0.166741297,-0.0443640687,-0.771382689,0.634823442,0.179855272,-0.631233335,-0.754451275],"scale":0.589908719,"type":"sawmill_log_thick"}
{"pos":[110.462486,-732.234314,41.3487816],"rotationMatrix":[0.288217902,-0.805087268,0.518425524,0.952319562,0.184405923,-0.243068025,0.100090206,0.563763261,0.819849312],"scale":0.589908719,"type":"sawmill_log_thick"}
{"pos":[112.095634,-732.149658,41.5585632],"rotationMatrix":[0.289955735,0.957039058,-0.00139409304,-0.886966527,0.268178046,-0.375993252,-0.359466374,0.110257909,0.926621318],"scale":0.589908719,"type":"sawmill_log_thick"}
{"pos":[107.574997,-766.109192,42.4641075],"rotationMatrix":[0.0183164477,-0.999812067,-0.00634863041,0.998469651,0.0186225176,-0.0520720854,0.0521805286,-0.00538514182,0.998623133],"scale":0.589908719,"type":"sawmill_log_thick"}
{"pos":[125.160385,-776.217041,44.0888062],"rotationMatrix":[0.934657216,-0.00764014572,0.355467945,-0.212180138,0.790244579,0.574885309,-0.285298854,-0.612743914,0.736986756],"scale":0.589908719,"type":"sawmill_log_thick"}
{"pos":[145.836746,-787.662842,46.4211388],"rotationMatrix":[0.97228533,-0.160881519,0.169642001,0.126638979,0.972331405,0.196301267,-0.196529478,-0.16937755,0.96575743],"scale":0.589908719,"type":"sawmill_log_thick"}
