{"pos":[255.920212,-767.756165,47.2530403],"rotationMatrix":[0.895501792,-0.445005566,0.00682320632,0.444960445,0.895521343,0.00719156396,-0.00931061246,-0.00340400171,0.999950886],"scale":0.752084255,"type":"sawmill_timberstack1"}
{"pos":[310.131622,-763.505005,46.6441536],"rotationMatrix":[0.724399328,0.689377904,-0.00192440953,-0.689361453,0.724397182,0.00543872826,0.00514337607,-0.00261319708,0.99998337],"scale":0.752084255,"type":"sawmill_timberstack1"}
{"pos":[275.400391,-777.550171,46.8722801],"rotationMatrix":[0.52706337,-0.849798262,-0.00686332444,0.849824131,0.527062058,0.00214605872,0.00179368118,-0.00696372706,0.999974132],"scale":0.752084255,"type":"sawmill_timberstack1"}
{"pos":[273.706482,-779.162415,46.8672562],"rotationMatrix":[0.689419091,-0.724330187,-0.00686332397,0.724355698,0.689423084,0.00214605872,0.00317727868,-0.00645102188,0.999974132],"scale":0.752084255,"type":"sawmill_timberstack1"}
{"pos":[282.301147,-783.678772,47.470623],"rotationMatrix":[0.723754048,0.689031839,-0.0376204513,-0.689361453,0.724397182,0.00543873478,0.0309996102,0.0219977833,0.999277294],"scale":0.752084255,"type":"sawmill_timberstack1"}
{"pos":[185.627884,-806.723511,48.2625771],"rotationMatrix":[0.869799435,-0.493405432,-1.6268692e-05,0.493390888,0.869773984,-0.00765401125,0.00379068125,0.00664942805,0.999970734],"scale":0.752084255,"type":"sawmill_timberstack1"}
{"pos":[189.283936,-798.856812,48.2531548],"rotationMatrix":[0.975699246,-0.219114095,-7.72479834e-05,0.219113797,0.975698352,-0.0013807544,0.000377913471,0.00133027486,0.999999046],"scale":0.752084255,"type":"sawmill_timberstack1"}
