{"pos":[150.423431,-764.351257,47.949604],"rotationMatrix":[0.515485942,0.822993279,0.238655075,-0.719086528,0.566938043,-0.401865423,-0.466035187,0.0355423242,0.884051979],"scale":1,"type":"sawmill_log_long1"}
{"pos":[156.603699,-787.52179,48.002758],"rotationMatrix":[-0.429041028,-0.903282642,-0.00204170123,0.901765108,-0.428449035,0.0570164844,-0.0523767695,0.0226212796,0.998371124],"scale":1,"type":"sawmill_log_long1"}
{"pos":[143.012833,-787.542236,45.6016769],"rotationMatrix":[0.860968232,-0.493286252,0.124106348,0.0863636285,-0.0986815691,-0.991364419,0.501273394,0.864251554,-0.0423597097],"scale":1,"type":"sawmill_log_long1"}
{"pos":[141.704666,-784.624878,45.9864006],"rotationMatrix":[0.902523339,-0.424342453,0.0733834133,0.41328609,0.901371717,0.12932004,-0.12102171,-0.0863860101,0.988883793],"scale":1,"type":"sawmill_log_long1"}
