{"pos":[-518.535706,-160.281723,262.039185],"rotationMatrix":[-0.444170445,0.895942032,0,-0.895942032,-0.444170445,0,0,0,0.999999642],"scale":1.13225424,"type":"tall_plant2"}
{"pos":[-514.30365,-167.691391,262.039185],"rotationMatrix":[-0.444170445,0.895942032,0,-0.895942032,-0.444170445,0,0,0,0.999999642],"scale":1.13225424,"type":"tall_plant2"}
{"pos":[-515.059631,-171.284821,262.039185],"rotationMatrix":[-0.444170445,0.895942032,0,-0.895942032,-0.444170445,0,0,0,0.999999642],"scale":1.13225424,"type":"tall_plant2"}
{"pos":[-519.291687,-163.875153,262.039185],"rotationMatrix":[-0.444170445,0.895942032,0,-0.895942032,-0.444170445,0,0,0,0.999999642],"scale":1.13225424,"type":"tall_plant2"}
{"pos":[-516.268982,-174.36673,262.039185],"rotationMatrix":[-0.444170445,0.895942032,0,-0.895942032,-0.444170445,0,0,0,0.999999642],"scale":1.13225424,"type":"tall_plant2"}
{"pos":[-520.501038,-166.957062,262.039185],"rotationMatrix":[-0.444170445,0.895942032,0,-0.895942032,-0.444170445,0,0,0,0.999999642],"scale":1.13225424,"type":"tall_plant2"}
{"pos":[-524.946411,-173.79715,262.039185],"rotationMatrix":[-0.444170445,0.895942032,0,-0.895942032,-0.444170445,0,0,0,0.999999642],"scale":1.13225424,"type":"tall_plant2"}
{"pos":[-529.178467,-166.387482,262.039185],"rotationMatrix":[-0.444170445,0.895942032,0,-0.895942032,-0.444170445,0,0,0,0.999999642],"scale":1.13225424,"type":"tall_plant2"}
{"pos":[-527.969116,-163.305573,262.039185],"rotationMatrix":[-0.444170445,0.895942032,0,-0.895942032,-0.444170445,0,0,0,0.999999642],"scale":1.13225424,"type":"tall_plant2"}
{"pos":[-523.737061,-170.71524,262.039185],"rotationMatrix":[-0.444170445,0.895942032,0,-0.895942032,-0.444170445,0,0,0,0.999999642],"scale":1.13225424,"type":"tall_plant2"}
{"pos":[-527.213135,-159.712143,262.039185],"rotationMatrix":[-0.444170445,0.895942032,0,-0.895942032,-0.444170445,0,0,0,0.999999642],"scale":1.13225424,"type":"tall_plant2"}
{"pos":[-522.981079,-167.121811,262.039185],"rotationMatrix":[-0.444170445,0.895942032,0,-0.895942032,-0.444170445,0,0,0,0.999999642],"scale":1.13225424,"type":"tall_plant2"}
{"pos":[-533.839661,-172.526245,262.039185],"rotationMatrix":[-0.444170445,0.895942032,0,-0.895942032,-0.444170445,0,0,0,0.999999642],"scale":1.13225424,"type":"tall_plant2"}
{"pos":[-538.071716,-165.116577,262.039185],"rotationMatrix":[-0.444170445,0.895942032,0,-0.895942032,-0.444170445,0,0,0,0.999999642],"scale":1.13225424,"type":"tall_plant2"}
{"pos":[-536.862366,-162.034668,262.039185],"rotationMatrix":[-0.444170445,0.895942032,0,-0.895942032,-0.444170445,0,0,0,0.999999642],"scale":1.13225424,"type":"tall_plant2"}
{"pos":[-532.63031,-169.444336,262.039185],"rotationMatrix":[-0.444170445,0.895942032,0,-0.895942032,-0.444170445,0,0,0,0.999999642],"scale":1.13225424,"type":"tall_plant2"}
{"pos":[-536.106384,-158.441238,262.039185],"rotationMatrix":[-0.444170445,0.895942032,0,-0.895942032,-0.444170445,0,0,0,0.999999642],"scale":1.13225424,"type":"tall_plant2"}
{"pos":[-531.874329,-165.850906,262.039185],"rotationMatrix":[-0.444170445,0.895942032,0,-0.895942032,-0.444170445,0,0,0,0.999999642],"scale":1.13225424,"type":"tall_plant2"}
{"pos":[-542.179321,-173.155853,262.039185],"rotationMatrix":[-0.444170445,0.895942032,0,-0.895942032,-0.444170445,0,0,0,0.999999642],"scale":1.13225424,"type":"tall_plant2"}
{"pos":[-546.411377,-165.746185,262.039185],"rotationMatrix":[-0.444170445,0.895942032,0,-0.895942032,-0.444170445,0,0,0,0.999999642],"scale":1.13225424,"type":"tall_plant2"}
{"pos":[-545.202026,-162.664276,262.039185],"rotationMatrix":[-0.444170445,0.895942032,0,-0.895942032,-0.444170445,0,0,0,0.999999642],"scale":1.13225424,"type":"tall_plant2"}
{"pos":[-540.969971,-170.073944,262.039185],"rotationMatrix":[-0.444170445,0.895942032,0,-0.895942032,-0.444170445,0,0,0,0.999999642],"scale":1.13225424,"type":"tall_plant2"}
{"pos":[-544.446045,-159.070847,262.039185],"rotationMatrix":[-0.444170445,0.895942032,0,-0.895942032,-0.444170445,0,0,0,0.999999642],"scale":1.13225424,"type":"tall_plant2"}
{"pos":[-540.213989,-166.480515,262.039185],"rotationMatrix":[-0.444170445,0.895942032,0,-0.895942032,-0.444170445,0,0,0,0.999999642],"scale":1.13225424,"type":"tall_plant2"}
{"pos":[-550.13031,-174.332764,262.039185],"rotationMatrix":[-0.444170445,0.895942032,0,-0.895942032,-0.444170445,0,0,0,0.999999642],"scale":1.13225424,"type":"tall_plant2"}
{"pos":[-554.362366,-166.923096,262.039185],"rotationMatrix":[-0.444170445,0.895942032,0,-0.895942032,-0.444170445,0,0,0,0.999999642],"scale":1.13225424,"type":"tall_plant2"}
{"pos":[-553.153015,-163.841187,262.039185],"rotationMatrix":[-0.444170445,0.895942032,0,-0.895942032,-0.444170445,0,0,0,0.999999642],"scale":1.13225424,"type":"tall_plant2"}
{"pos":[-548.920959,-171.250854,262.039185],"rotationMatrix":[-0.444170445,0.895942032,0,-0.895942032,-0.444170445,0,0,0,0.999999642],"scale":1.13225424,"type":"tall_plant2"}
{"pos":[-552.397034,-160.247757,262.039185],"rotationMatrix":[-0.444170445,0.895942032,0,-0.895942032,-0.444170445,0,0,0,0.999999642],"scale":1.13225424,"type":"tall_plant2"}
{"pos":[-548.164978,-167.657425,262.039185],"rotationMatrix":[-0.444170445,0.895942032,0,-0.895942032,-0.444170445,0,0,0,0.999999642],"scale":1.13225424,"type":"tall_plant2"}
{"pos":[-558.217529,-175.531921,262.039185],"rotationMatrix":[-0.444170445,0.895942032,0,-0.895942032,-0.444170445,0,0,0,0.999999642],"scale":1.13225424,"type":"tall_plant2"}
{"pos":[-562.449585,-168.122253,262.039185],"rotationMatrix":[-0.444170445,0.895942032,0,-0.895942032,-0.444170445,0,0,0,0.999999642],"scale":1.13225424,"type":"tall_plant2"}
{"pos":[-561.240234,-165.040344,262.039185],"rotationMatrix":[-0.444170445,0.895942032,0,-0.895942032,-0.444170445,0,0,0,0.999999642],"scale":1.13225424,"type":"tall_plant2"}
{"pos":[-557.008179,-172.450012,262.039185],"rotationMatrix":[-0.444170445,0.895942032,0,-0.895942032,-0.444170445,0,0,0,0.999999642],"scale":1.13225424,"type":"tall_plant2"}
{"pos":[-560.484253,-161.446915,262.039185],"rotationMatrix":[-0.444170445,0.895942032,0,-0.895942032,-0.444170445,0,0,0,0.999999642],"scale":1.13225424,"type":"tall_plant2"}
{"pos":[-556.252197,-168.856583,262.039185],"rotationMatrix":[-0.444170445,0.895942032,0,-0.895942032,-0.444170445,0,0,0,0.999999642],"scale":1.13225424,"type":"tall_plant2"}
{"pos":[-566.038635,-177.339569,262.039185],"rotationMatrix":[-0.444170445,0.895942032,0,-0.895942032,-0.444170445,0,0,0,0.999999642],"scale":1.13225424,"type":"tall_plant2"}
{"pos":[-570.270691,-169.929901,262.039185],"rotationMatrix":[-0.444170445,0.895942032,0,-0.895942032,-0.444170445,0,0,0,0.999999642],"scale":1.13225424,"type":"tall_plant2"}
{"pos":[-569.06134,-166.847992,262.039185],"rotationMatrix":[-0.444170445,0.895942032,0,-0.895942032,-0.444170445,0,0,0,0.999999642],"scale":1.13225424,"type":"tall_plant2"}
{"pos":[-564.829285,-174.25766,262.039185],"rotationMatrix":[-0.444170445,0.895942032,0,-0.895942032,-0.444170445,0,0,0,0.999999642],"scale":1.13225424,"type":"tall_plant2"}
{"pos":[-568.305359,-163.254562,262.039185],"rotationMatrix":[-0.444170445,0.895942032,0,-0.895942032,-0.444170445,0,0,0,0.999999642],"scale":1.13225424,"type":"tall_plant2"}
{"pos":[-564.073303,-170.66423,262.039185],"rotationMatrix":[-0.444170445,0.895942032,0,-0.895942032,-0.444170445,0,0,0,0.999999642],"scale":1.13225424,"type":"tall_plant2"}
{"pos":[-573.886414,-178.49971,262.039185],"rotationMatrix":[-0.444170445,0.895942032,0,-0.895942032,-0.444170445,0,0,0,0.999999642],"scale":1.13225424,"type":"tall_plant2"}
{"pos":[-578.118469,-171.090042,262.039185],"rotationMatrix":[-0.444170445,0.895942032,0,-0.895942032,-0.444170445,0,0,0,0.999999642],"scale":1.13225424,"type":"tall_plant2"}
{"pos":[-576.909119,-168.008133,262.039185],"rotationMatrix":[-0.444170445,0.895942032,0,-0.895942032,-0.444170445,0,0,0,0.999999642],"scale":1.13225424,"type":"tall_plant2"}
{"pos":[-572.677063,-175.417801,262.039185],"rotationMatrix":[-0.444170445,0.895942032,0,-0.895942032,-0.444170445,0,0,0,0.999999642],