{"pos":[-514.30365,-167.691391,262.039185],"rotationMatrix":[-0.444170445,0.895942032,0,-0.895942032,-0.444170445,0,0,0,0.999999642],"scale":1.13225424,"type":"tall_plant2"}
{"pos":[-515.059631,-171.284821,262.039185],"rotationMatrix":[-0.444170445,0.895942032,0,-0.895942032,-0.444170445,0,0,0,0.999999642],"scale":1.13225424,"type":"tall_plant2"}
{"pos":[-516.268982,-174.36673,262.039185],"rotationMatrix":[-0.444170445,0.895942032,0,-0.895942032,-0.444170445,0,0,0,0.999999642],"scale":1.13225424,"type":"tall_plant2"}
{"pos":[-542.179321,-173.155853,262.039185],"rotationMatrix":[-0.444170445,0.895942032,0,-0.895942032,-0.444170445,0,0,0,0.999999642],"scale":1.13225424,"type":"tall_plant2"}
{"pos":[-558.217529,-175.531921,262.039185],"rotationMatrix":[-0.444170445,0.895942032,0,-0.895942032,-0.444170445,0,0,0,0.999999642],"scale":1.13225424,"type":"tall_plant2"}
{"pos":[-566.038635,-177.339569,262.039185],"rotationMatrix":[-0.444170445,0.895942032,0,-0.895942032,-0.444170445,0,0,0,0.999999642],"scale":1.13225424,"type":"tall_plant2"}
{"pos":[-570.270691,-169.929901,262.039185],"rotationMatrix":[-0.444170445,0.895942032,0,-0.895942032,-0.444170445,0,0,0,0.999999642],"scale":1.13225424,"type":"tall_plant2"}
{"pos":[-564.073303,-170.66423,262.039185],"rotationMatrix":[-0.444170445,0.895942032,0,-0.895942032,-0.444170445,0,0,0,0.999999642],"scale":1.13225424,"type":"tall_plant2"}
{"pos":[-573.886414,-178.49971,262.039185],"rotationMatrix":[-0.444170445,0.895942032,0,-0.895942032,-0.444170445,0,0,0,0.999999642],"scale":1.13225424,"type":"tall_plant2"}
{"pos":[-578.118469,-171.090042,262.039185],"rotationMatrix":[-0.444170445,0.895942032,0,-0.895942032,-0.444170445,0,0,0,0.999999642],"scale":1.13225424,"type":"tall_plant2"}
{"pos":[-576.909119,-168.008133,262.039185],"rotationMatrix":[-0.444170445,0.895942032,0,-0.895942032,-0.444170445,0,0,0,0.999999642],"scale":1.13225424,"type":"tall_plant2"}
{"pos":[-572.677063,-175.417801,262.039185],"rotationMatrix":[-0.444170445,0.895942032,0,-0.895942032,-0.444170445,0,0,0,0.999999642],"scale":1.13225424,"type":"tall_plant2"}
{"pos":[-576.153137,-164.414703,262.039185],"rotationMatrix":[-0.444170445,0.895942032,0,-0.895942032,-0.444170445,0,0,0,0.999999642],"scale":1.13225424,"type":"tall_plant2"}
{"pos":[-577.954041,-176.032089,262.039185],"rotationMatrix":[-0.444170445,0.895942032,0,-0.895942032,-0.444170445,0,0,0,0.999999642],"scale":1.13225424,"type":"tall_plant2"}
{"pos":[-582.186096,-168.622421,262.039185],"rotationMatrix":[-0.444170445,0.895942032,0,-0.895942032,-0.444170445,0,0,0,0.999999642],"scale":1.13225424,"type":"tall_plant2"}
{"pos":[-580.428894,-177.251022,262.039185],"rotationMatrix":[-0.444170445,0.895942032,0,-0.895942032,-0.444170445,0,0,0,0.999999642],"scale":1.13225424,"type":"tall_plant2"}
{"pos":[-584.66095,-169.841354,262.039185],"rotationMatrix":[-0.444170445,0.895942032,0,-0.895942032,-0.444170445,0,0,0,0.999999642],"scale":1.13225424,"type":"tall_plant2"}
{"pos":[-558.230408,-157.028259,262.039185],"rotationMatrix":[-0.99976927,0.0214604214,0,-0.0214604214,-0.99976927,0,0,0,0.999999404],"scale":1.13225424,"type":"tall_plant2"}
{"pos":[-573.963013,-160.17662,262.039185],"rotationMatrix":[-0.967872381,-0.25143981,0,0.25143981,-0.967872381,0,0,0,0.999999285],"scale":1.13225424,"type":"tall_plant2"}
{"pos":[-581.924988,-163.073456,262.039185],"rotationMatrix":[-0.835283875,-0.549817622,0,0.549817622,-0.835283875,0,0,0,0.999999046],"scale":1.13225424,"type":"tall_plant2"}
{"pos":[-581.594727,-165.565399,262.039185],"rotationMatrix":[-0.835283875,-0.549817622,0,0.549817622,-0.835283875,0,0,0,0.999999046],"scale":1.13225424,"type":"tall_plant2"}
{"pos":[-573.936584,-162.743576,262.039185],"rotationMatrix":[-0.835283875,-0.549817622,0,0.549817622,-0.835283875,0,0,0,0.999999046],"scale":1.13225424,"type":"tall_plant2"}
{"pos":[-564.975037,-160.692139,262.039185],"rotationMatrix":[-0.92731297,-0.374284834,0,0.374284834,-0.92731297,0,0,0,0.999998927],"scale":1.13225424,"type":"tall_plant2"}
{"pos":[-550.004028,-160.626938,262.039185],"rotationMatrix":[-0.999985933,0.00513461232,0,-0.00513461232,-0.999985933,0,0,0,0.999998808],"scale":1.13225424,"type":"tall_plant2"}
{"pos":[-519.769775,-173.541031,262.039185],"rotationMatrix":[-0.99976927,0.0214604214,0,-0.0214604214,-0.99976927,0,0,0,0.999999404],"scale":1.13225424,"type":"tall_plant2"}
{"pos":[-519.766724,-176.151138,262.039185],"rotationMatrix":[-0.999985933,0.00513461232,0,-0.00513461232,-0.999985933,0,0,0,0.999998808],"scale":1.13225424,"type":"tall_plant2"}
{"pos":[-538.086975,-174.674408,262.039185],"rotationMatrix":[-0.999985933,0.00513461232,0,-0.00513461232,-0.999985933,0,0,0,0.999998808],"scale":1.13225424,"type":"tall_plant2"}
{"pos":[-545.170959,-175.673813,262.039185],"rotationMatrix":[-0.999985933,0.00513461232,0,-0.00513461232,-0.999985933,0,0,0,0.999998808],"scale":1.13225424,"type":"tall_plant2"}
{"pos":[-553.678589,-174.810135,262.039185],"rotationMatrix":[-0.99976927,0.0214604214,0,-0.0214604214,-0.99976927,0,0,0,0.999999404],"scale":1.13225424,"type":"tall_plant2"}
{"pos":[-553.675537,-177.420242,262.039185],"rotationMatrix":[-0.999985933,0.00513461232,0,-0.00513461232,-0.999985933,0,0,0,0.999998808],"scale":1.13225424,"type":"tall_plant2"}
{"pos":[-561.221436,-177.628983,262.039185],"rotationMatrix":[-0.970775425,-0.239985555,0,0.239985555,-0.970775425,0,0,0,0.999998689],"scale":1.13225424,"type":"tall_plant2"}
{"pos":[-570.172302,-176.740952,262.039185],"rotationMatrix":[-0.974564612,-0.224104092,0,0.224104092,-0.974564612,0,0,0,0.999999285],"scale":1.13225424,"type":"tall_plant2"}
{"pos":[-569.529907,-179.270782,262.039185],"rotationMatrix":[-0.970775425,-0.239985555,0,0.239985555,-0.970775425,0,0,0,0.999998689],"scale":1.13225424,"type":"tall_plant2"}
