{"pos":[-186.057007,-748.862,30.6191006],"rotationMatrix":[-0.435834527,0.900002003,0,-0.900002003,-0.435834527,0,0,0,1],"scale":0.819899976,"type":"tree_beech_small_d"}
{"pos":[-577.802979,-164.654007,28.2588997],"rotationMatrix":[-0.435495615,0.900234699,0,-0.900234699,-0.435495615,0,0,0,1],"scale":0.659399986,"type":"tree_beech_small_d"}
{"pos":[-587.544739,-155.509308,25.9985008],"rotationMatrix":[0.693612099,-0.720332563,0,0.720332563,0.693612099,0,0,0,1],"scale":0.976700008,"type":"tree_beech_small_d"}
{"pos":[-627.620972,-640.395996,32.5486984],"rotationMatrix":[-0.936512113,-0.350304008,0,0.350304008,-0.936512113,0,0,0,1],"scale":1.17209995,"type":"tree_beech_small_d"}
{"pos":[-118.263,55.5642014,43.4673004],"rotationMatrix":[-0.298305035,0.954432249,0,-0.954432249,-0.298305035,0,0,0,1],"scale":0.866900027,"type":"tree_beech_small_d"}
{"pos":[803.269104,-112.349785,52.4588356],"rotationMatrix":[-0.972495198,0.232584015,0,-0.232584015,-0.972495198,0,0,0,1],"scale":0.800300002,"type":"tree_beech_small_d"}
{"pos":[825.252563,-214.054611,53.1866989],"rotationMatrix":[0.970669568,0.240407735,0,-0.240407735,0.970669568,0,0,0,1],"scale":1.18519998,"type":"tree_beech_small_d"}
{"pos":[762.392395,-399.496033,52.8534355],"rotationMatrix":[0.824175477,-0.566314995,0,0.566314995,0.824175477,0,0,0,1],"scale":0.870400012,"type":"tree_beech_small_d"}
{"pos":[782.890808,-409.842102,53.3818016],"rotationMatrix":[-0.872112393,0.489167958,0,-0.489167958,-0.872112393,0,0,0,1],"scale":1.0575,"type":"tree_beech_small_d"}
{"pos":[637.435974,-114.373001,51.519001],"rotationMatrix":[-0.978060484,-0.208447203,0,0.208447203,-0.978060484,0,0,0,1],"scale":1.18270004,"type":"tree_beech_small_d"}
{"pos":[711.15387,-472.378845,53.5470848],"rotationMatrix":[0.636366069,0.771357596,0,-0.771357596,0.636366069,0,0,0,1],"scale":1.01230001,"type":"tree_beech_small_d"}
{"pos":[626.360291,429.45752,54.3102417],"rotationMatrix":[-0.232941121,-0.972490847,0,0.972490847,-0.232941121,0,0,0,1],"scale":1.07072449,"type":"tree_beech_small_d"}
{"pos":[642.769165,437.476685,54.7402039],"rotationMatrix":[-0.267912,-0.963443398,0,0.963443398,-0.267912,0,0,0,1],"scale":1.14918971,"type":"tree_beech_small_d"}
{"pos":[672.437256,441.542542,56.1855736],"rotationMatrix":[-0.401426673,0.915891171,0,-0.915891171,-0.401426673,0,0,0,1],"scale":1.02534473,"type":"tree_beech_small_d"}
{"pos":[661.792175,449.789673,55.8321419],"rotationMatrix":[0.481837839,0.8762604,0,-0.8762604,0.481837839,0,0,0,1],"scale":0.816509068,"type":"tree_beech_small_d"}
{"pos":[647.525635,443.448059,55.2280121],"rotationMatrix":[0.627128899,0.778915465,0,-0.778915465,0.627128899,0,0,0,1],"scale":1.14210546,"type":"tree_beech_small_d"}
{"pos":[688.643738,447.684082,58.1807518],"rotationMatrix":[-0.0827814117,-0.996567726,0,0.996567726,-0.0827814117,0,0,0,1],"scale":1.09878528,"type":"tree_beech_small_d"}
{"pos":[673.876648,461.295898,57.6260376],"rotationMatrix":[-0.32018888,-0.947353721,0,0.947353721,-0.32018888,0,0,0,1],"scale":0.835058093,"type":"tree_beech_small_d"}
{"pos":[544.15387,-818.373657,59.1894112],"rotationMatrix":[0.822511971,0.568747818,0,-0.568747818,0.822511971,0,0,0,1],"scale":1.02591181,"type":"tree_beech_small_d"}
{"pos":[544.855652,-828.18457,57.555542],"rotationMatrix":[-0.617340624,-0.786695957,0,0.786695957,-0.617340624,0,0,0,1],"scale":0.861109972,"type":"tree_beech_small_d"}
{"pos":[546.795898,-840.794067,55.6011772],"rotationMatrix":[-0.83848691,-0.544921756,0,0.544921756,-0.83848691,0,0,0,1],"scale":0.836871505,"type":"tree_beech_small_d"}
{"pos":[545.938965,-38.7656708,50.6638222],"rotationMatrix":[0.64972055,0.760173142,0,-0.760173142,0.64972055,0,0,0,1],"scale":0.89922905,"type":"tree_beech_small_d"}
{"pos":[536.674744,-38.7828255,50.1656609],"rotationMatrix":[0.654438615,0.756115139,0,-0.756115139,0.654438615,0,0,0,1],"scale":1.1532383,"type":"tree_beech_small_d"}
{"pos":[565.843079,-47.8181801,53.0907631],"rotationMatrix":[-0.83370465,0.552210629,0,-0.552210629,-0.83370465,0,0,0,1],"scale":0.518502474,"type":"tree_beech_small_d"}
