{"pos":[210.392746,174.852585,254.162766],"rotationMatrix":[0.904088676,-0.42734459,0,0.42734459,0.904088676,0,0,0,0.999999881],"scale":1.06874728,"type":"tree_aspen_forest_group"}
{"pos":[-27.8226757,-109.549873,251.546265],"rotationMatrix":[0.311381727,-0.950284898,0,0.950284898,0.311381727,0,0,0,0.999999881],"scale":0.984743118,"type":"tree_aspen_forest_group"}
{"pos":[-28.9442978,-103.34153,254.812302],"rotationMatrix":[0.99944979,-0.0331650972,0,0.0331650972,0.99944979,0,0,0,0.999999762],"scale":0.984743118,"type":"tree_aspen_forest_group"}
{"pos":[-39.985405,-103.440163,253.147751],"rotationMatrix":[0.99944979,-0.0331650972,0,0.0331650972,0.99944979,0,0,0,0.999999762],"scale":0.984743118,"type":"tree_aspen_forest_group"}
{"pos":[-38.8637848,-109.648506,252.894211],"rotationMatrix":[0.311381727,-0.950284898,0,0.950284898,0.311381727,0,0,0,0.999999881],"scale":0.984743118,"type":"tree_aspen_forest_group"}
{"pos":[-68.0104294,-103.664581,254.812302],"rotationMatrix":[0.99944979,-0.0331650972,0,0.0331650972,0.99944979,0,0,0,0.999999762],"scale":0.984743118,"type":"tree_aspen_forest_group"}
{"pos":[-66.8888092,-109.872925,253.147751],"rotationMatrix":[0.311381727,-0.950284898,0,0.950284898,0.311381727,0,0,0,0.999999881],"scale":0.984743118,"type":"tree_aspen_forest_group"}
{"pos":[-76.5272903,-106.919632,253.147751],"rotationMatrix":[-0.978028953,-0.208468586,0,0.208468586,-0.978028953,0,0,0,0.999999762],"scale":0.984743118,"type":"tree_aspen_forest_group"}
{"pos":[-70.2348404,-106.465172,251.074371],"rotationMatrix":[-0.139353946,-0.990242422,0,0.990242422,-0.139353946,0,0,0,0.999999642],"scale":0.984743118,"type":"tree_aspen_forest_group"}
{"pos":[-64.6495361,-104.118515,252.385056],"rotationMatrix":[-0.978028953,-0.208468586,0,0.208468586,-0.978028953,0,0,0,0.999999762],"scale":0.984743118,"type":"tree_aspen_forest_group"}
{"pos":[-58.3570786,-103.664055,255.445084],"rotationMatrix":[-0.139353946,-0.990242422,0,0.990242422,-0.139353946,0,0,0,0.999999642],"scale":1.10887647,"type":"tree_aspen_forest_group"}
{"pos":[-35.3404121,-109.531731,254.812302],"rotationMatrix":[-0.306494445,-0.951872289,0,0.951872289,-0.306494445,0,0,0,0.999999642],"scale":0.984743118,"type":"tree_aspen_forest_group"}
{"pos":[-32.599575,-103.84935,253.147751],"rotationMatrix":[0.789178312,-0.614163637,0,0.614163637,0.789178312,0,0,0,0.999999523],"scale":0.984743118,"type":"tree_aspen_forest_group"}
{"pos":[-45.3632507,-108.42469,250.331909],"rotationMatrix":[0.311381727,-0.950284898,0,0.950284898,0.311381727,0,0,0,0.999999881],"scale":0.984743118,"type":"tree_aspen_forest_group"}
{"pos":[-51.2689857,-105.453156,253.147751],"rotationMatrix":[0.965276241,-0.261230588,0,0.261230588,0.965276241,0,0,0,0.999999762],"scale":0.984743118,"type":"tree_aspen_forest_group"}
{"pos":[-132.367523,-41.9479828,255.297241],"rotationMatrix":[0.999814868,-0.0192354023,0,0.0192354023,0.999814868,0,-0,0,0.999999881],"scale":1.07713044,"type":"tree_aspen_forest_group"}
{"pos":[-169.619705,-37.986866,254.958466],"rotationMatrix":[-0.214121118,0.976806998,-0,-0.976806998,-0.214121118,0,-0,0,0.999999881],"scale":1.12335253,"type":"tree_aspen_forest_group"}
{"pos":[-176.437927,-67.028923,254.491165],"rotationMatrix":[-0.979121864,-0.203273788,0,0.203273788,-0.979121864,0,-0,0,0.999999881],"scale":0.92720437,"type":"tree_aspen_forest_group"}
{"pos":[-113.287544,-85.7213669,255.194397],"rotationMatrix":[0.0293905418,-0.999567926,0,0.999567926,0.0293905418,0,-0,0,0.999999881],"scale":1.03657734,"type":"tree_aspen_forest_group"}
{"pos":[-134.302994,-61.8993835,255.512466],"rotationMatrix":[0.373707891,-0.927546382,0,0.927546382,0.373707891,0,-0,0,0.999999881],"scale":0.988831997,"type":"tree_aspen_forest_group"}
{"pos":[-173.623627,-48.4356728,254.403473],"rotationMatrix":[0.600531101,-0.799601316,0,0.799601316,0.600531101,0,-0,0,0.999999881],"scale":0.91640079,"type":"tree_aspen_forest_group"}
{"pos":[-214.727692,-5.36250782,248.072662],"rotationMatrix":[-0.708144546,0.706067383,-0,-0.706067383,-0.708144546,0,-0,0,0.999999881],"scale":0.947174251,"type":"tree_aspen_forest_group"}
{"pos":[-214.059235,5.32999611,248.606583],"rotationMatrix":[-0.983236253,-0.182335913,0,0.182335913,-0.983236253,0,-0,0,0.999999881],"scale":0.8230533,"type":"tree_aspen_forest_group"}
{"pos":[-210.140717,0.871229172,249.664001],"rotationMatrix":[0.761345327,-0.648346543,0,0.648346543,0.761345327,0,-0,0,0.999999881],"scale":1.1129899,"type":"tree_aspen_forest_group"}
{"pos":[-207.256821,9.18165779,248.397598],"rotationMatrix":[-0.929442465,-0.368967026,0,0.368967026,-0.929442465,0,-0,0,0.999999881],"scale":1.11914265,"type":"tree_aspen_forest_group"}
{"pos":[-120.81115,-0.445449829,249.92012],"rotationMatrix":[0.225550637,-0.974231422,0,0.974231422,0.225550637,0,-0,0,0.999999881],"scale":0.876017094,"type":"tree_aspen_forest_group"}
{"pos":[-107.35498,-9.8015995,249.708069],"rotationMatrix":[-0.542677462,0.839940965,-0,-0.839940965,-0.542677462,0,-0,0,0.999999881],"scale":1.05530167,"type":"tree_aspen_forest_group"}
{"pos":[-287.493805,-29.2461472,255.673676],"rotationMatrix":[0.127492279,0.991839468,0,-0.991839468,0.127492279,-0,-0,0,0.999999881],"scale":0.926170111,"type":"tree_aspen_forest_group"}
{"pos":[-286.050537,-5.20036411,254.470642],"rotationMatrix":[0.988658965,-0.150177449,0,0.150177449,0.988658965,0,-0,0,0.999999881],"scale":0.999712825,"type":"tree_aspen_forest_group"}
{"pos":[-301.881012,13.2097406,255.187851],"rotationMatrix":[0.62591964,0.779887557,0,-0.779887557,0.62591964,-0,-0,0,0.999999881],"scale":1.06734395,"type":"tree_aspen_forest_group"}
{"pos":[-319.10318,7.74727726,256.257172],"rotationMatrix":[0.533520997,0.84578687,0,-0.84578687,0.533520997,-0,-0,0,0.999999881],"scale":1.07356203,"type":"tree_aspen_forest_group"}
{"pos":[-347.713654,3.66461086,257.054474],"rotationMatrix":[-0.984167755,-0.177238792,0,0.177238792,-0.984167755,0,-0,0,0.999999881],"scale":1.0736475,"type":"tree_aspen_forest_group"}
{"pos":[-353.013885,-8.00180244,260.625397],"rotationMatrix":[0.00534310937,0.999985635,0,-0.999985635,0.00534310937,-0,-0,0,0.999999881],"scale":0.943545222,"type":"tree_aspen_forest_group"}
{"pos":[-361.767548,1.94508266,260.235901],"rotationMatrix":[0.0134436917,-0.99990952,0,0.99990952,0.0134436917,0,-0,0,0.999999881],"scale":0.965128541,"type":"tree_aspen_forest_group"}
{"pos":[-374.292206,-21.0749397,262.580078],"rotationMatrix":[0.0448402278,-0.998994052,0,0.998994052,0.0448402278,0,-0,0,0.999999881],"scale":1.12662673,"type":"tree_aspen_forest_group"}
{"pos":[-415.148285,16.3773422,260.368195],"rotationMatrix":[0.739028215,-0.673674345,0,0.673674345,0.739028215,0,-0,0,0.999999881],"scale":1.02394223,"type":"tree_aspen_forest_group"}
{"pos":[-459.464844,5.03858614,261.265045],"rotationMatrix":[0.126040637,-0.992024958,0,0.992024958,0.126040637,0,-0,0,0.999999881],"scale":0.809148848,"type":"tree_aspen_forest_group"}
{"pos":[-605.103271,53.373394,261.952148],"rotationMatrix":[0.99245286,-0.122625917,0,0.122625917,0.99245286,0,-0,0,0.999999881],"scale":1.02477324,"type":"tree_aspen_forest_group"}
{"pos":[-601.530273,56.4132576,261.220673],"rotationMatrix":[-0.441555828,-0.897233784,0,0.897233784,-0.441555828,0,-0,0,0.999999881],"scale":1.18409395,"type":"tree_aspen_forest_group"}
{"pos":[-568.69165,11.0939922,262.414215],"rotationMatrix":[-0.801675558,-0.597759426,0,0.597759426,-0.801675558,0,-0,0,0.999999881],"scale":1.09480977,"type":"tree_aspen_forest_group"}
{"pos":[-399.262817,44.0313492,259.532928],"rotationMatrix":[0.995499432,-0.0947658196,0,0.0947658196,0.995499432,0,-0,0,0.999999881],"scale":1.15163147,"type":"tree_aspen_forest_group"}
{"pos":[-308.257996,55.6483765,256.463501],"rotationMatrix":[0.999732792,-0.0231148005,0,0.0231148005,0.999732792,0,-0,0,0.999999881],"scale":1.01720071,"type":"tree_aspen_forest_group"}
{"pos":[-150.706848,44.0572701,249.641464],"rotationMatrix":[-0.945335031,-0.326100707,0,0.326100707,-0.945335031,0,-0,0,0.999999881],"scale":0.836823106,