{"pos":[730.961731,-60.0375175,51.5501671],"rotationMatrix":[-0.901243031,0.433313519,0,-0.433313519,-0.901243031,0,0,0,0.999999762],"scale":1.08666492,"type":"tree_aspen_bush_b"}
{"pos":[710.426575,-71.8332825,51.5501671],"rotationMatrix":[-0.901243031,0.433313519,0,-0.433313519,-0.901243031,0,0,0,0.999999762],"scale":1.08666492,"type":"tree_aspen_bush_b"}
{"pos":[708.199829,-62.2886238,51.5501671],"rotationMatrix":[-0.901243031,0.433313519,0,-0.433313519,-0.901243031,0,0,0,0.999999762],"scale":0.748493612,"type":"tree_aspen_bush_b"}
{"pos":[715.011902,-51.901329,51.5501671],"rotationMatrix":[-0.901243031,0.433313519,0,-0.433313519,-0.901243031,0,0,0,0.999999762],"scale":0.748493612,"type":"tree_aspen_bush_b"}
{"pos":[725.908569,-56.1737556,51.4209404],"rotationMatrix":[-0.901243031,0.433313519,0,-0.433313519,-0.901243031,0,0,0,0.999999762],"scale":1.08666492,"type":"tree_aspen_bush_b"}
{"pos":[740.255859,-51.4038734,51.4209404],"rotationMatrix":[-0.53469944,0.845041871,0,-0.845041871,-0.53469944,0,0,0,0.999999642],"scale":1.08666492,"type":"tree_aspen_bush_b"}
{"pos":[695.872192,-58.9442596,51.5501671],"rotationMatrix":[-0.901243031,0.433313519,0,-0.433313519,-0.901243031,0,0,0,0.999999762],"scale":1.08666492,"type":"tree_aspen_bush_b"}
{"pos":[706.307495,-81.2327271,51.5501671],"rotationMatrix":[-0.0797209144,0.996816993,0,-0.996816993,-0.0797209144,0,0,0,0.999999642],"scale":0.748493612,"type":"tree_aspen_bush_b"}
{"pos":[738.77655,-59.2614784,51.5501671],"rotationMatrix":[-0.901243031,0.433313519,0,-0.433313519,-0.901243031,0,0,0,0.999999762],"scale":1.08666492,"type":"tree_aspen_bush_b"}
{"pos":[737.264709,-59.4326706,51.5501671],"rotationMatrix":[-0.901243031,0.433313519,0,-0.433313519,-0.901243031,0,0,0,0.999999762],"scale":0.748493612,"type":"tree_aspen_bush_b"}
{"pos":[737.140015,-58.4873047,51.4209404],"rotationMatrix":[-0.901243031,0.433313519,0,-0.433313519,-0.901243031,0,0,0,0.999999762],"scale":1.08666492,"type":"tree_aspen_bush_b"}
{"pos":[739.307739,-66.3004684,51.5501671],"rotationMatrix":[-0.901243031,0.433313519,0,-0.433313519,-0.901243031,0,0,0,0.999999762],"scale":1.08666492,"type":"tree_aspen_bush_b"}
{"pos":[749.362,-60.5442429,51.5501671],"rotationMatrix":[-0.901243031,0.433313519,0,-0.433313519,-0.901243031,0,0,0,0.999999762],"scale":1.08666492,"type":"tree_aspen_bush_b"}
{"pos":[745.537231,-64.4489365,51.4209404],"rotationMatrix":[-0.901243031,0.433313519,0,-0.433313519,-0.901243031,0,0,0,0.999999762],"scale":1.08666492,"type":"tree_aspen_bush_b"}
{"pos":[775.409851,-38.2511902,51.4209404],"rotationMatrix":[-0.901243031,0.433313519,0,-0.433313519,-0.901243031,0,0,0,0.999999762],"scale":1.08666492,"type":"tree_aspen_bush_b"}
{"pos":[725.522766,-92.0797195,51.5501671],"rotationMatrix":[-0.901243031,0.433313519,0,-0.433313519,-0.901243031,0,0,0,0.999999762],"scale":1.08666492,"type":"tree_aspen_bush_b"}
{"pos":[735.228027,-87.7242508,51.5501671],"rotationMatrix":[-0.360928267,0.932593286,0,-0.932593286,-0.360928267,0,0,0,0.999999642],"scale":1.08666492,"type":"tree_aspen_bush_b"}
{"pos":[765.919922,-7.90149307,51.4209404],"rotationMatrix":[-0.901243031,0.433313519,0,-0.433313519,-0.901243031,0,0,0,0.999999762],"scale":1.08666492,"type":"tree_aspen_bush_b"}
{"pos":[772.722046,-25.3243065,51.4209404],"rotationMatrix":[-0.901243031,0.433313519,0,-0.433313519,-0.901243031,0,0,0,0.999999762],"scale":1.08666492,"type":"tree_aspen_bush_b"}
{"pos":[732.630066,3.49738121,51.4209442],"rotationMatrix":[-0.901243031,0.433313519,0,-0.433313519,-0.901243031,0,0,0,0.999999762],"scale":1.08666492,"type":"tree_aspen_bush_b"}
{"pos":[726.949097,2.287117,51.5501671],"rotationMatrix":[-0.901243031,0.433313519,0,-0.433313519,-0.901243031,0,0,0,0.999999762],"scale":1.08666492,"type":"tree_aspen_bush_b"}
{"pos":[700.305237,-19.4353085,51.5501671],"rotationMatrix":[-0.334970742,0.942228317,0,-0.942228317,-0.334970742,0,0,0,0.999999642],"scale":1.08666492,"type":"tree_aspen_bush_b"}
{"pos":[703.457764,-0.84677887,51.5501671],"rotationMatrix":[-0.901243031,0.433313519,0,-0.433313519,-0.901243031,0,0,0,0.999999762],"scale":1.08666492,"type":"tree_aspen_bush_b"}
