{"pos":[362.222168,50.0818214,258.247833],"rotationMatrix":[0.86536628,0.50113982,0,-0.50113982,0.86536628,0,0,0,0.999999881],"scale":1.06697047,"type":"tree_aspen_wall"}
{"pos":[313.913208,92.7090988,255.613693],"rotationMatrix":[0.468473643,0.883477509,0,-0.883477509,0.468473643,0,0,0,0.999999881],"scale":1.47288966,"type":"tree_aspen_wall"}
{"pos":[241.016602,155.211578,253.520905],"rotationMatrix":[-0.865365446,-0.501141369,0,0.501141369,-0.865365446,0,0,0,0.999999881],"scale":1.01724279,"type":"tree_aspen_wall"}
{"pos":[263.101685,138.861984,253.710632],"rotationMatrix":[-0.122307673,0.992492139,0,-0.992492139,-0.122307673,0,0,0,0.999999881],"scale":1.07840264,"type":"tree_aspen_wall"}
{"pos":[162.323318,117.542305,254.271622],"rotationMatrix":[-0.839420199,-0.543482721,0,0.543482721,-0.839420199,0,0,0,0.999999881],"scale":1.09031701,"type":"tree_aspen_wall"}
{"pos":[162.302353,73.2809753,254.246658],"rotationMatrix":[0.250766724,-0.96804744,0,0.96804744,0.250766724,0,0,0,0.999999881],"scale":0.995283008,"type":"tree_aspen_wall"}
{"pos":[168.450226,54.8244476,254.295959],"rotationMatrix":[0.285299301,-0.958438456,0,0.958438456,0.285299301,0,0,0,0.999999881],"scale":0.935094118,"type":"tree_aspen_wall"}
{"pos":[-36.1613846,-110.198776,255.040726],"rotationMatrix":[0.998446643,-0.0557112694,0,0.0557112694,0.998446643,0,0,0,0.999999642],"scale":1.41301394,"type":"tree_aspen_wall"}
{"pos":[-35.9104614,-101.325302,255.040726],"rotationMatrix":[-0.998446524,0.055711586,0,-0.055711586,-0.998446524,0,0,0,0.999999523],"scale":1.41301394,"type":"tree_aspen_wall"}
{"pos":[-50.0735359,-100.98378,255.040726],"rotationMatrix":[-0.998446524,0.055711586,0,-0.055711586,-0.998446524,0,0,0,0.999999523],"scale":1.41301394,"type":"tree_aspen_wall"}
{"pos":[-50.3244591,-109.857254,255.040726],"rotationMatrix":[0.998446643,-0.0557112694,0,0.0557112694,0.998446643,0,0,0,0.999999642],"scale":1.41301394,"type":"tree_aspen_wall"}
{"pos":[-64.8846817,-100.964508,255.040726],"rotationMatrix":[-0.998446524,0.055711586,0,-0.055711586,-0.998446524,0,0,0,0.999999523],"scale":1.41301394,"type":"tree_aspen_wall"}
{"pos":[-65.1356049,-109.837982,255.040726],"rotationMatrix":[0.998446643,-0.0557112694,0,0.0557112694,0.998446643,0,0,0,0.999999642],"scale":1.41301394,"type":"tree_aspen_wall"}
{"pos":[-78.288887,-104.666946,255.040726],"rotationMatrix":[-0.863477349,-0.504386544,0,0.504386544,-0.863477349,0,0,0,0.999999404],"scale":1.41301394,"type":"tree_aspen_wall"}
{"pos":[-78.8740311,-108.088539,255.040726],"rotationMatrix":[0.977032959,-0.21308668,0,0.21308668,0.977032959,0,0,0,0.999999523],"scale":1.41301394,"type":"tree_aspen_wall"}
{"pos":[-48.9478035,-105.064232,255.040726],"rotationMatrix":[0.998446643,-0.0557112694,0,0.0557112694,0.998446643,0,0,0,0.999999642],"scale":1.41301394,"type":"tree_aspen_wall"}
{"pos":[-60.4743652,-104.859604,253.376175],"rotationMatrix":[0.998446643,-0.0557112694,0,0.0557112694,0.998446643,0,0,0,0.999999642],"scale":1.41301394,"type":"tree_aspen_wall"}
{"pos":[-57.6115456,-107.536247,255.040726],"rotationMatrix":[0.998446643,-0.0557112694,0,0.0557112694,0.998446643,0,0,0,0.999999642],"scale":1.41301394,"type":"tree_aspen_wall"}
{"pos":[-108.790222,-56.4589119,255.040726],"rotationMatrix":[0.68228817,-0.731082797,0,0.731082797,0.68228817,0,0,0,0.999999523],"scale":1.41301394,"type":"tree_aspen_wall"}
{"pos":[-98.3436737,-66.2566605,255.040726],"rotationMatrix":[0.68228817,-0.731082797,0,0.731082797,0.68228817,0,0,0,0.999999523],"scale":1.41301394,"type":"tree_aspen_wall"}
{"pos":[-121.293312,-48.944397,255.040726],"rotationMatrix":[0.885880888,-0.463911742,0,0.463911742,0.885880888,0,0,0,0.999999404],"scale":1.41301394,"type":"tree_aspen_wall"}
{"pos":[-134.394928,-43.1585617,255.040726],"rotationMatrix":[0.885880888,-0.463911742,0,0.463911742,0.885880888,0,0,0,0.999999404],"scale":1.41301394,"type":"tree_aspen_wall"}
{"pos":[-147.000183,-40.2411766,255.040726],"rotationMatrix":[0.993485034,-0.113957822,0,0.113957822,0.993485034,0,0,0,0.999999285],"scale":1.41301394,"type":"tree_aspen_wall"}
{"pos":[-161.306213,-39.558876,255.040726],"rotationMatrix":[0.993485034,-0.113957822,0,0.113957822,0.993485034,0,0,0,0.999999285],"scale":1.41301394,"type":"tree_aspen_wall"}
{"pos":[-153.661453,-44.5871048,255.040726],"rotationMatrix":[0.993485034,-0.113957822,0,0.113957822,0.993485034,0,0,0,0.999999285],"scale":1.41301394,"type":"tree_aspen_wall"}
{"pos":[-167.967484,-43.9048042,255.040726],"rotationMatrix":[0.993485034,-0.113957822,0,0.113957822,0.993485034,0,0,0,0.999999285],"scale":1.41301394,"type":"tree_aspen_wall"}
{"pos":[-141.056198,-47.5044899,255.040726],"rotationMatrix":[0.885880888,-0.463911742,0,0.463911742,0.885880888,0,0,0,0.999999404],"scale":1.41301394,"type":"tree_aspen_wall"}
{"pos":[-127.954575,-53.2903252,255.040726],"rotationMatrix":[0.885880888,-0.463911742,0,0.463911742,0.885880888,0,0,0,0.999999404],"scale":1.41301394,"type":"tree_aspen_wall"}
{"pos":[-115.451492,-60.8048401,255.040726],"rotationMatrix":[0.68228817,-0.731082797,0,0.731082797,0.68228817,0,0,0,0.999999523],"scale":1.41301394,"type":"tree_aspen_wall"}
{"pos":[-105.004944,-70.602623,255.040726],"rotationMatrix":[0.68228817,-0.731082797,0,0.731082797,0.68228817,0,0,0,0.999999523],"scale":1.41301394,"type":"tree_aspen_wall"}
{"pos":[-108.858658,-86.3753128,255.040726],"rotationMatrix":[0.68228817,-0.731082797,0,0.731082797,0.68228817,0,0,0,0.999999523],"scale":1.41301394,"type":"tree_aspen_wall"}
{"pos":[-119.305206,-76.5775223,255.040726],"rotationMatrix":[0.68228817,-0.731082797,0,0.731082797,0.68228817,0,0,0,0.999999523],"scale":1.41301394,"type":"tree_aspen_wall"}
{"pos":[-131.808289,-69.0630112,255.040726],"rotationMatrix":[0.885880888,-0.463911742,0,0.463911742,0.885880888,0,0,0,0.999999404],"scale":1.41301394,"type":"tree_aspen_wall"}
{"pos":[-144.909912,-63.2771835,255.040726],"rotationMatrix":[0.885880888,-0.463911742,0,0.463911742,0.885880888,0,0,0,0.999999404],"scale":1.41301394,"type":"tree_aspen_wall"}
{"pos":[-157.515167,-60.3597946,255.040726],"rotationMatrix":[0.993485034,-0.113957822,0,0.113957822,0.993485034,0,0,0,0.999999285],"scale":1.41301394,"type":"tree_aspen_wall"}
{"pos":[-171.821198,-59.6774979,255.040726],"rotationMatrix":[0.993485034,-0.113957822,0,0.113957822,0.993485034,0,0,0,0.999999285],"scale":1.41301394,"type":"tree_aspen_wall"}
{"pos":[-107.771164,-76.3692703,255.040726],"rotationMatrix":[0.00741639733,-0.999972105,0,0.999972105,0.00741639733,0,0,0,0.999999404],"scale":1.41301394,"type":"tree_aspen_wall"}
{"pos":[-127.703781,-56.8037567,255.040726],"rotationMatrix":[0.00741639733,-0.999972105,0,0.999972105,0.00741639733,0,0,0,0.999999404],"scale":1.41301394,"type":"tree_aspen_wall"}
{"pos":[-147.644028,-51.7197227,255.040726],"rotationMatrix":[0.00741639733,-0.999972105,0,0.999972105,0.00741639733,0,0,0,0.999999404],"scale":1.41301394,"type":"tree_aspen_wall"}
{"pos":[-170.890793,-49.1198158,255.040726],"rotationMatrix":[0.00741639733,-0.999972105,0,0.999972105,0.00741639733,0,0,0,0.999999404],"scale":1.41301394,"type":"tree_aspen_wall"}
{"pos":[-160.909729,-49.6583023,255.040726],"rotationMatrix":[0.823180974,0.56777823,0,-0.56777823,0.823180974,0,0,0,0.999999285],"scale":1.41301394,"type":"tree_aspen_wall"}
{"pos":[-135.939514,-57.6525307,255.040726],"rotationMatrix":[0.823180974,0.56777823,0,-0.56777823,0.823180974,0,0,0,0.999999285],"scale":1.41301394,"type":"tree_aspen_wall"}
{"pos":[-119.947807,-63.5269737,255.040726],"rotationMatrix":[0.823180974,0.56777823,0,-0.56777823,0.823180974,0,0,0,0.999999285],"scale":1.41301394,"type":"tree_aspen_wall"}
{"pos":[-101.617455,-83.8345795,255.040726],"rotationMatrix":[0.823180974,0.56777823,0,-0.56777823,0.823180974,0,0,0,0.999999285],"scale":1.41301394,"type":"tree_aspen_wall"}
{"pos":[-104.433868,-48.1026344,255.735138],"rotationMatrix":[0.667377293,0.744719744,0,-0.744719744,0.667377293,-0,-0,0,0.999999881],"scale":1.11149168,