{"pos":[371.603699,67.5709,258.358551],"rotationMatrix":[0.845900953,-0.533339739,0,0.533339739,0.845900953,0,0,0,0.999999881],"scale":0.910019994,"type":"tree_aspen_overhang_a"}
{"pos":[368.952881,55.1846504,257.194183],"rotationMatrix":[-0.780853331,0.624714077,0,-0.624714077,-0.780853331,0,0,0,0.999999881],"scale":1.18438101,"type":"tree_aspen_overhang_a"}
{"pos":[231.354736,168.243652,252.981705],"rotationMatrix":[0.849184692,0.528095841,0,-0.528095841,0.849184692,0,0,0,0.999999881],"scale":0.910777211,"type":"tree_aspen_overhang_a"}
{"pos":[209.924744,197.227646,254.236511],"rotationMatrix":[-0.966383636,-0.257104397,0,0.257104397,-0.966383636,0,0,0,0.999999881],"scale":0.984420657,"type":"tree_aspen_overhang_a"}
{"pos":[182.76239,56.5209579,253.77153],"rotationMatrix":[-0.449359745,0.89335078,0,-0.89335078,-0.449359745,0,0,0,0.999999881],"scale":1.09516835,"type":"tree_aspen_overhang_a"}
{"pos":[220.774185,97.9457855,253.240143],"rotationMatrix":[-0.909795642,0.415056199,0,-0.415056199,-0.909795642,0,0,0,0.999999881],"scale":1.0754745,"type":"tree_aspen_overhang_a"}
{"pos":[430.8974,27.2897949,257.105896],"rotationMatrix":[-0.907061219,-0.420998514,0,0.420998514,-0.907061219,0,0,0,0.999999881],"scale":1.21231854,"type":"tree_aspen_overhang_a"}
{"pos":[279.56366,237.450821,249.679993],"rotationMatrix":[-0.215979174,0.976397812,0,-0.976397812,-0.215979174,0,0,0,0.999999881],"scale":0.945471108,"type":"tree_aspen_overhang_a"}
{"pos":[319.700104,225.461517,263.144836],"rotationMatrix":[0.745378971,-0.666640699,0,0.666640699,0.745378971,0,0,0,0.999999881],"scale":1.11416698,"type":"tree_aspen_overhang_a"}
{"pos":[331.610016,230.418823,262.84671],"rotationMatrix":[0.849096835,0.528237164,0,-0.528237164,0.849096835,0,0,0,0.999999881],"scale":1.2947613,"type":"tree_aspen_overhang_a"}
{"pos":[350.392456,248.525696,261.422394],"rotationMatrix":[0.997816384,0.0660475343,0,-0.0660475343,0.997816384,0,0,0,0.999999881],"scale":0.943262875,"type":"tree_aspen_overhang_a"}
{"pos":[130.841461,-188.738831,262.615936],"rotationMatrix":[-0.936122298,0.351674557,0,-0.351674557,-0.936122298,0,0,0,0.999999881],"scale":0.993312597,"type":"tree_aspen_overhang_a"}
{"pos":[329.998718,116.233719,250.018692],"rotationMatrix":[0.82155019,0.57013613,0,-0.57013613,0.82155019,0,0,0,0.999999881],"scale":1.29147983,"type":"tree_aspen_overhang_a"}
{"pos":[-54.0472679,447.948242,260.121765],"rotationMatrix":[0.951479018,-0.307713479,0,0.307713479,0.951479018,0,0,0,0.999999881],"scale":1.14190555,"type":"tree_aspen_overhang_a"}
{"pos":[-106.693855,-64.5465927,254.997101],"rotationMatrix":[0.459735632,-0.888055682,0,0.888055682,0.459735632,0,-0,0,0.999999881],"scale":1.2565608,"type":"tree_aspen_overhang_a"}
{"pos":[-122.45771,-44.5249939,255.8246],"rotationMatrix":[0.383128583,-0.923694909,0,0.923694909,0.383128583,0,-0,0,0.999999881],"scale":0.921995282,"type":"tree_aspen_overhang_a"}
{"pos":[-167.238861,-72.9360428,254.937897],"rotationMatrix":[0.811536193,-0.584302008,0,0.584302008,0.811536193,0,-0,0,0.999999881],"scale":1.19865847,"type":"tree_aspen_overhang_a"}
{"pos":[-110.5793,-65.0683441,255.235214],"rotationMatrix":[0.624664485,0.780893266,0,-0.780893266,0.624664485,-0,-0,0,0.999999881],"scale":1.1575036,"type":"tree_aspen_overhang_a"}
{"pos":[-152.25647,-42.9431343,255.86261],"rotationMatrix":[-0.963378489,0.268145025,-0,-0.268145025,-0.963378489,0,-0,0,0.999999881],"scale":1.05046415,"type":"tree_aspen_overhang_a"}
{"pos":[-219.675201,9.73502541,249.364746],"rotationMatrix":[0.481689632,-0.87634182,0,0.87634182,0.481689632,0,-0,0,0.999999881],"scale":1.01850522,"type":"tree_aspen_overhang_a"}
{"pos":[-210.906006,-2.59885192,248.923111],"rotationMatrix":[-0.564215481,-0.825627387,0,0.825627387,-0.564215481,0,-0,0,0.999999881],"scale":1.24684727,"type":"tree_aspen_overhang_a"}
{"pos":[-190.577972,11.1891098,249.708679],"rotationMatrix":[-0.994634867,-0.103447191,0,0.103447191,-0.994634867,0,-0,0,0.999999881],"scale":1.14071369,"type":"tree_aspen_overhang_a"}
{"pos":[-196.661285,8.89756393,249.305527],"rotationMatrix":[0.938736856,-0.344634473,0,0.344634473,0.938736856,0,-0,0,0.999999881],"scale":1.08617306,"type":"tree_aspen_overhang_a"}
{"pos":[-124.367043,0.452454567,249.529343],"rotationMatrix":[0.262224466,-0.965006769,0,0.965006769,0.262224466,0,-0,0,0.999999881],"scale":1.14440787,"type":"tree_aspen_overhang_a"}
{"pos":[-296.659119,-5.6180644,255.304398],"rotationMatrix":[-0.98040396,0.196997285,-0,-0.196997285,-0.98040396,0,-0,0,0.999999881],"scale":1.06380522,"type":"tree_aspen_overhang_a"}
{"pos":[-299.519897,-4.69414425,255.963715],"rotationMatrix":[-0.457735449,0.889088273,-0,-0.889088273,-0.457735449,0,-0,0,0.999999881],"scale":0.967598319,"type":"tree_aspen_overhang_a"}
{"pos":[-326.925171,-14.7622871,258.887329],"rotationMatrix":[-0.888762653,-0.458367735,0,0.458367735,-0.888762653,0,-0,0,0.999999881],"scale":1.2856437,"type":"tree_aspen_overhang_a"}
{"pos":[-358.670013,1.37364292,259.899414],"rotationMatrix":[-0.00167831487,-0.999998569,0,0.999998569,-0.00167831487,0,-0,0,0.999999881],"scale":1.10036123,"type":"tree_aspen_overhang_a"}
{"pos":[-361.629456,7.01834679,260.254608],"rotationMatrix":[-0.530453682,0.847713709,-0,-0.847713709,-0.530453682,0,-0,0,0.999999881],"scale":0.912594855,"type":"tree_aspen_overhang_a"}
{"pos":[-360.80484,4.52544594,259.896973],"rotationMatrix":[0.713010848,-0.701152921,0,0.701152921,0.713010848,0,-0,0,0.999999881],"scale":0.977244496,"type":"tree_aspen_overhang_a"}
{"pos":[-407.794922,12.5435143,261.460297],"rotationMatrix":[0.642152488,0.766576886,0,-0.766576886,0.642152488,-0,-0,0,0.999999881],"scale":1.14496088,"type":"tree_aspen_overhang_a"}
{"pos":[-442.444397,5.82508469,262.997894],"rotationMatrix":[-0.875695705,0.482863098,-0,-0.482863098,-0.875695705,0,-0,0,0.999999881],"scale":1.2517134,"type":"tree_aspen_overhang_a"}
{"pos":[-472.122314,-2.53423929,261.029633],"rotationMatrix":[-0.999093771,0.0425601974,-0,-0.0425601974,-0.999093771,0,-0,0,0.999999881],"scale":0.92768544,"type":"tree_aspen_overhang_a"}
{"pos":[-576.13147,16.9627037,262.255035],"rotationMatrix":[0.0933301598,-0.995635092,0,0.995635092,0.0933301598,0,-0,0,0.999999881],"scale":0.930191457,"type":"tree_aspen_overhang_a"}
{"pos":[-595.521362,42.4540863,262.05072],"rotationMatrix":[-0.0849222466,0.996387422,-0,-0.996387422,-0.0849222466,0,-0,0,0.999999881],"scale":0.90482682,"type":"tree_aspen_overhang_a"}
{"pos":[-599.128601,48.1112976,262.383392],"rotationMatrix":[0.433351249,0.90122509,0,-0.90122509,0.433351249,-0,-0,0,0.999999881],"scale":1.00408518,"type":"tree_aspen_overhang_a"}
{"pos":[-395.895752,44.4935837,260.54657],"rotationMatrix":[0.994380057,-0.105868518,0,0.105868518,0.994380057,0,-0,0,0.999999881],"scale":0.924718678,"type":"tree_aspen_overhang_a"}
{"pos":[-430.205536,-195.867874,267.949432],"rotationMatrix":[-0.885012329,0.465567619,-0,-0.465567619,-0.885012329,0,-0,0,0.999999881],"scale":1.07875848,"type":"tree_aspen_overhang_a"}
{"pos":[-426.44931,-194.119064,268.026917],"rotationMatrix":[0.974861085,0.222813234,0,-0.222813234,0.974861085,-0,-0,0,0.999999881],"scale":1.29652023,"type":"tree_aspen_overhang_a"}
