{"pos":[347.101715,87.670578,257.995972],"rotationMatrix":[0.942921162,0.333015889,0,-0.333015889,0.942921162,0,0,0,0.999999881],"scale":1.46688795,"type":"tree_aspen_small_c"}
{"pos":[155.038254,115.733551,254.04863],"rotationMatrix":[-0.829554975,0.558424711,0,-0.558424711,-0.829554975,0,0,0,0.999999881],"scale":1.44181454,"type":"tree_aspen_small_c"}
{"pos":[150.365814,114.965462,254.168289],"rotationMatrix":[-0.972734213,0.231922582,0,-0.231922582,-0.972734213,0,0,0,0.999999881],"scale":1.41867375,"type":"tree_aspen_small_c"}
{"pos":[224.776718,108.615402,254.192047],"rotationMatrix":[-0.851737559,-0.523968637,0,0.523968637,-0.851737559,0,0,0,0.999999881],"scale":1.44301367,"type":"tree_aspen_small_c"}
{"pos":[204.635193,73.1156464,254.227676],"rotationMatrix":[-0.479679346,0.877443731,0,-0.877443731,-0.479679346,0,0,0,0.999999881],"scale":1.46497357,"type":"tree_aspen_small_c"}
{"pos":[403.777985,99.1827393,250.047806],"rotationMatrix":[-0.685732245,-0.727853715,0,0.727853715,-0.685732245,0,0,0,0.999999881],"scale":1.45504141,"type":"tree_aspen_small_c"}
{"pos":[302.278412,234.984848,254.428528],"rotationMatrix":[0.0641636103,0.997939289,0,-0.997939289,0.0641636103,0,0,0,0.999999881],"scale":1.48053312,"type":"tree_aspen_small_c"}
{"pos":[322.113525,244.906326,256.963806],"rotationMatrix":[-0.994248927,0.107093163,0,-0.107093163,-0.994248927,0,0,0,0.999999881],"scale":1.48771536,"type":"tree_aspen_small_c"}
{"pos":[281.010376,232.467514,249.964142],"rotationMatrix":[-0.540400922,-0.841407597,0,0.841407597,-0.540400922,0,0,0,0.999999881],"scale":1.44127858,"type":"tree_aspen_small_c"}
{"pos":[360.647827,243.441544,263.568085],"rotationMatrix":[-0.220857188,-0.975306094,0,0.975306094,-0.220857188,0,0,0,0.999999881],"scale":1.43782854,"type":"tree_aspen_small_c"}
{"pos":[335.846069,254.408936,258.617065],"rotationMatrix":[0.864781439,0.50214839,0,-0.50214839,0.864781439,0,0,0,0.999999881],"scale":1.47585511,"type":"tree_aspen_small_c"}
{"pos":[252.186493,206.20784,249.993179],"rotationMatrix":[0.694233775,-0.719749451,0,0.719749451,0.694233775,0,0,0,0.999999881],"scale":1.41440678,"type":"tree_aspen_small_c"}
{"pos":[334.099762,198.331345,263.844238],"rotationMatrix":[-0.42833522,0.903619766,0,-0.903619766,-0.42833522,0,0,0,0.999999881],"scale":1.40407777,"type":"tree_aspen_small_c"}
{"pos":[443.052429,68.9183044,257.952026],"rotationMatrix":[0.456825316,0.889556468,0,-0.889556468,0.456825316,0,0,0,0.999999881],"scale":1.46523666,"type":"tree_aspen_small_c"}
{"pos":[435.916321,35.4072647,257.774719],"rotationMatrix":[-0.190754414,-0.981637657,0,0.981637657,-0.190754414,0,0,0,0.999999881],"scale":1.48798013,"type":"tree_aspen_small_c"}
{"pos":[420.206177,108.265022,258.223145],"rotationMatrix":[0.9189592,-0.394352347,0,0.394352347,0.9189592,0,0,0,0.999999881],"scale":1.49947715,"type":"tree_aspen_small_c"}
{"pos":[413.492554,147.547897,258.856171],"rotationMatrix":[0.0978474319,-0.995201349,0,0.995201349,0.0978474319,0,0,0,0.999999881],"scale":1.48348308,"type":"tree_aspen_small_c"}
{"pos":[390.835144,158.710907,261.519409],"rotationMatrix":[0.997626126,-0.0688610077,0,0.0688610077,0.997626126,0,0,0,0.999999881],"scale":1.41600859,"type":"tree_aspen_small_c"}
{"pos":[374.426666,150.795944,263.087067],"rotationMatrix":[-0.886455715,0.462813258,0,-0.462813258,-0.886455715,0,0,0,0.999999881],"scale":1.46536505,"type":"tree_aspen_small_c"}
{"pos":[378.393616,159.211975,263.329193],"rotationMatrix":[0.884291172,0.466935813,0,-0.466935813,0.884291172,0,0,0,0.999999881],"scale":1.4886961,"type":"tree_aspen_small_c"}
{"pos":[378.873352,164.034424,263.106018],"rotationMatrix":[-0.413960457,0.910294712,0,-0.910294712,-0.413960457,0,0,0,0.999999881],"scale":1.45433664,"type":"tree_aspen_small_c"}
{"pos":[383.185089,191.7146,263.469299],"rotationMatrix":[0.288395703,-0.957511246,0,0.957511246,0.288395703,0,0,0,0.999999881],"scale":1.46454704,"type":"tree_aspen_small_c"}
{"pos":[386.277985,210.994263,263.622345],"rotationMatrix":[0.85059464,-0.525821805,0,0.525821805,0.85059464,0,0,0,0.999999881],"scale":1.4649303,"type":"tree_aspen_small_c"}
{"pos":[396.500641,187.417191,262.414154],"rotationMatrix":[-0.0315535739,0.999501944,0,-0.999501944,-0.0315535739,0,0,0,0.999999881],"scale":1.46107078,"type":"tree_aspen_small_c"}
{"pos":[418.976837,190.715561,263.167175],"rotationMatrix":[-0.954298675,-0.298854619,0,0.298854619,-0.954298675,0,0,0,0.999999881],"scale":1.48645282,"type":"tree_aspen_small_c"}
{"pos":[406.790375,174.965607,260.127625],"rotationMatrix":[0.957677782,-0.287841976,0,0.287841976,0.957677782,0,0,0,0.999999881],"scale":1.40780234,"type":"tree_aspen_small_c"}
{"pos":[413.030151,183.656296,260.866089],"rotationMatrix":[-0.793532252,-0.608527958,0,0.608527958,-0.793532252,0,0,0,0.999999881],"scale":1.48364341,"type":"tree_aspen_small_c"}
{"pos":[416.123352,160.785706,258.258179],"rotationMatrix":[0.525055468,-0.851067901,0,0.851067901,0.525055468,0,0,0,0.999999881],"scale":1.47556472,"type":"tree_aspen_small_c"}
{"pos":[173.363205,0.548841596,256.578552],"rotationMatrix":[0.529712856,-0.848176897,0,0.848176897,0.529712856,0,0,0,0.999999881],"scale":1.48088145,"type":"tree_aspen_small_c"}
{"pos":[455.63324,97.1255798,263.653259],"rotationMatrix":[-0.346810341,-0.937935174,0,0.937935174,-0.346810341,0,0,0,0.999999881],"scale":1.44348061,"type":"tree_aspen_small_c"}
{"pos":[474.939575,64.9299011,263.888702],"rotationMatrix":[0.464006573,-0.885831654,0,0.885831654,0.464006573,0,0,0,0.999999881],"scale":1.42155194,"type":"tree_aspen_small_c"}
{"pos":[236.611481,91.8461914,254.189896],"rotationMatrix":[0.886604488,0.462528318,0,-0.462528318,0.886604488,0,0,0,0.999999881],"scale":1.48144662,"type":"tree_aspen_small_c"}
{"pos":[292.07962,146.755157,249.640457],"rotationMatrix":[-0.99693048,-0.078290984,0,0.078290984,-0.99693048,0,0,0,0.999999881],"scale":1.42378676,"type":"tree_aspen_small_c"}
{"pos":[-303.077454,447.96933,273.413757],"rotationMatrix":[-0.0763248503,0.997082949,0,-0.997082949,-0.0763248503,0,0,0,0.999999881],"scale":1.40728486,"type":"tree_aspen_small_c"}
{"pos":[31.0705166,-322.871185,257.542786],"rotationMatrix":[-0.54307431,0.839684427,0,-0.839684427,-0.54307431,0,0,0,0.999999881],"scale":1.46655774,"type":"tree_aspen_small_c"}
{"pos":[-64.2871933,-172.787689,264.562164],"rotationMatrix":[0.544186234,-0.838964343,0,0.838964343,0.544186234,0,0,0,0.999999881],"scale":1.46399283,"type":"tree_aspen_small_c"}
{"pos":[-150.513702,-75.9075623,255.833893],"rotationMatrix":[0.97637254,-0.216093734,0,0.216093734,0.97637254,0,-0,0,0.999999881],"scale":1.40348887,"type":"tree_aspen_small_c"}
{"pos":[-134.556107,-83.3896255,255.727493],"rotationMatrix":[0.22220923,0.974998951,0,-0.974998951,0.22220923,-0,-0,0,0.999999881],"scale":1.42223263,"type":"tree_aspen_small_c"}
{"pos":[-88.7418671,-83.6309586,255.913681],"rotationMatrix":[0.159358665,-0.987220645,0,0.987220645,0.159358665,0,-0,0,0.999999881],"scale":1.46073174,"type":"tree_aspen_small_c"}
{"pos":[-161.182159,-56.8452797,255.786484],"rotationMatrix":[-0.991723001,0.128394753,-0,-0.128394753,-0.991723001,0,-0,0,0.999999881],"scale":1.40610754,"type":"tree_aspen_small_c"}
{"pos":[-204.707932,-62.2486763,255.618607],"rotationMatrix":[0.26677978,-0.963757396,0,0.963757396,0.26677978,0,-0,0,0.999999881],"scale":1.4587245,"type":"tree_aspen_small_c"}
{"pos":[-248.693542,-1.4237833,251.870102],"rotationMatrix":[-0.500114083,0.865959346,-0,-0.865959346,-0.500114083,0,-0,0,0.999999881],"scale":1.4743588,"type":"tree_aspen_small_c"}
{"pos":[-235.241211,-1.00628567,250.491531],"rotationMatrix":[0.134739056,0.990881026,0,-0.990881026,0.134739056,-0,-0,0,0.999999881],"scale":1.49488723,"type":"tree_aspen_small_c"}
{"pos":[-173.004547,0.74085331,249.712173],"rotationMatrix":[0.914702177,0.404128551,0,-0.404128551,0.914702177,-0,-0,0,0.999999881],"scale":1.43032467,"type":"tree_aspen_small_c"}
{"pos":[-153.725174,4.84492302,249.604248],