{"pos":[753.454712,-43.6052246,51.7326965],"rotationMatrix":[-0.338193595,0.941076458,0,-0.941076458,-0.338193595,0,0,0,0.999999881],"scale":1.18708229,"type":"tree_beech_small_c"}
{"pos":[746.152222,-65.032547,51.4467506],"rotationMatrix":[-0.999767661,-0.0215457976,0,0.0215457976,-0.999767661,0,0,0,0.999999762],"scale":0.879221082,"type":"tree_beech_small_c"}
{"pos":[761.322266,-27.1290569,51.7326965],"rotationMatrix":[-0.338193595,0.941076458,0,-0.941076458,-0.338193595,0,0,0,0.999999881],"scale":1.18708229,"type":"tree_beech_small_c"}
{"pos":[697.743225,-31.7180481,51.4467506],"rotationMatrix":[-0.991747737,-0.0215457939,-0.126379162,0.0213729627,-0.999767542,0.00272357254,-0.126408488,0,0.99197787],"scale":0.879221082,"type":"tree_beech_small_c"}
