{"pos":[-345.622009,187.115005,57.8022003],"rotationMatrix":[-0.344144106,-0.938834965,0,0.938834965,-0.344144106,0,0,0,1],"scale":0.9921,"type":"tree_aspen_overhang_a"}
{"pos":[28.2656002,-223.949997,41.8754005],"rotationMatrix":[0.87639606,0.481587917,0,-0.481587917,0.87639606,0,0,0,1],"scale":1.27610004,"type":"tree_aspen_overhang_a"}
{"pos":[716.656006,511.450012,63.0710983],"rotationMatrix":[-0.943209052,0.33237803,0,-0.33237803,-0.943209052,0,0,0,1],"scale":1.06029999,"type":"tree_aspen_overhang_a"}
{"pos":[-67.7388916,-820.979553,14.6533642],"rotationMatrix":[0.823082924,0.567921162,0,-0.567921162,0.823082924,0,0,0,1],"scale":0.914871335,"type":"tree_aspen_overhang_a"}
{"pos":[-70.7662888,-818.636047,14.212306],"rotationMatrix":[0.426741362,0.904373705,0,-0.904373705,0.426741362,0,0,0,1],"scale":1.11568499,"type":"tree_aspen_overhang_a"}
{"pos":[-69.0768433,-817.025757,14.1798058],"rotationMatrix":[-0.693347514,-0.720603347,0,0.720603347,-0.693347514,0,0,0,1],"scale":0.978188872,"type":"tree_aspen_overhang_a"}
{"pos":[-293.317322,-924.313721,11.2207117],"rotationMatrix":[0.422890663,-0.90618068,0,0.90618068,0.422890663,0,0,0,1],"scale":0.926860511,"type":"tree_aspen_overhang_a"}
