{"pos":[19.3964233,4.78934669,250],"rotationMatrix":[-0.996034205,0.0889702514,0,-0.0889702514,-0.996034205,0,0,0,0.999999881],"scale":1,"type":"tree_douglasfir_chopped"}
{"pos":[-28.7851696,-12.9402504,249.994537],"rotationMatrix":[0.999590039,-0.0286262631,0,0.0286262631,0.999590039,0,0,0,0.999999881],"scale":1,"type":"tree_douglasfir_chopped"}
{"pos":[403.812897,35.3582382,250.65625],"rotationMatrix":[-0.950273633,0.311415881,0,-0.311415881,-0.950273633,0,0,0,0.999999881],"scale":1.43526614,"type":"tree_douglasfir_chopped"}
{"pos":[-5.46644068,-215.931137,252.93338],"rotationMatrix":[0.400023103,-0.916504979,0,0.916504979,0.400023103,0,0,0,0.999999881],"scale":1,"type":"tree_douglasfir_chopped"}
{"pos":[169.373001,-66.8964844,257.324219],"rotationMatrix":[0.27908659,0.960265934,0,-0.960265934,0.27908659,0,0,0,0.999999881],"scale":1,"type":"tree_douglasfir_chopped"}
