{"pos":[742.713684,-85.9240189,51.3042717],"rotationMatrix":[0.690330565,0.723494112,0,-0.723494112,0.690330565,0,0,0,0.999999881],"scale":0.777832747,"type":"tree_beech_forest_a"}
