{"pos":[766.973694,-133.208664,58.1034622],"rotationMatrix":[0.862571657,-0.505934596,0,0.505934596,0.862571657,0,0,0,0.999999881],"scale":0.976676404,"type":"tree_aspen_forest_a"}
