{"pos":[769.465698,-90.6725464,52.9965286],"rotationMatrix":[0.0233702194,0.999726772,0,-0.999726772,0.0233702194,0,0,0,0.999999881],"scale":1.12510419,"type":"tree_aspen_bush_c"}
{"pos":[787.605713,-97.3527527,57.06287],"rotationMatrix":[0.948155224,-0.317807138,0,0.317807138,0.948155224,0,0,0,0.999999881],"scale":0.869557679,"type":"tree_aspen_bush_c"}
{"pos":[783.164307,-109.106415,57.7366486],"rotationMatrix":[0.988045156,0.154163867,0,-0.154163867,0.988045156,0,0,0,0.999999881],"scale":1.13280308,"type":"tree_aspen_bush_c"}
{"pos":[790.155029,-107.70076,57.9862137],"rotationMatrix":[0.378766954,-0.925491989,0,0.925491989,0.378766954,0,0,0,0.999999881],"scale":0.883658648,"type":"tree_aspen_bush_c"}
{"pos":[785.136658,-111.548988,57.5619431],"rotationMatrix":[0.914933622,0.403604209,0,-0.403604209,0.914933622,0,0,0,0.999999881],"scale":1.02873683,"type":"tree_aspen_bush_c"}
{"pos":[779.039307,-113.345604,57.774704],"rotationMatrix":[-0.90933156,0.416071951,0,-0.416071951,-0.90933156,0,0,0,0.999999881],"scale":0.938694298,"type":"tree_aspen_bush_c"}
{"pos":[791.061768,-100.823257,57.6671638],"rotationMatrix":[0.89570421,0.444650263,0,-0.444650263,0.89570421,0,0,0,0.999999881],"scale":0.812519431,"type":"tree_aspen_bush_c"}
{"pos":[776.101685,-90.7069168,53.5415573],"rotationMatrix":[-0.726802826,-0.686846137,0,0.686846137,-0.726802826,0,0,0,0.999999881],"scale":0.929962993,"type":"tree_aspen_bush_c"}
{"pos":[775.423523,-92.9412689,53.5721016],"rotationMatrix":[0.286588967,-0.958053529,0,0.958053529,0.286588967,0,0,0,0.999999881],"scale":1.10748267,"type":"tree_aspen_bush_c"}
{"pos":[759.095032,-96.3298416,52.1163368],"rotationMatrix":[-0.950876176,0.309571296,0,-0.309571296,-0.950876176,0,0,0,0.999999881],"scale":1.00581813,"type":"tree_aspen_bush_c"}
{"pos":[757.578552,-87.6982269,51.9994011],"rotationMatrix":[0.467413396,0.884038866,0,-0.884038866,0.467413396,0,0,0,0.999999881],"scale":0.968554258,"type":"tree_aspen_bush_c"}
{"pos":[766.147339,-80.041893,52.1732178],"rotationMatrix":[0.94316721,0.332318425,0,-0.332318425,0.94316721,0,0,0,0.999999881],"scale":0.906774282,"type":"tree_aspen_bush_c"}
{"pos":[713.553894,-105.106087,52.7051697],"rotationMatrix":[0.0348584875,0.999392211,0,-0.999392211,0.0348584875,0,0,0,0.999999881],"scale":0.989193559,"type":"tree_aspen_bush_c"}
{"pos":[761.132324,-105.536606,54.9074135],"rotationMatrix":[-0.0755479708,-0.997142017,0,0.997142017,-0.0755479708,0,0,0,0.999999881],"scale":0.832180083,"type":"tree_aspen_bush_c"}
{"pos":[762.82782,-114.426323,57.7776566],"rotationMatrix":[-0.0933329239,0.995634854,0,-0.995634854,-0.0933329239,0,0,0,0.999999881],"scale":0.893166184,"type":"tree_aspen_bush_c"}
{"pos":[772.45105,-114.665512,57.9688721],"rotationMatrix":[-0.981640756,-0.190739259,0,0.190739259,-0.981640756,0,0,0,0.999999881],"scale":0.892299235,"type":"tree_aspen_bush_c"}
{"pos":[775.035095,-117.285675,57.6927567],"rotationMatrix":[0.939334691,0.343001872,0,-0.343001872,0.939334691,0,0,0,0.999999881],"scale":0.831031382,"type":"tree_aspen_bush_c"}
{"pos":[777.755554,-103.032394,57.5186462],"rotationMatrix":[-0.384059459,-0.923308313,0,0.923308313,-0.384059459,0,0,0,0.999999881],"scale":1.0865202,"type":"tree_aspen_bush_c"}
{"pos":[767.816284,-9.5088625,52.0098915],"rotationMatrix":[-0.599708438,-0.800218403,0,0.800218403,-0.599708438,0,0,0,0.999999881],"scale":1.06641293,"type":"tree_aspen_bush_c"}
{"pos":[704.96228,70.1128387,54.636261],"rotationMatrix":[0.282548726,0.959252954,0,-0.959252954,0.282548726,0,0,0,0.999999881],"scale":0.937056482,"type":"tree_aspen_bush_c"}
{"pos":[797.762207,-34.9767456,51.4197731],"rotationMatrix":[-0.26441288,0.964409411,-0,-0.964409411,-0.26441288,0,-0,0,0.999999881],"scale":1.0313319,"type":"tree_aspen_bush_c"}
{"pos":[806.807983,-85.7533951,56.3509598],"rotationMatrix":[0.844772279,-0.535125673,0,0.535125673,0.844772279,0,-0,0,0.999999881],"scale":0.80180186,"type":"tree_aspen_bush_c"}
{"pos":[793.756042,-110.479942,57.5897522],"rotationMatrix":[0.984431088,-0.175770849,0,0.175770849,0.984431088,0,-0,0,0.999999881],"scale":1.05112875,"type":"tree_aspen_bush_c"}
{"pos":[788.915649,-121.084656,57.6275902],"rotationMatrix":[0.896932542,-0.442167163,0,0.442167163,0.896932542,0,-0,0,0.999999881],"scale":0.94015348,"type":"tree_aspen_bush_c"}
{"pos":[870.209656,-83.2699203,66.6473312],"rotationMatrix":[-0.999607205,-0.0280230604,0,0.0280230604,-0.999607205,0,-0,0,0.999999881],"scale":0.907544374,"type":"tree_aspen_bush_c"}
{"pos":[851.150085,-75.8391418,64.6833115],"rotationMatrix":[-0.353667915,0.935370922,-0,-0.935370922,-0.353667915,0,-0,0,0.999999881],"scale":0.882809937,"type":"tree_aspen_bush_c"}
