{"pos":[-7.06264114,-70.8977203,254.379272],"rotationMatrix":[0.968636155,-0.248483032,0,0.248483032,0.968636155,0,0,0,0.999999881],"scale":0.711525142,"type":"tree_oak_bush_b"}
