{"pos":[731.117126,-52.2363358,51.9287109],"rotationMatrix":[0.960059822,-0.279794395,0,0.279794395,0.960059822,0,0,0,0.999999881],"scale":0.756338477,"type":"tree_oak_bush_b"}
{"pos":[709.075806,-61.1040344,51.5980873],"rotationMatrix":[0.960059822,-0.279794395,0,0.279794395,0.960059822,0,0,0,0.999999881],"scale":0.756338477,"type":"tree_oak_bush_b"}
{"pos":[705.749939,-69.7877197,51.5980873],"rotationMatrix":[0.960059822,-0.279794395,0,0.279794395,0.960059822,0,0,0,0.999999881],"scale":0.756338477,"type":"tree_oak_bush_b"}
{"pos":[714.606995,-86.2956619,51.9287109],"rotationMatrix":[0.35689351,-0.934144855,0,0.934144855,0.35689351,0,0,0,0.999999762],"scale":0.756338477,"type":"tree_oak_bush_b"}
{"pos":[709.130066,-70.2725754,51.5980873],"rotationMatrix":[0.960059822,-0.279794395,0,0.279794395,0.960059822,0,0,0,0.999999881],"scale":0.756338477,"type":"tree_oak_bush_b"}
{"pos":[708.38092,-68.2192154,51.4608116],"rotationMatrix":[-0.254212409,-0.967148185,0,0.967148185,-0.254212409,0,0,0,0.999999762],"scale":0.603237867,"type":"tree_oak_bush_b"}
{"pos":[742.578369,-83.6444321,51.9287109],"rotationMatrix":[-0.262324452,0.964979589,0,-0.964979589,-0.262324452,0,0,0,0.999999881],"scale":1.13273001,"type":"tree_oak_bush_b"}
{"pos":[725.577637,-97.5483932,51.961956],"rotationMatrix":[-0.997738063,-0.0672199354,0,0.0672199354,-0.997738063,0,0,0,0.999999881],"scale":0.871235847,"type":"tree_oak_bush_b"}
{"pos":[726.344177,-100.067398,52.0516129],"rotationMatrix":[0.739084125,-0.673612952,0,0.673612952,0.739084125,0,0,0,0.999999881],"scale":1.24142802,"type":"tree_oak_bush_b"}
{"pos":[719.259033,-95.2784195,51.9287109],"rotationMatrix":[0.597721159,0.80170399,0,-0.80170399,0.597721159,0,0,0,0.999999881],"scale":0.797304571,"type":"tree_oak_bush_b"}
{"pos":[736.884827,-91.4566498,51.9287109],"rotationMatrix":[-0.262324452,0.964979589,0,-0.964979589,-0.262324452,0,0,0,0.999999881],"scale":1.13273001,"type":"tree_oak_bush_b"}
{"pos":[733.289612,6.78629303,51.9287109],"rotationMatrix":[0.35689351,-0.934144855,0,0.934144855,0.35689351,0,0,0,0.999999762],"scale":0.756338477,"type":"tree_oak_bush_b"}
{"pos":[755.154419,-109.20433,55.6646881],"rotationMatrix":[0.0423149168,-0.999104261,0,0.999104261,0.0423149168,0,0,0,0.999999881],"scale":1.04660761,"type":"tree_oak_bush_b"}
{"pos":[751.482239,-114.709198,58.0499268],"rotationMatrix":[-0.479528725,-0.877526045,0,0.877526045,-0.479528725,0,0,0,0.999999881],"scale":0.836259365,"type":"tree_oak_bush_b"}
{"pos":[749.757141,-113.542007,57.690876],"rotationMatrix":[-0.442284673,0.896874607,0,-0.896874607,-0.442284673,0,0,0,0.999999881],"scale":0.70413208,"type":"tree_oak_bush_b"}
{"pos":[747.06311,-114.986641,57.8981247],"rotationMatrix":[-0.83271718,0.553698242,0,-0.553698242,-0.83271718,0,0,0,0.999999881],"scale":1.16189814,"type":"tree_oak_bush_b"}
{"pos":[738.277893,-115.17511,56.6876183],"rotationMatrix":[-0.375335515,0.926888883,0,-0.926888883,-0.375335515,0,0,0,0.999999881],"scale":1.10178864,"type":"tree_oak_bush_b"}
{"pos":[729.643555,-117.450806,58.047966],"rotationMatrix":[0.865694165,0.500573158,0,-0.500573158,0.865694165,0,0,0,0.999999881],"scale":1.0053153,"type":"tree_oak_bush_b"}
{"pos":[729.348633,-115.208069,57.2490501],"rotationMatrix":[-0.612258792,0.790657222,0,-0.790657222,-0.612258792,0,0,0,0.999999881],"scale":1.00592768,"type":"tree_oak_bush_b"}
{"pos":[722.829102,-111.372871,57.5369797],"rotationMatrix":[-0.3053765,-0.952231586,0,0.952231586,-0.3053765,0,0,0,0.999999881],"scale":1.27577412,"type":"tree_oak_bush_b"}
{"pos":[717.440063,-110.46106,57.6155205],"rotationMatrix":[0.0600697659,-0.998194098,0,0.998194098,0.0600697659,0,0,0,0.999999881],"scale":1.11708045,"type":"tree_oak_bush_b"}
{"pos":[717.34198,-113.325401,57.8715286],"rotationMatrix":[0.957569063,-0.288203686,0,0.288203686,0.957569063,0,0,0,0.999999881],"scale":0.834510922,"type":"tree_oak_bush_b"}
{"pos":[712.977173,-115.208481,57.2194138],"rotationMatrix":[0.167568952,-0.985860288,0,0.985860288,0.167568952,0,0,0,0.999999881],"scale":0.740686715,"type":"tree_oak_bush_b"}
{"pos":[710.452148,-113.108932,55.4217606],"rotationMatrix":[-0.243866146,-0.969808877,0,0.969808877,-0.243866146,0,0,0,0.999999881],"scale":1.26688266,"type":"tree_oak_bush_b"}
{"pos":[708.891174,-115.785652,56.6085625],"rotationMatrix":[0.467470706,0.884008586,0,-0.884008586,0.467470706,0,0,0,0.999999881],"scale":1.08030593,"type":"tree_oak_bush_b"}
{"pos":[706.206482,-114.222443,54.9810028],"rotationMatrix":[0.0953688249,0.995441914,0,-0.995441914,0.0953688249,0,0,0,0.999999881],"scale":1.08527589,"type":"tree_oak_bush_b"}
{"pos":[704.633362,-116.326836,55.7083626],"rotationMatrix":[0.117258668,-0.993101299,0,0.993101299,0.117258668,0,0,0,0.999999881],"scale":1.09614778,"type":"tree_oak_bush_b"}
{"pos":[699.72644,-114.271873,53.284523],"rotationMatrix":[-0.539156556,0.842205346,0,-0.842205346,-0.539156556,0,0,0,0.999999881],"scale":1.29660082,"type":"tree_oak_bush_b"}
{"pos":[694.236633,-113.380852,51.8984985],"rotationMatrix":[-0.619942546,0.784646988,0,-0.784646988,-0.619942546,0,0,0,0.999999881],"scale":1.22865248,"type":"tree_oak_bush_b"}
{"pos":[752.885254,25.3571568,51.6374054],"rotationMatrix":[0.241298825,0.970450819,0,-0.970450819,0.241298825,0,0,0,0.999999881],"scale":1.09125125,"type":"tree_oak_bush_b"}
{"pos":[782.108337,25.4330597,51.8491249],"rotationMatrix":[0.936020494,-0.351945192,0,0.351945192,0.936020494,0,0,0,0.999999881],"scale":0.717408121,"type":"tree_oak_bush_b"}
