{"pos":[781.542969,-109.39711,57.1069946],"rotationMatrix":[0.884050488,-0.467391193,0,0.467391193,0.884050488,0,0,0,0.999999881],"scale":1.39935756,"type":"tree_aspen_large_a"}
{"pos":[770.414246,-121.937477,57.4288712],"rotationMatrix":[-0.00621132785,-0.999980628,0,0.999980628,-0.00621132785,0,0,0,0.999999881],"scale":1.43955743,"type":"tree_aspen_large_a"}
{"pos":[767.626404,-122.035004,58.5762367],"rotationMatrix":[-0.431438506,-0.902142227,0,0.902142227,-0.431438506,0,0,0,0.999999881],"scale":1.47397578,"type":"tree_aspen_large_a"}
{"pos":[779.236023,-127.468193,57.7238312],"rotationMatrix":[-0.88199383,0.471260905,0,-0.471260905,-0.88199383,0,0,0,0.999999881],"scale":1.43716085,"type":"tree_aspen_large_a"}
{"pos":[784.471558,-120.04641,57.5097771],"rotationMatrix":[0.719399273,0.694596708,0,-0.694596708,0.719399273,0,0,0,0.999999881],"scale":1.25437856,"type":"tree_aspen_large_a"}
{"pos":[784.157532,-118.529976,57.5228462],"rotationMatrix":[0.669257998,-0.743029952,0,0.743029952,0.669257998,0,0,0,0.999999881],"scale":1.31253266,"type":"tree_aspen_large_a"}
{"pos":[816.301086,-93.9196625,57.8261108],"rotationMatrix":[-0.762854159,0.646570265,0,-0.646570265,-0.762854159,0,0,0,0.999999881],"scale":1.30660129,"type":"tree_aspen_large_a"}
{"pos":[715.770203,-178.87384,58.4664307],"rotationMatrix":[-0.922904551,0.385028481,0,-0.385028481,-0.922904551,0,0,0,0.999999881],"scale":1.26215827,"type":"tree_aspen_large_a"}
