{"pos":[727.848694,-96.3121338,50.7325821],"rotationMatrix":[-0.635508597,-0.772093654,0,0.772093654,-0.635508597,0,-0,0,0.999999881],"scale":0.850429893,"type":"tree_beech_overhang_a"}
{"pos":[727.281616,-97.2859879,50.8469887],"rotationMatrix":[0.376772016,-0.92630595,0,0.92630595,0.376772016,0,-0,0,0.999999881],"scale":1.18176031,"type":"tree_beech_overhang_a"}
{"pos":[700.891663,-18.9899139,50.8477821],"rotationMatrix":[-0.635508597,-0.772093654,0,0.772093654,-0.635508597,0,0,0,0.999999881],"scale":0.850429893,"type":"tree_beech_overhang_a"}
