{"pos":[-809.531006,-367.585999,19.2574005],"rotationMatrix":[-0.207768917,0.978213549,0,-0.978213549,-0.207768917,0,0,0,1],"scale":1.38820004,"type":"tree_aspen_small_low"}
{"pos":[-809.054993,-371.416992,19.3785],"rotationMatrix":[0.977991998,-0.208646104,0,0.208646104,0.977991998,0,0,0,1],"scale":1.02550006,"type":"tree_aspen_small_low"}
{"pos":[-807.30603,-375.963989,18.4466],"rotationMatrix":[-0.0379523039,0.999194741,0,-0.999194741,-0.0379523039,0,0,0,1],"scale":0.9023,"type":"tree_aspen_small_low"}
{"pos":[-243.645996,913.692993,25.6012993],"rotationMatrix":[0.0582590699,-0.998283803,0,0.998283803,0.0582590699,0,0,0,1],"scale":1.47959995,"type":"tree_aspen_small_low"}
{"pos":[324.89801,-149.410995,48.4291],"rotationMatrix":[-0.994004488,-0.1090362,0,0.1090362,-0.994004488,0,0,0,1],"scale":1.12580001,"type":"tree_aspen_small_low"}
{"pos":[155.996994,-249.216995,50.7400017],"rotationMatrix":[-0.971700907,-0.236310214,0,0.236310214,-0.971700907,0,0,0,1],"scale":1.27869999,"type":"tree_aspen_small_low"}
{"pos":[67.7845993,-132.998001,55.8250008],"rotationMatrix":[-0.68324554,-0.730066895,0,0.730066895,-0.68324554,0,0,0,1],"scale":1.10739994,"type":"tree_aspen_small_low"}
{"pos":[94.5059967,-212.667007,54.7254982],"rotationMatrix":[0.759459496,0.650527418,0,-0.650527418,0.759459496,0,0,0,1],"scale":1.00539994,"type":"tree_aspen_small_low"}
{"pos":[94.5950012,-209.942993,54.6464996],"rotationMatrix":[0.709982693,0.704251528,0,-0.704251528,0.709982693,0,0,0,1],"scale":1.22440004,"type":"tree_aspen_small_low"}
{"pos":[28.5566998,-227.095993,40.7033005],"rotationMatrix":[0.177981615,-0.983960271,0,0.983960271,0.177981615,0,0,0,1],"scale":0.983200014,"type":"tree_aspen_small_low"}
{"pos":[20.8430004,-211.582001,42.2577019],"rotationMatrix":[0.371455312,-0.928465724,0,0.928465724,0.371455312,0,0,0,1],"scale":0.919099987,"type":"tree_aspen_small_low"}
{"pos":[21.7397995,-214.632996,41.7089996],"rotationMatrix":[0.434164822,-0.900825858,0,0.900825858,0.434164822,0,0,0,1],"scale":1.48119998,"type":"tree_aspen_small_low"}
{"pos":[15.8837996,-204.744995,42.8478012],"rotationMatrix":[0.214243531,-0.976805151,0,0.976805151,0.214243531,0,0,0,1],"scale":1.03400004,"type":"tree_aspen_small_low"}
{"pos":[13.4981003,-198.774002,42.1680984],"rotationMatrix":[0.748801231,-0.662798882,0,0.662798882,0.748801231,0,0,0,1],"scale":1.30879998,"type":"tree_aspen_small_low"}
{"pos":[10.2382002,-194.968002,41.9281998],"rotationMatrix":[0.850176632,-0.526489317,0,0.526489317,0.850176632,0,0,0,1],"scale":1.30079997,"type":"tree_aspen_small_low"}
{"pos":[25.2854004,-188.070007,41.9917984],"rotationMatrix":[-0.029612422,0.999477446,0,-0.999477446,-0.029612422,0,0,0,1],"scale":1.23370004,"type":"tree_aspen_small_low"}
{"pos":[31.1086998,-199.671997,41.7062988],"rotationMatrix":[-0.290903091,0.956849337,0,-0.956849337,-0.290903091,0,0,0,1],"scale":1.44920003,"type":"tree_aspen_small_low"}
{"pos":[32.7392006,-203.371994,41.769001],"rotationMatrix":[-0.957429051,0.288282007,0,-0.288282007,-0.957429051,0,0,0,1],"scale":1.28629994,"type":"tree_aspen_small_low"}
{"pos":[33.9770012,-204.085007,41.6958008],"rotationMatrix":[-0.617480874,-0.78670764,0,0.78670764,-0.617480874,0,0,0,1],"scale":1.41799998,"type":"tree_aspen_small_low"}
{"pos":[38.1323013,-212.335007,40.9934998],"rotationMatrix":[-0.212435842,0.97714299,0,-0.97714299,-0.212435842,0,0,0,1],"scale":0.987800002,"type":"tree_aspen_small_low"}
{"pos":[40.1529999,-214.778,40.6094017],"rotationMatrix":[-0.993605018,0.113418236,0,-0.113418236,-0.993605018,0,0,0,1],"scale":1.07550001,"type":"tree_aspen_small_low"}
{"pos":[40.9305,-215.714005,39.263401],"rotationMatrix":[-0.468212605,-0.883532226,0,0.883532226,-0.468212605,0,0,0,1],"scale":1.43130004,"type":"tree_aspen_small_low"}
{"pos":[35.911499,-207.014008,40.2979012],"rotationMatrix":[0.237387478,0.971450984,0,-0.971450984,0.237387478,0,0,0,1],"scale":1.46420002,"type":"tree_aspen_small_low"}
{"pos":[113.466003,-312.355988,48.1792984],"rotationMatrix":[0.539967656,0.841697991,0,-0.841697991,0.539967656,0,0,0,1],"scale":1.46899998,"type":"tree_aspen_small_low"}
{"pos":[95.2854996,-302.359009,49.2476997],"rotationMatrix":[0.0183191895,-0.999756277,0,0.999756277,0.0183191895,0,0,0,1],"scale":1.25199997,"type":"tree_aspen_small_low"}
{"pos":[91.0932999,-298.014008,48.4849014],"rotationMatrix":[0.259212017,-0.965848267,0,0.965848267,0.259212017,0,0,0,1],"scale":1.36230004,"type":"tree_aspen_small_low"}
{"pos":[90.2385025,-300.110992,49.4468002],"rotationMatrix":[0.997127175,-0.0757469386,0,0.0757469386,0.997127175,0,0,0,1],"scale":1.25300002,"type":"tree_aspen_small_low"}
{"pos":[110.366997,-318.237,46.8027992],"rotationMatrix":[0.0849660635,-0.996472478,0,0.996472478,0.0849660635,0,0,0,1],"scale":1.27129996,"type":"tree_aspen_small_low"}
{"pos":[110.185997,-315.260986,47.4455986],"rotationMatrix":[0.0930649042,0.995689213,0,-0.995689213,0.0930649042,0,0,0,1],"scale":1.45050001,"type":"tree_aspen_small_low"}
{"pos":[752.346008,133.005997,54.8969002],"rotationMatrix":[0.787838995,-0.615898728,0,0.615898728,0.787838995,0,0,0,1],"scale":0.947899997,"type":"tree_aspen_small_low"}
{"pos":[754.640015,133.326996,55.335701],"rotationMatrix":[0.99960798,-0.0279972013,0,0.0279972013,0.99960798,0,0,0,1],"scale":1.10870004,"type":"tree_aspen_small_low"}
{"pos":[753.784973,129.473007,55.2342987],"rotationMatrix":[0.985549986,0.169387996,0,-0.169387996,0.985549986,0,0,0,1],"scale":1.43649995,"type":"tree_aspen_small_low"}
{"pos":[751.767029,129.580994,54.9244003],"rotationMatrix":[0.855493128,0.517816305,0,-0.517816305,0.855493128,0,0,0,1],"scale":1.06389999,"type":"tree_aspen_small_low"}
{"pos":[756.577026,130.119995,55.4817009],"rotationMatrix":[-0.143374443,0.989583671,0,-0.989583671,-0.143374443,0,0,0,1],"scale":1.3786,"type":"tree_aspen_small_low"}
{"pos":[755.877014,128.218002,55.0674019],"rotationMatrix":[-0.888401866,-0.459419757,0,0.459419757,-0.888401866,0,0,0,1],"scale":1.33659995,"type":"tree_aspen_small_low"}
{"pos":[757.396973,125.982002,56.2495995],"rotationMatrix":[0.241334438,0.970412016,0,-0.970412016,0.241334438,0,0,0,1],"scale":1.37360001,"type":"tree_aspen_small_low"}
{"pos":[759.211975,127.313004,56.3913994],"rotationMatrix":[-0.0561858416,-0.998485804,0,0.998485804,-0.0561858416,0,0,0,1],"scale":0.946200013,"type":"tree_aspen_small_low"}
{"pos":[768.338013,130.393997,57.1446991],"rotationMatrix":[0.091987133,-0.995741606,0,0.995741606,0.091987133,0,0,0,1],"scale":1.42700005,"type":"tree_aspen_small_low"}
{"pos":[777.094971,144.069,58.1390991],"rotationMatrix":[-0.663123131,0.748305082,0,-0.748305082,-0.663123131,0,0,0,1],"scale":1.44739997,"type":"tree_aspen_small_low"}
{"pos":[763.140991,121.996002,56.0521011],"rotationMatrix":[0.480004013,-0.877231896,0,0.877231896,0.480004013,0,0,0,1],"scale":1.47800004,"type":"tree_aspen_small_low"}
{"pos":[762.445007,116.522003,55.9905014],"rotationMatrix":[0.58613199,0.810176909,0,-0.810176909,0.58613199,0,0,0,1],"scale":1.08720005,"type":"tree_aspen_small_low"}
{"pos":[761.911987,115.620003,55.5415001],"rotationMatrix":[-0.996401787,-0.0827254802,0,0.0827254802,-0.996401787,0,0,0,1],"scale":1.40310001,"type":"tree_aspen_small_low"}
{"pos":[763.880981,109.936996,57.0069008],"rotationMatrix":[-0.915315986,-0.403183222,0,0.403183222,-0.915315986,0,0,0,1],"scale":0.973399997,"type":"tree_aspen_small_low"}
{"pos":[762.914978,110.509003,55.4846001],"rotationMatrix":[-0.00592935085,0.999971986,0,-0.999971986,-0.00592935085,0,0,0,1],"scale":1.44519997,"type":"tree_aspen_small_low"}
{"pos":[760.539978,110.504997,56.6171989],"rotationMatrix":[0.519211829,0.854690909,0,-0.854690909,0.519211829,0,0,0,1],"scale":1.13409996,"type":"tree_aspen_small_low"}
{"pos":[764.810974,112.894997,56.6846008],"rotationMatrix":[-0.954659939,0.298161775,0,-0.298161775,-0.954659939,0,0,0,1],"scale":1.02460003,"type":"tree_aspen_small_low"}
{"pos":[766.047974,118.943001,57.6390991],"rotationMatrix":[-0.66385293,-0.747922003,0,0.747922003,-0.66385293,0,0,0,1],