{"pos":[772.560059,-120.424461,58.3681946],"rotationMatrix":[-0.494797051,-0.869008362,0,0.869008362,-0.494797051,0,0,0,0.999999881],"scale":1.34704041,"type":"tree_aspen_small_b"}
