{"pos":[2.82336879,-24.3672581,251.146591],"rotationMatrix":[0.996586382,-0.0825551078,0,0.0825551078,0.996586382,0,-0,0,0.999999881],"scale":0.992892742,"type":"tree_oak_bush_a"}
{"pos":[-5.38540983,-23.0623302,250.754181],"rotationMatrix":[0.805190742,-0.593015671,0,0.593015671,0.805190742,0,-0,0,0.999999881],"scale":0.838699937,"type":"tree_oak_bush_a"}
