{"pos":[724.821716,-41.0204544,51.9287109],"rotationMatrix":[0.96685499,0.255325854,0,-0.255325854,0.96685499,0,0,0,0.999999881],"scale":1,"type":"tree_douglasfir_chopped"}
{"pos":[770.240906,-3.99819589,52.1938705],"rotationMatrix":[0.973420024,-0.229026824,0,0.229026824,0.973420024,0,0,0,0.999999881],"scale":1,"type":"tree_douglasfir_chopped"}
{"pos":[709.385071,4.52044487,51.9703598],"rotationMatrix":[0.852377892,0.522926211,0,-0.522926211,0.852377892,0,0,0,0.999999881],"scale":1,"type":"tree_douglasfir_chopped"}
{"pos":[693.070923,-109.818771,51.3354416],"rotationMatrix":[-0.996663153,-0.0816231519,0,0.0816231519,-0.996663153,0,0,0,0.999999881],"scale":1,"type":"tree_douglasfir_chopped"}
{"pos":[693.892151,-108.050201,51.4064026],"rotationMatrix":[0.645316541,0.7639153,0,-0.7639153,0.645316541,0,0,0,0.999999881],"scale":1,"type":"tree_douglasfir_chopped"}
{"pos":[695.178162,-109.641891,52.012722],"rotationMatrix":[0.388945937,0.921260536,0,-0.921260536,0.388945937,0,0,0,0.999999881],"scale":1,"type":"tree_douglasfir_chopped"}
{"pos":[697.415649,-111.828033,52.7963104],"rotationMatrix":[0.894715071,-0.446637183,0,0.446637183,0.894715071,0,0,0,0.999999881],"scale":1,"type":"tree_douglasfir_chopped"}
{"pos":[705.968506,-111.134987,53.5211487],"rotationMatrix":[-0.289645493,-0.957133889,0,0.957133889,-0.289645493,0,0,0,0.999999881],"scale":1,"type":"tree_douglasfir_chopped"}
{"pos":[704.516663,-109.635696,53.1022835],"rotationMatrix":[-0.862498701,0.506058991,0,-0.506058991,-0.862498701,0,0,0,0.999999881],"scale":1,"type":"tree_douglasfir_chopped"}
{"pos":[719.389709,-107.280754,56.2150955],"rotationMatrix":[-0.700947106,0.713213027,0,-0.713213027,-0.700947106,0,0,0,0.999999881],"scale":1,"type":"tree_douglasfir_chopped"}
{"pos":[718.690735,-107.2257,56.1367378],"rotationMatrix":[0.896376431,0.443293691,0,-0.443293691,0.896376431,0,0,0,0.999999881],"scale":1,"type":"tree_douglasfir_chopped"}
{"pos":[764.211182,-115.553848,58.0499268],"rotationMatrix":[-0.805118978,-0.593113303,0,0.593113303,-0.805118978,0,0,0,0.999999881],"scale":1,"type":"tree_douglasfir_chopped"}
{"pos":[763.76001,-113.534996,58.0499268],"rotationMatrix":[-0.749902964,0.66154772,0,-0.66154772,-0.749902964,0,0,0,0.999999881],"scale":1,"type":"tree_douglasfir_chopped"}
{"pos":[770.806885,-118.681633,58.0499268],"rotationMatrix":[-0.0423879772,-0.999101162,0,0.999101162,-0.0423879772,0,0,0,0.999999881],"scale":1,"type":"tree_douglasfir_chopped"}
{"pos":[771.251526,-115.144157,58.0499268],"rotationMatrix":[0.51963979,0.854385495,0,-0.854385495,0.51963979,0,0,0,0.999999881],"scale":1,"type":"tree_douglasfir_chopped"}
{"pos":[778.344788,-129.95488,58.4879265],"rotationMatrix":[-0.166028395,0.98612082,0,-0.98612082,-0.166028395,0,0,0,0.999999881],"scale":1,"type":"tree_douglasfir_chopped"}
{"pos":[787.61261,-115.562492,58.0469742],"rotationMatrix":[0.878711998,-0.477352083,0,0.477352083,0.878711998,0,0,0,0.999999881],"scale":1,"type":"tree_douglasfir_chopped"}
{"pos":[754.195496,-141.515869,58.5169144],"rotationMatrix":[0.99838084,-0.0568818823,0,0.0568818823,0.99838084,0,0,0,0.999999881],"scale":1,"type":"tree_douglasfir_chopped"}
