{"pos":[724.510071,-39.7466011,51.9287109],"rotationMatrix":[-0.98358053,-0.180469349,0,0.180469349,-0.98358053,0,0,0,0.999999881],"scale":1,"type":"tree_beech_bush_a"}
{"pos":[712.171936,-54.9130402,51.9287109],"rotationMatrix":[0.999363899,-0.0356592126,0,0.0356592126,0.999363899,0,0,0,0.999999881],"scale":1,"type":"tree_beech_bush_a"}
{"pos":[732.737366,-51.91642,51.9287109],"rotationMatrix":[-0.707413912,-0.706799507,0,0.706799507,-0.707413912,0,0,0,0.999999881],"scale":1,"type":"tree_beech_bush_a"}
{"pos":[716.870361,-39.0824203,51.9287109],"rotationMatrix":[-0.0934604183,-0.995622933,0,0.995622933,-0.0934604183,0,0,0,0.999999881],"scale":1,"type":"tree_beech_bush_a"}
{"pos":[705.342651,-64.7563324,51.7984848],"rotationMatrix":[0.999363899,-0.0356592126,0,0.0356592126,0.999363899,0,0,0,0.999999881],"scale":1,"type":"tree_beech_bush_a"}
{"pos":[707.027283,-63.7369804,51.8609543],"rotationMatrix":[0.943209112,-0.332199246,0,0.332199246,0.943209112,0,0,0,0.999999881],"scale":1,"type":"tree_beech_bush_a"}
{"pos":[707.303833,-63.4004478,51.8268051],"rotationMatrix":[0.741441846,0.67101711,0,-0.67101711,0.741441846,0,0,0,0.999999881],"scale":1,"type":"tree_beech_bush_a"}
{"pos":[709.041321,-61.9767418,51.9162064],"rotationMatrix":[-0.707413912,-0.706799507,0,0.706799507,-0.707413912,0,0,0,0.999999881],"scale":1,"type":"tree_beech_bush_a"}
{"pos":[707.72937,-62.9506416,51.7940941],"rotationMatrix":[0.165917084,0.986139476,0,-0.986139476,0.165917084,0,0,0,0.999999762],"scale":1.28003931,"type":"tree_beech_bush_a"}
{"pos":[711.889526,-55.1104851,51.7568207],"rotationMatrix":[-0.707413912,-0.706799507,0,0.706799507,-0.707413912,0,0,0,0.999999881],"scale":1,"type":"tree_beech_bush_a"}
{"pos":[706.22113,-77.3272705,51.8268051],"rotationMatrix":[0.741441846,0.67101711,0,-0.67101711,0.741441846,0,0,0,0.999999881],"scale":1,"type":"tree_beech_bush_a"}
{"pos":[736.47345,-59.4508705,51.8339348],"rotationMatrix":[-0.707413912,-0.706799507,0,0.706799507,-0.707413912,0,0,0,0.999999881],"scale":1,"type":"tree_beech_bush_a"}
{"pos":[743.454468,-85.1347504,51.9287109],"rotationMatrix":[0.968949437,0.247258693,0,-0.247258693,0.968949437,0,0,0,0.999999881],"scale":1,"type":"tree_beech_bush_a"}
{"pos":[728.106079,-99.276268,51.9370384],"rotationMatrix":[-0.474183977,0.880425632,0,-0.880425632,-0.474183977,0,0,0,0.999999881],"scale":1,"type":"tree_beech_bush_a"}
{"pos":[723.069824,-97.2603989,52.1010513],"rotationMatrix":[-0.264436811,-0.964402974,0,0.964402974,-0.264436811,0,0,0,0.999999881],"scale":1,"type":"tree_beech_bush_a"}
{"pos":[727.608337,-94.9046631,51.9287109],"rotationMatrix":[0.928572118,-0.371151686,0,0.371151686,0.928572118,0,0,0,0.999999881],"scale":1,"type":"tree_beech_bush_a"}
{"pos":[718.620544,-97.244133,51.9287109],"rotationMatrix":[0.987862587,-0.155329928,0,0.155329928,0.987862587,0,0,0,0.999999881],"scale":1,"type":"tree_beech_bush_a"}
{"pos":[735.792786,-89.0032501,51.9287109],"rotationMatrix":[0.534114718,-0.845411897,0,0.845411897,0.534114718,0,0,0,0.999999881],"scale":1,"type":"tree_beech_bush_a"}
