{"pos":[311.739624,97.9193039,256.349518],"rotationMatrix":[0.98572439,0.16836679,0,-0.16836679,0.98572439,0,0,0,0.999999881],"scale":1.0869453,"type":"tree_oak_forest_a"}
{"pos":[227.488495,91.4630585,254.333496],"rotationMatrix":[-0.134254396,0.99094677,0,-0.99094677,-0.134254396,0,0,0,0.999999881],"scale":1.2522049,"type":"tree_oak_forest_a"}
{"pos":[215.17363,75.53302,254.020538],"rotationMatrix":[0.830688894,-0.556736648,0,0.556736648,0.830688894,0,0,0,0.999999881],"scale":1.15818155,"type":"tree_oak_forest_a"}
{"pos":[246.696259,122.715042,254.211426],"rotationMatrix":[0.878691077,0.477390766,0,-0.477390766,0.878691077,0,0,0,0.999999881],"scale":1.12053287,"type":"tree_oak_forest_a"}
{"pos":[243.656006,127.353539,254.196014],"rotationMatrix":[0.701113284,0.713049889,0,-0.713049889,0.701113284,0,0,0,0.999999881],"scale":1.04478908,"type":"tree_oak_forest_a"}
{"pos":[149.032425,61.1854858,254.379272],"rotationMatrix":[0.99668771,0.0813227072,0,-0.0813227072,0.99668771,0,0,0,0.999999881],"scale":1.1595856,"type":"tree_oak_forest_a"}
{"pos":[153.609436,79.0789642,254.379272],"rotationMatrix":[-0.929416597,0.369032115,0,-0.369032115,-0.929416597,0,0,0,0.999999881],"scale":1.12611043,"type":"tree_oak_forest_a"}
{"pos":[148.564148,120.30954,254.379272],"rotationMatrix":[0.976952136,0.213458255,0,-0.213458255,0.976952136,0,0,0,0.999999881],"scale":1.08212936,"type":"tree_oak_forest_a"}
{"pos":[180.125656,164.137695,254.379272],"rotationMatrix":[-0.555295825,-0.831652761,0,0.831652761,-0.555295825,0,0,0,0.999999881],"scale":0.943699121,"type":"tree_oak_forest_a"}
{"pos":[185.882141,166.361694,254.379272],"rotationMatrix":[-0.690344095,-0.723481178,0,0.723481178,-0.690344095,0,0,0,0.999999881],"scale":1.01050162,"type":"tree_oak_forest_a"}
{"pos":[205.483917,174.938919,254.379272],"rotationMatrix":[0.684427798,-0.729080498,0,0.729080498,0.684427798,0,0,0,0.999999881],"scale":1.12551403,"type":"tree_oak_forest_a"}
{"pos":[19.0008602,-64.6931686,254.76004],"rotationMatrix":[-0.376839966,0.926278234,0,-0.926278234,-0.376839966,0,0,0,0.999999881],"scale":0.903169751,"type":"tree_oak_forest_a"}
{"pos":[338.394287,251.852158,259.622681],"rotationMatrix":[0.478894979,0.877872229,0,-0.877872229,0.478894979,0,0,0,0.999999881],"scale":0.910539806,"type":"tree_oak_forest_a"}
{"pos":[282.737488,216.955444,250.662003],"rotationMatrix":[0.256696582,0.966491997,0,-0.966491997,0.256696582,0,0,0,0.999999881],"scale":1.23333311,"type":"tree_oak_forest_a"}
{"pos":[279.487946,228.060883,249.941757],"rotationMatrix":[0.675966799,0.736932099,0,-0.736932099,0.675966799,0,0,0,0.999999881],"scale":1.00335038,"type":"tree_oak_forest_a"}
{"pos":[387.588379,218.182602,263.99231],"rotationMatrix":[-0.18702428,0.982355177,0,-0.982355177,-0.18702428,0,0,0,0.999999881],"scale":1.10698938,"type":"tree_oak_forest_a"}
{"pos":[390.150177,227.070038,263.99231],"rotationMatrix":[-0.264357239,0.964424729,0,-0.964424729,-0.264357239,0,0,0,0.999999881],"scale":0.973858237,"type":"tree_oak_forest_a"}
{"pos":[411.832977,186.628433,261.934967],"rotationMatrix":[-0.407247841,-0.913317561,0,0.913317561,-0.407247841,0,0,0,0.999999881],"scale":1.19549608,"type":"tree_oak_forest_a"}
{"pos":[414.079651,154.968262,258.533997],"rotationMatrix":[0.773643672,0.633620977,0,-0.633620977,0.773643672,0,0,0,0.999999881],"scale":0.979953647,"type":"tree_oak_forest_a"}
{"pos":[396.823578,157.796829,260.943146],"rotationMatrix":[0.990262508,-0.139211819,0,0.139211819,0.990262508,0,0,0,0.999999881],"scale":0.909060061,"type":"tree_oak_forest_a"}
{"pos":[391.323883,212.475647,263.99231],"rotationMatrix":[-0.575947404,0.817486525,0,-0.817486525,-0.575947404,0,0,0,0.999999881],"scale":0.939582705,"type":"tree_oak_forest_a"}
{"pos":[403.317566,164.825287,260.041962],"rotationMatrix":[-0.215864182,0.976423323,0,-0.976423323,-0.215864182,0,0,0,0.999999881],"scale":1.09102345,"type":"tree_oak_forest_a"}
{"pos":[400.404358,164.041809,260.412018],"rotationMatrix":[0.987954199,-0.1547461,0,0.1547461,0.987954199,0,0,0,0.999999881],"scale":0.932471216,"type":"tree_oak_forest_a"}
{"pos":[319.150848,208.946548,263.99231],"rotationMatrix":[0.835633755,0.549287021,0,-0.549287021,0.835633755,0,0,0,0.999999881],"scale":1.08493006,"type":"tree_oak_forest_a"}
{"pos":[253.840057,48.6017647,252.413605],"rotationMatrix":[0.0112990672,0.999936044,0,-0.999936044,0.0112990672,0,0,0,0.999999881],"scale":1.15156341,"type":"tree_oak_forest_a"}
{"pos":[59.4781418,-71.2428207,254.787003],"rotationMatrix":[-0.993734539,0.111764617,0,-0.111764617,-0.993734539,0,0,0,0.999999762],"scale":0.7140432,"type":"tree_oak_forest_a"}
{"pos":[463.880341,65.9189148,263.99231],"rotationMatrix":[0.0118373558,-0.999929905,0,0.999929905,0.0118373558,0,0,0,0.999999881],"scale":0.962889254,"type":"tree_oak_forest_a"}
{"pos":[-82.4318314,-98.3996506,255.80896],"rotationMatrix":[0.560880423,-0.827896774,0,0.827896774,0.560880423,0,0,0,0.999999881],"scale":1.01656246,"type":"tree_oak_forest_a"}
{"pos":[-237.772919,1.21658325,250.96109],"rotationMatrix":[0.802967906,0.596022248,0,-0.596022248,0.802967906,-0,-0,0,0.999999881],"scale":0.967175424,"type":"tree_oak_forest_a"}
{"pos":[-126.162102,-67.6170959,255.996704],"rotationMatrix":[-0.914117813,-0.405448467,0,0.405448467,-0.914117813,0,-0,0,0.999999881],"scale":0.927675009,"type":"tree_oak_forest_a"}
{"pos":[-311.123779,5.74734783,256.710114],"rotationMatrix":[0.435064435,-0.900399208,0,0.900399208,0.435064435,0,-0,0,0.999999881],"scale":0.932100654,"type":"tree_oak_forest_a"}
{"pos":[-325.070923,4.24859238,257.977173],"rotationMatrix":[0.910432756,0.41365701,0,-0.41365701,0.910432756,-0,-0,0,0.999999881],"scale":0.985324979,"type":"tree_oak_forest_a"}
{"pos":[-328.549622,1.45012712,258.452576],"rotationMatrix":[0.481963724,0.876191199,0,-0.876191199,0.481963724,-0,-0,0,0.999999881],"scale":1.19606352,"type":"tree_oak_forest_a"}
{"pos":[-321.210815,8.93674088,257.254547],"rotationMatrix":[0.996231437,0.0867337212,0,-0.0867337212,0.996231437,-0,-0,0,0.999999881],"scale":0.960878789,"type":"tree_oak_forest_a"}
{"pos":[-367.076019,-11.3299379,262.183868],"rotationMatrix":[-0.716617107,0.697466671,-0,-0.697466671,-0.716617107,0,-0,0,0.999999881],"scale":1.10692859,"type":"tree_oak_forest_a"}
{"pos":[-306.051422,57.0221176,256.752136],"rotationMatrix":[0.996759057,-0.0804436877,0,0.0804436877,0.996759057,0,-0,0,0.999999881],"scale":0.994203925,"type":"tree_oak_forest_a"}
{"pos":[-375.830505,50.7472343,261.21225],"rotationMatrix":[0.602262974,-0.798297584,0,0.798297584,0.602262974,0,-0,0,0.999999881],"scale":1.11164141,"type":"tree_oak_forest_a"}
{"pos":[-553.711975,13.2799816,262.786865],"rotationMatrix":[-0.993463576,0.114148729,-0,-0.114148729,-0.993463576,0,-0,0,0.999999881],"scale":1.20915341,"type":"tree_oak_forest_a"}
{"pos":[-597.096191,36.6684532,262.786865],"rotationMatrix":[0.513084173,0.858338296,0,-0.858338296,0.513084173,-0,-0,0,0.999999881],"scale":1.02062476,"type":"tree_oak_forest_a"}
{"pos":[-610.767944,77.8144073,262.786865],"rotationMatrix":[0.65681541,0.754051387,0,-0.754051387,0.65681541,-0,-0,0,0.999999881],"scale":1.04695082,"type":"tree_oak_forest_a"}
{"pos":[-481.404022,-147.36412,261.953796],"rotationMatrix":[-0.0783424824,0.996926367,-0,-0.996926367,-0.0783424824,0,-0,0,0.999999881],"scale":1.08969522,"type":"tree_oak_forest_a"}
{"pos":[-460.077576,-150.01915,261.963196],"rotationMatrix":[0.998143017,-0.0609115697,0,0.0609115697,0.998143017,0,-0,0,0.999999881],"scale":1.21156454,"type":"tree_oak_forest_a"}
