{"pos":[780.676575,-78.626976,53.9720726],"rotationMatrix":[0.385092139,-0.922878087,0,0.922878087,0.385092139,0,0,0,0.999999881],"scale":1.10910094,"type":"tree_oak_bush_c"}
{"pos":[769.973816,-110.62352,58.0499268],"rotationMatrix":[0.719568551,-0.694421351,0,0.694421351,0.719568551,0,0,0,0.999999881],"scale":1.0630821,"type":"tree_oak_bush_c"}
{"pos":[765.093811,-108.43058,57.700901],"rotationMatrix":[0.326146692,-0.945319116,0,0.945319116,0.326146692,0,0,0,0.999999881],"scale":1.10083663,"type":"tree_oak_bush_c"}
{"pos":[776.672302,-85.0492706,53.8641357],"rotationMatrix":[-0.875284135,-0.483609021,0,0.483609021,-0.875284135,0,0,0,0.999999881],"scale":0.973421574,"type":"tree_oak_bush_c"}
{"pos":[778.465881,-88.7810287,53.8970718],"rotationMatrix":[0.617795289,-0.786338806,0,0.786338806,0.617795289,0,0,0,0.999999881],"scale":1.2051146,"type":"tree_oak_bush_c"}
{"pos":[773.449829,-96.4596252,54.0150642],"rotationMatrix":[-0.987134874,0.159889355,0,-0.159889355,-0.987134874,0,0,0,0.999999881],"scale":1.29461408,"type":"tree_oak_bush_c"}
{"pos":[761.527405,-101.37336,53.4810181],"rotationMatrix":[0.914764106,-0.403988153,0,0.403988153,0.914764106,0,0,0,0.999999881],"scale":0.748003542,"type":"tree_oak_bush_c"}
{"pos":[765.708862,-95.3892975,53.3867874],"rotationMatrix":[-0.946826637,0.321743876,0,-0.321743876,-0.946826637,0,0,0,0.999999881],"scale":0.826055706,"type":"tree_oak_bush_c"}
{"pos":[767.307129,-76.2514191,52.021225],"rotationMatrix":[0.256936193,-0.96642828,0,0.96642828,0.256936193,0,0,0,0.999999881],"scale":1.26549351,"type":"tree_oak_bush_c"}
{"pos":[702.733948,-109.902931,53.1211815],"rotationMatrix":[-0.497032225,-0.867731929,0,0.867731929,-0.497032225,0,0,0,0.999999881],"scale":1.14237201,"type":"tree_oak_bush_c"}
{"pos":[707.468933,-109.044914,53.091938],"rotationMatrix":[-0.836758077,-0.547572553,0,0.547572553,-0.836758077,0,0,0,0.999999881],"scale":0.927506208,"type":"tree_oak_bush_c"}
{"pos":[745.855103,-117.697083,58.0499268],"rotationMatrix":[0.775524914,-0.631316781,0,0.631316781,0.775524914,0,0,0,0.999999881],"scale":1.00560188,"type":"tree_oak_bush_c"}
{"pos":[759.378357,-114.634438,58.0499268],"rotationMatrix":[0.00151506194,-0.999998748,0,0.999998748,0.00151506194,0,0,0,0.999999881],"scale":0.738987327,"type":"tree_oak_bush_c"}
{"pos":[773.177368,-112.340591,58.0499268],"rotationMatrix":[0.843510807,0.537112057,0,-0.537112057,0.843510807,0,0,0,0.999999881],"scale":0.968609929,"type":"tree_oak_bush_c"}
{"pos":[773.082458,-108.494629,58.0499268],"rotationMatrix":[0.0263480991,0.999652743,0,-0.999652743,0.0263480991,0,0,0,0.999999881],"scale":1.14223635,"type":"tree_oak_bush_c"}
{"pos":[766.517883,-11.9939775,51.9991608],"rotationMatrix":[0.0815340653,0.996670544,0,-0.996670544,0.0815340653,0,0,0,0.999999881],"scale":1.13279808,"type":"tree_oak_bush_c"}
{"pos":[753.42749,-12.0817003,52.1733513],"rotationMatrix":[-0.973759294,0.227580175,0,-0.227580175,-0.973759294,0,0,0,0.999999881],"scale":0.735294402,"type":"tree_oak_bush_c"}
{"pos":[755.620667,-8.67521667,52.189827],"rotationMatrix":[0.548339248,-0.836255848,0,0.836255848,0.548339248,0,0,0,0.999999881],"scale":0.706544697,"type":"tree_oak_bush_c"}
{"pos":[751.32666,-11.2523594,52.0760269],"rotationMatrix":[-0.252809584,0.967515945,0,-0.967515945,-0.252809584,0,0,0,0.999999881],"scale":0.790690422,"type":"tree_oak_bush_c"}
{"pos":[692.555298,-115.784225,51.2492447],"rotationMatrix":[-0.451267123,-0.89238888,0,0.89238888,-0.451267123,0,0,0,0.999999881],"scale":1.22088516,"type":"tree_oak_bush_c"}
{"pos":[706.725098,33.0130386,54.9993896],"rotationMatrix":[-0.325796127,-0.945439994,0,0.945439994,-0.325796127,0,0,0,0.999999881],"scale":0.727038324,"type":"tree_oak_bush_c"}
{"pos":[706.680115,64.0808945,54.9993896],"rotationMatrix":[-0.512264609,-0.858827472,0,0.858827472,-0.512264609,0,0,0,0.999999881],"scale":0.980912089,"type":"tree_oak_bush_c"}
{"pos":[707.345825,74.5019226,54.9993896],"rotationMatrix":[-0.083759129,-0.996485949,0,0.996485949,-0.083759129,0,0,0,0.999999881],"scale":1.2602489,"type":"tree_oak_bush_c"}
{"pos":[706.455444,59.0421638,54.9993896],"rotationMatrix":[0.507429421,0.861693323,0,-0.861693323,0.507429421,0,0,0,0.999999881],"scale":0.948139191,"type":"tree_oak_bush_c"}
{"pos":[707.093811,67.0428467,54.9993896],"rotationMatrix":[-0.317380995,-0.948298037,0,0.948298037,-0.317380995,0,0,0,0.999999881],"scale":1.13033676,"type":"tree_oak_bush_c"}
{"pos":[820.041077,36.7490616,57.4127197],"rotationMatrix":[0.938602924,0.344999224,0,-0.344999224,0.938602924,-0,-0,0,0.999999881],"scale":0.947330117,"type":"tree_oak_bush_c"}
{"pos":[807.929749,-136.532944,58.0499268],"rotationMatrix":[0.995199919,0.097861588,0,-0.097861588,0.995199919,-0,-0,0,0.999999881],"scale":1.14595544,"type":"tree_oak_bush_c"}
{"pos":[813.069519,-126.537895,58.0499268],"rotationMatrix":[-0.990452886,0.137851059,-0,-0.137851059,-0.990452886,0,-0,0,0.999999881],"scale":1.09630954,"type":"tree_oak_bush_c"}
{"pos":[793.801392,-21.7031822,51.9287109],"rotationMatrix":[-0.165901929,-0.986142159,0,0.986142159,-0.165901929,0,-0,0,0.999999881],"scale":0.82980299,"type":"tree_oak_bush_c"}
{"pos":[797.650879,-54.7377205,51.9360352],"rotationMatrix":[-0.744735956,-0.667359233,0,0.667359233,-0.744735956,0,-0,0,0.999999881],"scale":1.02619207,"type":"tree_oak_bush_c"}
{"pos":[805.821228,-73.8189163,53.5899658],"rotationMatrix":[-0.390170902,-0.920742333,0,0.920742333,-0.390170902,0,-0,0,0.999999881],"scale":1.20952904,"type":"tree_oak_bush_c"}
{"pos":[814.124512,-92.7885361,57.9957581],"rotationMatrix":[-0.999590218,0.0286211874,-0,-0.0286211874,-0.999590218,0,-0,0,0.999999881],"scale":1.19556832,"type":"tree_oak_bush_c"}
{"pos":[817.288574,-108.393509,58.0499268],"rotationMatrix":[0.665482819,-0.746413052,0,0.746413052,0.665482819,0,-0,0,0.999999881],"scale":0.951817453,"type":"tree_oak_bush_c"}
{"pos":[820.147522,-119.599098,58.0499268],"rotationMatrix":[-0.855152905,0.518375516,-0,-0.518375516,-0.855152905,0,-0,0,0.999999881],"scale":1.24583673,"type":"tree_oak_bush_c"}
{"pos":[779.128601,-133.564545,58.2185631],"rotationMatrix":[-0.342493445,0.939520061,-0,-0.939520061,-0.342493445,0,-0,0,0.999999881],"scale":0.864391565,"type":"tree_oak_bush_c"}
{"pos":[898.105286,-71.4060822,69.3889542],"rotationMatrix":[0.0959160924,0.995389402,0,-0.995389402,0.0959160924,-0,-0,0,0.999999881],"scale":0.797751963,"type":"tree_oak_bush_c"}
{"pos":[716.075684,-215.769485,60.2472725],"rotationMatrix":[0.999637127,-0.0269346125,0,0.0269346125,0.999637127,0,-0,0,0.999999881],"scale":0.812761128,"type":"tree_oak_bush_c"}
{"pos":[856.78595,-75.8774185,65.9245148],"rotationMatrix":[-0.867244244,-0.497882783,0,0.497882783,-0.867244244,0,-0,0,0.999999881],"scale":1.03718317,"type":"tree_oak_bush_c"}
{"pos":[875.578552,-83.958374,67.7016602],"rotationMatrix":[-0.39657405,0.918002605,-0,-0.918002605,-0.39657405,0,-0,0,0.999999881],"scale":1.10896647,"type":"tree_oak_bush_c"}
{"pos":[848.328125,-80.5989761,64.6013794],"rotationMatrix":[0.804214656,-0.594338655,0,0.594338655,0.804214656,0,-0,0,0.999999881],"scale":0.854300976,"type":"tree_oak_bush_c"}
