{"pos":[19.3964233,4.78934669,250],"rotationMatrix":[-0.996034205,0.0889702514,0,-0.0889702514,-0.996034205,0,0,0,0.999999881],"scale":1,"type":"tree_douglasfir_chopped"}
{"pos":[-28.7851696,-12.9402504,249.994537],"rotationMatrix":[0.999590039,-0.0286262631,0,0.0286262631,0.999590039,0,0,0,0.999999881],"scale":1,"type":"tree_douglasfir_chopped"}
{"pos":[403.812897,35.3582382,250.65625],"rotationMatrix":[-0.950273633,0.311415881,0,-0.311415881,-0.950273633,0,0,0,0.999999881],"scale":1.43526614,"type":"tree_douglasfir_chopped"}
{"pos":[-5.46644068,-215.931137,252.93338],"rotationMatrix":[0.400023103,-0.916504979,0,0.916504979,0.400023103,0,0,0,0.999999881],"scale":1,"type":"tree_douglasfir_chopped"}
{"pos":[169.373001,-66.8964844,257.324219],"rotationMatrix":[0.27908659,0.960265934,0,-0.960265934,0.27908659,0,0,0,0.999999881],"scale":1,"type":"tree_douglasfir_chopped"}
{"pos":[-557.580627,-216.980225,268.493652],"rotationMatrix":[-0.947578073,-0.319524258,0,0.319524258,-0.947578073,0,0,0,0.999999881],"scale":1,"type":"tree_douglasfir_chopped"}
{"pos":[-569.46405,-214.173538,268.493652],"rotationMatrix":[0.976853013,0.213911504,0,-0.213911504,0.976853013,0,0,0,0.999999881],"scale":1,"type":"tree_douglasfir_chopped"}
{"pos":[-52.43647,-262.295441,263.99231],"rotationMatrix":[0.979985535,0.199068502,0,-0.199068502,0.979985535,0,0,0,0.999999881],"scale":1,"type":"tree_douglasfir_chopped"}
{"pos":[-49.7792511,-283.43927,263.809174],"rotationMatrix":[-0.0810746476,-0.996707976,0,0.996707976,-0.0810746476,0,0,0,0.999999881],"scale":1,"type":"tree_douglasfir_chopped"}
{"pos":[-56.4997253,-297.922363,263.918396],"rotationMatrix":[-0.50193435,0.864905536,0,-0.864905536,-0.50193435,0,0,0,0.999999881],"scale":1,"type":"tree_douglasfir_chopped"}
{"pos":[-55.3333931,-290.077423,263.936371],"rotationMatrix":[0.746950388,-0.66487962,0,0.66487962,0.746950388,0,0,0,0.999999881],"scale":1,"type":"tree_douglasfir_chopped"}
{"pos":[-54.5600014,-260.534393,263.99231],"rotationMatrix":[0.659389973,0.751801074,0,-0.751801074,0.659389973,0,0,0,0.999999881],"scale":1,"type":"tree_douglasfir_chopped"}
{"pos":[-59.4866676,-261.110382,263.99231],"rotationMatrix":[0.481653482,-0.876361668,0,0.876361668,0.481653482,0,0,0,0.999999881],"scale":1,"type":"tree_douglasfir_chopped"}
{"pos":[-65.4620438,-261.773041,263.99231],"rotationMatrix":[0.984157383,0.17729643,0,-0.17729643,0.984157383,0,0,0,0.999999881],"scale":1,"type":"tree_douglasfir_chopped"}
{"pos":[-80.1778793,-261.323578,263.99231],"rotationMatrix":[0.920391977,-0.390996724,0,0.390996724,0.920391977,0,0,0,0.999999881],"scale":1,"type":"tree_douglasfir_chopped"}
{"pos":[-86.6168137,-263.46936,263.99231],"rotationMatrix":[-0.845011055,-0.534748852,0,0.534748852,-0.845011055,0,0,0,0.999999881],"scale":1,"type":"tree_douglasfir_chopped"}
{"pos":[-92.5491791,-262.502594,263.99231],"rotationMatrix":[0.999978602,-0.00652336609,0,0.00652336609,0.999978602,0,0,0,0.999999881],"scale":1,"type":"tree_douglasfir_chopped"}
{"pos":[-98.0677032,-262.340454,263.99231],"rotationMatrix":[-0.242508411,-0.970149219,0,0.970149219,-0.242508411,0,0,0,0.999999881],"scale":1,"type":"tree_douglasfir_chopped"}
{"pos":[-106.892151,-260.234436,263.99231],"rotationMatrix":[-0.34002474,-0.940416396,0,0.940416396,-0.34002474,0,0,0,0.999999881],"scale":1,"type":"tree_douglasfir_chopped"}
{"pos":[-115.701103,-263.624786,263.99231],"rotationMatrix":[0.982775152,-0.184804663,0,0.184804663,0.982775152,0,0,0,0.999999881],"scale":1,"type":"tree_douglasfir_chopped"}
{"pos":[-122.149994,-263.905396,263.99231],"rotationMatrix":[-0.160416961,0.987049282,0,-0.987049282,-0.160416961,0,0,0,0.999999881],"scale":1,"type":"tree_douglasfir_chopped"}
{"pos":[-69.478157,-263.078033,264.000641],"rotationMatrix":[-0.202745169,0.979231417,0,-0.979231417,-0.202745169,0,0,0,0.999999881],"scale":1,"type":"tree_douglasfir_chopped"}
{"pos":[-63.4902916,-263.976746,263.991943],"rotationMatrix":[0.986525834,0.163605317,0,-0.163605317,0.986525834,0,0,0,0.999999881],"scale":1,"type":"tree_douglasfir_chopped"}
{"pos":[-123.800896,-260.835052,263.99231],"rotationMatrix":[-0.987458169,0.157880068,0,-0.157880068,-0.987458169,0,0,0,0.999999881],"scale":1,"type":"tree_douglasfir_chopped"}
{"pos":[-139.185394,-265.260406,263.99231],"rotationMatrix":[-0.661803186,-0.74967742,0,0.74967742,-0.661803186,0,0,0,0.999999881],"scale":1,"type":"tree_douglasfir_chopped"}
{"pos":[-156.08728,-264.036438,263.99231],"rotationMatrix":[-0.87631619,-0.481736422,0,0.481736422,-0.87631619,0,0,0,0.999999881],"scale":1,"type":"tree_douglasfir_chopped"}
{"pos":[-165.483444,-260.729645,263.99231],"rotationMatrix":[0.871651947,-0.490125209,0,0.490125209,0.871651947,0,0,0,0.999999881],"scale":1,"type":"tree_douglasfir_chopped"}
{"pos":[-175.125565,-261.348999,263.99231],"rotationMatrix":[0.740755141,0.671775103,0,-0.671775103,0.740755141,0,0,0,0.999999881],"scale":1,"type":"tree_douglasfir_chopped"}
{"pos":[-177.702744,-263.049683,263.99231],"rotationMatrix":[-0.200284511,-0.979737699,0,0.979737699,-0.200284511,0,0,0,0.999999881],"scale":1,"type":"tree_douglasfir_chopped"}
{"pos":[-188.715012,-261.205383,263.99231],"rotationMatrix":[-0.997255027,-0.0740418732,0,0.0740418732,-0.997255027,0,0,0,0.999999881],"scale":1,"type":"tree_douglasfir_chopped"}
{"pos":[-196.445862,-261.988037,263.99231],"rotationMatrix":[-0.718269348,0.695764899,0,-0.695764899,-0.718269348,0,0,0,0.999999881],"scale":1,"type":"tree_douglasfir_chopped"}
{"pos":[-203.367828,-264.072449,263.99231],"rotationMatrix":[-0.933221459,0.359301627,0,-0.359301627,-0.933221459,0,0,0,0.999999881],"scale":1,"type":"tree_douglasfir_chopped"}
{"pos":[-210.218384,-261.774353,263.99231],"rotationMatrix":[-0.515801013,-0.856708407,0,0.856708407,-0.515801013,0,0,0,0.999999881],"scale":1,"type":"tree_douglasfir_chopped"}
{"pos":[-222.013443,-261.302826,263.99231],"rotationMatrix":[0.919337034,-0.393470645,0,0.393470645,0.919337034,0,0,0,0.999999881],"scale":1,"type":"tree_douglasfir_chopped"}
{"pos":[-223.354309,-263.62616,263.99231],"rotationMatrix":[0.779779732,-0.62605381,0,0.62605381,0.779779732,0,0,0,0.999999881],"scale":1,"type":"tree_douglasfir_chopped"}
{"pos":[-229.596954,-264.515533,263.99231],"rotationMatrix":[-0.323364675,-0.94627434,0,0.94627434,-0.323364675,0,0,0,0.999999881],"scale":1,"type":"tree_douglasfir_chopped"}
{"pos":[-235.721848,-262.360352,264.199982],"rotationMatrix":[-0.860122263,0.510087609,0,-0.510087609,-0.860122263,0,0,0,0.999999881],"scale":1,"type":"tree_douglasfir_chopped"}
{"pos":[-238.177841,-262.265289,264.170166],"rotationMatrix":[-0.668488145,-0.743722737,0,0.743722737,-0.668488145,0,0,0,0.999999881],"scale":1,"type":"tree_douglasfir_chopped"}
{"pos":[-248.318909,-261.003448,263.993622],"rotationMatrix":[-0.761617124,0.648027241,0,-0.648027241,-0.761617124,0,0,0,0.999999881],"scale":1,"type":"tree_douglasfir_chopped"}
{"pos":[-256.524506,-262.437195,263.99231],"rotationMatrix":[0.218596727,0.975815237,0,-0.975815237,0.218596727,0,0,0,0.999999881],"scale":1,"type":"tree_douglasfir_chopped"}
{"pos":[-252.439896,-267.421326,263.99231],"rotationMatrix":[0.42222628,-0.906490326,0,0.906490326,0.42222628,0,0,0,0.999999881],"scale":1,"type":"tree_douglasfir_chopped"}
{"pos":[-265.87326,-260.766205,263.99231],"rotationMatrix":[-0.0975242034,-0.995232999,0,0.995232999,-0.0975242034,0,0,0,0.999999881],"scale":1,"type":"tree_douglasfir_chopped"}
{"pos":[-272.09726,-261.418732,263.99231],"rotationMatrix":[-0.996707261,-0.0810830221,0,0.0810830221,-0.996707261,0,0,0,0.999999881],"scale":1,"type":"tree_douglasfir_chopped"}
{"pos":[-277.701843,-263.62439,263.99231],"rotationMatrix":[-0.231436685,-0.972849905,0,0.972849905,-0.231436685,0,0,0,0.999999881],"scale":1,"type":"tree_douglasfir_chopped"}
{"pos":[-285.767029,-263.082611,263.99231],"rotationMatrix":[0.922065079,-0.387034506,0,0.387034506,0.922065079,0,0,0,0.999999881],"scale":1,"type":"tree_douglasfir_chopped"}
{"pos":[-286.520233,-266.84549,263.99231],