{"pos":[343.364807,87.2187958,258.18042],"rotationMatrix":[-0.0561750308,0.998420775,0,-0.998420775,-0.0561750308,0,0,0,0.999999881],"scale":1.15786839,"type":"tree_aspen_small_b"}
{"pos":[327.263977,101.03273,256.924042],"rotationMatrix":[0.233249485,0.972416937,0,-0.972416937,0.233249485,0,0,0,0.999999881],"scale":1.19876981,"type":"tree_aspen_small_b"}
{"pos":[277.186981,122.710281,254.709778],"rotationMatrix":[-0.104046844,-0.994572341,0,0.994572341,-0.104046844,0,0,0,0.999999881],"scale":1.342713,"type":"tree_aspen_small_b"}
{"pos":[163.062439,67.3980637,254.265076],"rotationMatrix":[0.666219234,0.74575597,0,-0.74575597,0.666219234,0,0,0,0.999999881],"scale":1.08014715,"type":"tree_aspen_small_b"}
{"pos":[197.987915,68.8300629,253.963501],"rotationMatrix":[-0.949170768,0.3147614,0,-0.3147614,-0.949170768,0,0,0,0.999999881],"scale":1.20996761,"type":"tree_aspen_small_b"}
{"pos":[410.611176,85.3568344,250.074829],"rotationMatrix":[0.205046475,0.978752196,0,-0.978752196,0.205046475,0,0,0,0.999999881],"scale":1.19979298,"type":"tree_aspen_small_b"}
