{"pos":[720.807922,-95.2763519,51.8101654],"rotationMatrix":[-0.595620513,-0.80326581,0,0.80326581,-0.595620513,0,0,0,0.999999881],"scale":1.12530446,"type":"tree_aspen_small_low_group"}
