{"pos":[756.499207,-80.9034882,51.8685074],"rotationMatrix":[-0.00622155564,0.999980569,0,-0.999980569,-0.00622155564,0,0,0,0.999999881],"scale":1.04562044,"type":"tree_oak_forest_b"}
{"pos":[712.558655,1.70261097,50.8915024],"rotationMatrix":[0.0842616856,0.99644357,0,-0.99644357,0.0842616856,0,0,0,0.999999881],"scale":1.11617684,"type":"tree_oak_forest_b"}
{"pos":[787.477112,-94.8370209,56.5198441],"rotationMatrix":[-0.696247995,0.717801213,0,-0.717801213,-0.696247995,0,0,0,0.999999881],"scale":0.946856678,"type":"tree_oak_forest_b"}
{"pos":[780.968079,-96.9336319,55.8500328],"rotationMatrix":[0.999316454,-0.0369657986,0,0.0369657986,0.999316454,0,0,0,0.999999881],"scale":0.938403726,"type":"tree_oak_forest_b"}
{"pos":[769.417053,-118.826111,58.2200661],"rotationMatrix":[-0.2578035,0.966197252,0,-0.966197252,-0.2578035,0,0,0,0.999999881],"scale":1.05861807,"type":"tree_oak_forest_b"}
{"pos":[706.08313,43.518364,54.6454887],"rotationMatrix":[0.320821226,0.94713974,0,-0.94713974,0.320821226,0,0,0,0.999999881],"scale":1.00799704,"type":"tree_oak_forest_b"}
{"pos":[809.971375,-73.2891998,52.7827797],"rotationMatrix":[-0.17995593,-0.983674586,0,0.983674586,-0.17995593,0,-0,0,0.999999881],"scale":0.983980834,"type":"tree_oak_forest_b"}
{"pos":[812.889954,-87.767868,57.5193443],"rotationMatrix":[0.764387667,-0.644756794,0,0.644756794,0.764387667,0,-0,0,0.999999881],"scale":0.97694093,"type":"tree_oak_forest_b"}
{"pos":[824.361328,-98.0754242,57.3597412],"rotationMatrix":[-0.886870861,-0.462017387,0,0.462017387,-0.886870861,0,-0,0,0.999999881],"scale":1.02153289,"type":"tree_oak_forest_b"}
{"pos":[826.204041,-125.11628,57.9543953],"rotationMatrix":[0.985076189,-0.172118276,0,0.172118276,0.985076189,0,-0,0,0.999999881],"scale":0.986126542,"type":"tree_oak_forest_b"}
{"pos":[840.000061,-132.675964,63.8943176],"rotationMatrix":[0.210016757,-0.97769767,0,0.97769767,0.210016757,0,-0,0,0.999999881],"scale":1.18625796,"type":"tree_oak_forest_b"}
{"pos":[754.49762,-208.798538,63.469017],"rotationMatrix":[-0.959019721,-0.283339441,0,0.283339441,-0.959019721,0,-0,0,0.999999881],"scale":1.14426434,"type":"tree_oak_forest_b"}
{"pos":[783.21283,-201.151169,70.2946472],"rotationMatrix":[-0.297843516,-0.954614639,0,0.954614639,-0.297843516,0,-0,0,0.999999881],"scale":0.950388193,"type":"tree_oak_forest_b"}
{"pos":[760.461853,-231.066055,69.872261],"rotationMatrix":[0.574584901,-0.818444848,0,0.818444848,0.574584901,0,-0,0,0.999999881],"scale":0.919351578,"type":"tree_oak_forest_b"}
{"pos":[701.979553,-215.178818,61.4896393],"rotationMatrix":[-0.228456467,0.973554075,-0,-0.973554075,-0.228456467,0,-0,0,0.999999881],"scale":1.00083554,"type":"tree_oak_forest_b"}
{"pos":[726.477234,-235.073044,66.213829],"rotationMatrix":[0.889594913,0.456750333,0,-0.456750333,0.889594913,-0,-0,0,0.999999881],"scale":0.912292004,"type":"tree_oak_forest_b"}
