{"pos":[-6.35154152,-21.1591225,250.052155],"rotationMatrix":[0.164996043,0.98629421,0,-0.98629421,0.164996043,-0,-0,0,0.999999881],"scale":0.911773264,"type":"tree_aspen_bush_c"}
{"pos":[-1.19994247,-20.1706238,249.554184],"rotationMatrix":[0.393701762,0.919238269,0,-0.919238269,0.393701762,-0,-0,0,0.999999881],"scale":1.04784727,"type":"tree_aspen_bush_c"}
