{"pos":[-625.373169,309.271942,233.904572],"rotationMatrix":[0.971315444,0.237794384,0,-0.237794384,0.971315444,0,0,0,0.999999881],"scale":0.724034011,"type":"tree_beech_large_c"}
{"pos":[512.140137,171.858109,292.106812],"rotationMatrix":[0.991528153,0.129891738,0,-0.129891738,0.991528153,0,0,0,0.999999881],"scale":0.934473574,"type":"tree_beech_large_c"}
