{"pos":[343.364807,87.2187958,258.18042],"rotationMatrix":[-0.0561750308,0.998420775,0,-0.998420775,-0.0561750308,0,0,0,0.999999881],"scale":1.15786839,"type":"tree_aspen_small_b"}
{"pos":[327.263977,101.03273,256.924042],"rotationMatrix":[0.233249485,0.972416937,0,-0.972416937,0.233249485,0,0,0,0.999999881],"scale":1.19876981,"type":"tree_aspen_small_b"}
{"pos":[277.186981,122.710281,254.709778],"rotationMatrix":[-0.104046844,-0.994572341,0,0.994572341,-0.104046844,0,0,0,0.999999881],"scale":1.342713,"type":"tree_aspen_small_b"}
{"pos":[163.062439,67.3980637,254.265076],"rotationMatrix":[0.666219234,0.74575597,0,-0.74575597,0.666219234,0,0,0,0.999999881],"scale":1.08014715,"type":"tree_aspen_small_b"}
{"pos":[197.987915,68.8300629,253.963501],"rotationMatrix":[-0.949170768,0.3147614,0,-0.3147614,-0.949170768,0,0,0,0.999999881],"scale":1.20996761,"type":"tree_aspen_small_b"}
{"pos":[410.611176,85.3568344,250.074829],"rotationMatrix":[0.205046475,0.978752196,0,-0.978752196,0.205046475,0,0,0,0.999999881],"scale":1.19979298,"type":"tree_aspen_small_b"}
{"pos":[344.064575,234.246658,263.249573],"rotationMatrix":[-0.597518265,0.801855087,0,-0.801855087,-0.597518265,0,0,0,0.999999881],"scale":1.1482091,"type":"tree_aspen_small_b"}
{"pos":[360.059448,227.795563,263.860901],"rotationMatrix":[0.807191014,0.590290308,0,-0.590290308,0.807191014,0,0,0,0.999999881],"scale":1.07417762,"type":"tree_aspen_small_b"}
{"pos":[415.490631,110.556465,259.022125],"rotationMatrix":[-0.832408965,-0.554161668,0,0.554161668,-0.832408965,0,0,0,0.999999881],"scale":1.34843659,"type":"tree_aspen_small_b"}
{"pos":[405.424561,142.916092,259.987915],"rotationMatrix":[-0.117076054,-0.993122876,0,0.993122876,-0.117076054,0,0,0,0.999999881],"scale":1.49377036,"type":"tree_aspen_small_b"}
{"pos":[401.908783,140.910568,260.878815],"rotationMatrix":[0.888203859,0.4594495,0,-0.4594495,0.888203859,0,0,0,0.999999881],"scale":1.06804478,"type":"tree_aspen_small_b"}
{"pos":[378.474701,169.754395,263.325134],"rotationMatrix":[-0.983521163,0.18079266,0,-0.18079266,-0.983521163,0,0,0,0.999999881],"scale":1.02502227,"type":"tree_aspen_small_b"}
{"pos":[371.943604,175.96315,263.502899],"rotationMatrix":[-0.851945877,-0.523629665,0,0.523629665,-0.851945877,0,0,0,0.999999881],"scale":1.30719042,"type":"tree_aspen_small_b"}
{"pos":[371.470856,185.185303,263.914307],"rotationMatrix":[-0.356108218,0.934444606,0,-0.934444606,-0.356108218,0,0,0,0.999999881],"scale":1.151402,"type":"tree_aspen_small_b"}
{"pos":[369.142181,202.780807,263.878693],"rotationMatrix":[-0.467583388,-0.883948803,0,0.883948803,-0.467583388,0,0,0,0.999999881],"scale":1.15455842,"type":"tree_aspen_small_b"}
{"pos":[402.694092,171.324524,260.289642],"rotationMatrix":[0.988416731,-0.151763454,0,0.151763454,0.988416731,0,0,0,0.999999881],"scale":1.15282917,"type":"tree_aspen_small_b"}
{"pos":[417.238068,175.76886,259.760529],"rotationMatrix":[-0.280628532,0.959816337,0,-0.959816337,-0.280628532,0,0,0,0.999999881],"scale":1.26078534,"type":"tree_aspen_small_b"}
{"pos":[401.506104,162.331467,260.113861],"rotationMatrix":[-0.411650598,-0.911341667,0,0.911341667,-0.411650598,0,0,0,0.999999881],"scale":1.02306831,"type":"tree_aspen_small_b"}
{"pos":[396.91803,169.187653,260.545837],"rotationMatrix":[-0.924104989,0.382138401,0,-0.382138401,-0.924104989,0,0,0,0.999999881],"scale":1.48907638,"type":"tree_aspen_small_b"}
{"pos":[458.807343,95.8547363,263.599335],"rotationMatrix":[0.977663815,-0.210174546,0,0.210174546,0.977663815,0,0,0,0.999999881],"scale":1.32545757,"type":"tree_aspen_small_b"}
{"pos":[460.745789,64.0557632,263.909393],"rotationMatrix":[0.859347701,0.511391699,0,-0.511391699,0.859347701,0,0,0,0.999999881],"scale":1.41394055,"type":"tree_aspen_small_b"}
{"pos":[459.924377,68.2121506,263.721008],"rotationMatrix":[-0.85147965,0.524387419,0,-0.524387419,-0.85147965,0,0,0,0.999999881],"scale":1.09174228,"type":"tree_aspen_small_b"}
{"pos":[253.709747,74.6070938,253.970581],"rotationMatrix":[-0.570514143,-0.821287632,0,0.821287632,-0.570514143,0,0,0,0.999999881],"scale":1.37137771,"type":"tree_aspen_small_b"}
{"pos":[-133.229156,-33.5623016,255.894623],"rotationMatrix":[0.517935395,-0.855419576,0,0.855419576,0.517935395,0,-0,0,0.999999881],"scale":1.36072016,"type":"tree_aspen_small_b"}
{"pos":[-155.423126,-36.6361847,255.830597],"rotationMatrix":[0.545643747,0.838017225,0,-0.838017225,0.545643747,-0,-0,0,0.999999881],"scale":1.11969709,"type":"tree_aspen_small_b"}
{"pos":[-136.748215,-65.631012,255.765594],"rotationMatrix":[0.920123518,-0.391628057,0,0.391628057,0.920123518,0,-0,0,0.999999881],"scale":1.18937492,"type":"tree_aspen_small_b"}
{"pos":[-170.298355,-43.5242233,255.787888],"rotationMatrix":[-0.948770821,0.315964848,-0,-0.315964848,-0.948770821,0,-0,0,0.999999881],"scale":1.30896449,"type":"tree_aspen_small_b"}
{"pos":[-182.116531,-56.0923309,255.993011],"rotationMatrix":[-0.976158798,-0.217057183,0,0.217057183,-0.976158798,0,-0,0,0.999999881],"scale":1.20512319,"type":"tree_aspen_small_b"}
{"pos":[-216.454086,-64.3248444,255.707001],"rotationMatrix":[0.946003199,-0.32415697,0,0.32415697,0.946003199,0,-0,0,0.999999881],"scale":1.04161596,"type":"tree_aspen_small_b"}
{"pos":[-223.938553,-60.950901,255.869232],"rotationMatrix":[-0.27532348,0.961351514,-0,-0.961351514,-0.27532348,0,-0,0,0.999999881],"scale":1.24437141,"type":"tree_aspen_small_b"}
{"pos":[-226.90181,-46.5218506,255.762253],"rotationMatrix":[0.571345508,0.820709586,0,-0.820709586,0.571345508,-0,-0,0,0.999999881],"scale":1.32217383,"type":"tree_aspen_small_b"}
{"pos":[-238.625412,-47.3627548,255.664444],"rotationMatrix":[-0.980810225,0.194964662,-0,-0.194964662,-0.980810225,0,-0,0,0.999999881],"scale":1.23567128,"type":"tree_aspen_small_b"}
{"pos":[-194.971893,-69.8914871,255.672974],"rotationMatrix":[-0.780117929,0.625632226,-0,-0.625632226,-0.780117929,0,-0,0,0.999999881],"scale":1.10804808,"type":"tree_aspen_small_b"}
{"pos":[-192.429489,-70.8998947,255.669495],"rotationMatrix":[0.483211637,0.8755036,0,-0.8755036,0.483211637,-0,-0,0,0.999999881],"scale":1.06211638,"type":"tree_aspen_small_b"}
{"pos":[-187.33905,-67.7070847,255.850845],"rotationMatrix":[-0.999579251,-0.0290020853,0,0.0290020853,-0.999579251,0,-0,0,0.999999881],"scale":1.17095184,"type":"tree_aspen_small_b"}
{"pos":[-252.790939,13.5010452,251.112732],"rotationMatrix":[0.957709372,-0.287737042,0,0.287737042,0.957709372,0,-0,0,0.999999881],"scale":1.46114194,"type":"tree_aspen_small_b"}
{"pos":[-192.073853,-1.99428296,249.763779],"rotationMatrix":[-0.265343994,0.964153707,-0,-0.964153707,-0.265343994,0,-0,0,0.999999881],"scale":1.38214934,"type":"tree_aspen_small_b"}
{"pos":[-290.039673,0.501906395,254.968079],"rotationMatrix":[0.760466158,-0.649377406,0,0.649377406,0.760466158,0,-0,0,0.999999881],"scale":1.29216552,"type":"tree_aspen_small_b"}
{"pos":[-303.318878,-9.14409256,256.782074],"rotationMatrix":[-0.788891971,-0.614531815,0,0.614531815,-0.788891971,0,-0,0,0.999999881],"scale":1.24070358,"type":"tree_aspen_small_b"}
{"pos":[-301.388916,2.85023785,255.992264],"rotationMatrix":[-0.962125719,-0.272606164,0,0.272606164,-0.962125719,0,-0,0,0.999999881],"scale":1.03873909,"type":"tree_aspen_small_b"}
{"pos":[-310.80954,-2.37228107,257.063934],"rotationMatrix":[-0.983515799,0.180821732,-0,-0.180821732,-0.983515799,0,-0,0,0.999999881],"scale":1.19041443,"type":"tree_aspen_small_b"}
{"pos":[-324.486145,9.59656811,257.254364],"rotationMatrix":[0.971540153,0.236874446,0,-0.236874446,0.971540153,-0,-0,0,0.999999881],"scale":1.31270742,"type":"tree_aspen_small_b"}
{"pos":[-327.593414,-2.40721703,258.619629],"rotationMatrix":[0.964320302,0.264737993,0,-0.264737993,0.964320302,-0,-0,0,0.999999881],"scale":1.43941462,"type":"tree_aspen_small_b"}
{"pos":[-332.432861,9.14636135,257.84082],"rotationMatrix":[0.976334989,0.216263637,0,-0.216263637,0.976334989,-0,-0,0,0.999999881],"scale":1.09095204,"type":"tree_aspen_small_b"}
{"pos":[-361.642517,-8.77070808,261.688385],