{"pos":[-2.21760011,-416.321014,54.0644989],"rotationMatrix":[0.417037487,0.906019509,-0.0725454986,-0.892650545,0.423299551,0.155069098,0.171199501,8.08984041e-05,0.985237062],"scale":1.09650004,"type":"tree_oak_dead_a"}
{"pos":[-18.2521992,-377.06601,49.1257019],"rotationMatrix":[-0.564326763,-0.825498939,0,0.825498939,-0.564326763,0,0,0,1],"scale":0.837199986,"type":"tree_oak_dead_a"}
{"pos":[466.373138,-927.60968,21.4250069],"rotationMatrix":[-0.766506016,-0.642237186,0,0.642237186,-0.766506016,0,0,0,1],"scale":1.46716666,"type":"tree_oak_dead_a"}
{"pos":[-821.24231,873.794556,32.895153],"rotationMatrix":[-0.766537368,-0.64220053,0,0.64220053,-0.766537368,0,0,0,1],"scale":1.89951432,"type":"tree_oak_dead_a"}
{"pos":[-25.1932926,-813.505066,13.9984131],"rotationMatrix":[-0.991296291,-0.131649971,0,0.131649971,-0.991296291,0,0,0,1],"scale":0.964745402,"type":"tree_oak_dead_a"}
