{"pos":[76.9882278,392.1203,256.090668],"rotationMatrix":[0.435287118,0.900290728,0.000962495804,-0.825186908,0.398546755,0.4002828,0.359987378,-0.175032243,0.916390657],"scale":0.678666532,"type":"tree_beech_dead_b"}
