{"pos":[224.209641,45.5814285,252.777939],"rotationMatrix":[0.999963045,0.00858755596,0,-0.00858755596,0.999963045,0,0,0,0.999999881],"scale":0.965409398,"type":"tree_oak_forest_b"}
{"pos":[222.587952,96.1840439,254.273926],"rotationMatrix":[0.835574031,0.549377859,0,-0.549377859,0.835574031,0,0,0,0.999999881],"scale":1.02437758,"type":"tree_oak_forest_b"}
{"pos":[243.340729,132.276016,253.079437],"rotationMatrix":[0.998582125,-0.0532313697,0,0.0532313697,0.998582125,0,0,0,0.999999881],"scale":1.07739019,"type":"tree_oak_forest_b"}
{"pos":[191.325836,164.779999,253.602188],"rotationMatrix":[-0.299897581,-0.953971326,0,0.953971326,-0.299897581,0,0,0,0.999999881],"scale":0.999561667,"type":"tree_oak_forest_b"}
{"pos":[208.012802,173.490173,254.186569],"rotationMatrix":[0.99862963,-0.0523317121,0,0.0523317121,0.99862963,0,0,0,0.999999881],"scale":1.03641081,"type":"tree_oak_forest_b"}
{"pos":[209.447037,177.185562,253.435074],"rotationMatrix":[0.142346546,-0.989816785,0,0.989816785,0.142346546,0,0,0,0.999999881],"scale":1.17745173,"type":"tree_oak_forest_b"}
{"pos":[393.837616,26.673933,249.831436],"rotationMatrix":[0.999662161,0.025987383,0,-0.025987383,0.999662161,0,0,0,0.999999881],"scale":1.00874805,"type":"tree_oak_forest_b"}
{"pos":[351.061676,243.17276,262.46936],"rotationMatrix":[-0.855379522,0.518001556,0,-0.518001556,-0.855379522,0,0,0,0.999999881],"scale":1.1307137,"type":"tree_oak_forest_b"}
{"pos":[349.778351,237.424118,262.176208],"rotationMatrix":[0.462208539,-0.886771262,0,0.886771262,0.462208539,0,0,0,0.999999881],"scale":1.08938432,"type":"tree_oak_forest_b"}
{"pos":[319.70401,215.083084,263.943756],"rotationMatrix":[0.997287929,0.0735978782,0,-0.0735978782,0.997287929,0,0,0,0.999999881],"scale":0.905855656,"type":"tree_oak_forest_b"}
{"pos":[383.089813,158.228409,262.815979],"rotationMatrix":[0.786695063,0.617341816,0,-0.617341816,0.786695063,0,0,0,0.999999881],"scale":0.931328535,"type":"tree_oak_forest_b"}
{"pos":[385.071198,159.567917,262.343323],"rotationMatrix":[-0.997142375,0.0755439252,0,-0.0755439252,-0.997142375,0,0,0,0.999999881],"scale":0.958516121,"type":"tree_oak_forest_b"}
{"pos":[408.838074,201.169312,263.797516],"rotationMatrix":[-0.523917973,-0.851768672,0,0.851768672,-0.523917973,0,0,0,0.999999881],"scale":1.04124701,"type":"tree_oak_forest_b"}
{"pos":[374.941437,182.996857,263.777557],"rotationMatrix":[-0.438792914,-0.898588061,0,0.898588061,-0.438792914,0,0,0,0.999999881],"scale":1.01131105,"type":"tree_oak_forest_b"}
{"pos":[413.777802,170.418686,258.590393],"rotationMatrix":[-0.72566998,0.688042819,0,-0.688042819,-0.72566998,0,0,0,0.999999881],"scale":0.935495496,"type":"tree_oak_forest_b"}
{"pos":[414.314453,165.903473,258.208435],"rotationMatrix":[-0.135845453,-0.990729988,0,0.990729988,-0.135845453,0,0,0,0.999999881],"scale":1.01540732,"type":"tree_oak_forest_b"}
{"pos":[410.869324,163.366608,258.904266],"rotationMatrix":[0.728127837,0.685441315,0,-0.685441315,0.728127837,0,0,0,0.999999881],"scale":1.11614454,"type":"tree_oak_forest_b"}
{"pos":[399.53064,155.785751,260.078094],"rotationMatrix":[-0.927407742,0.374051929,0,-0.374051929,-0.927407742,0,0,0,0.999999881],"scale":1.03814673,"type":"tree_oak_forest_b"}
{"pos":[346.502106,204.617386,263.484436],"rotationMatrix":[-0.328051567,-0.94465971,0,0.94465971,-0.328051567,0,0,0,0.999999881],"scale":0.990792751,"type":"tree_oak_forest_b"}
{"pos":[439.86441,61.168808,257.294067],"rotationMatrix":[-0.0352982469,-0.999376714,0,0.999376714,-0.0352982469,0,0,0,0.999999881],"scale":1.04917777,"type":"tree_oak_forest_b"}
{"pos":[472.807739,86.4192047,263.385284],"rotationMatrix":[-0.14923577,0.988801539,0,-0.988801539,-0.14923577,0,0,0,0.999999881],"scale":0.946688414,"type":"tree_oak_forest_b"}
{"pos":[-24.299057,-106.85659,254.148941],"rotationMatrix":[-0.474133581,0.880452812,0,-0.880452812,-0.474133581,0,0,0,0.999999881],"scale":1.16047502,"type":"tree_oak_forest_b"}
{"pos":[-202.839691,1.47529507,249.468918],"rotationMatrix":[-0.708758414,-0.70545131,0,0.70545131,-0.708758414,0,-0,0,0.999999881],"scale":1.17982006,"type":"tree_oak_forest_b"}
{"pos":[-202.909363,-2.56546688,249.126358],"rotationMatrix":[-0.433470815,0.901167452,-0,-0.901167452,-0.433470815,0,-0,0,0.999999881],"scale":1.07510233,"type":"tree_oak_forest_b"}
{"pos":[-217.390518,2.61310387,249.453796],"rotationMatrix":[-0.624137521,0.781314254,-0,-0.781314254,-0.624137521,0,-0,0,0.999999881],"scale":0.932741344,"type":"tree_oak_forest_b"}
{"pos":[-217.187042,-0.504769802,249.454681],"rotationMatrix":[0.979591191,-0.200999632,0,0.200999632,0.979591191,0,-0,0,0.999999881],"scale":1.16080678,"type":"tree_oak_forest_b"}
{"pos":[-223.304825,10.4464321,249.039291],"rotationMatrix":[0.876121223,-0.482090592,0,0.482090592,0.876121223,0,-0,0,0.999999881],"scale":1.19351232,"type":"tree_oak_forest_b"}
{"pos":[-227.407318,-62.9520645,255.772308],"rotationMatrix":[-0.423311919,0.905983865,-0,-0.905983865,-0.423311919,0,-0,0,0.999999881],"scale":1.0156877,"type":"tree_oak_forest_b"}
{"pos":[-211.189865,-49.80896,255.674606],"rotationMatrix":[0.999223888,0.0393892527,0,-0.0393892527,0.999223888,-0,-0,0,0.999999881],"scale":1.06222332,"type":"tree_oak_forest_b"}
{"pos":[-151.277344,-54.8350868,255.702774],"rotationMatrix":[0.554898322,0.83191818,0,-0.83191818,0.554898322,-0,-0,0,0.999999881],"scale":1.15943217,"type":"tree_oak_forest_b"}
{"pos":[-109.538322,-78.9869995,255.624969],"rotationMatrix":[-0.995297015,0.096869044,-0,-0.096869044,-0.995297015,0,-0,0,0.999999881],"scale":1.18519032,"type":"tree_oak_forest_b"}
{"pos":[-317.113739,0.385565758,256.807892],"rotationMatrix":[0.687356114,0.726320565,0,-0.726320565,0.687356114,-0,-0,0,0.999999881],"scale":0.908728063,"type":"tree_oak_forest_b"}
{"pos":[-340.564697,4.47093582,257.812592],"rotationMatrix":[-0.223738685,-0.974649131,0,0.974649131,-0.223738685,0,-0,0,0.999999881],"scale":0.972575366,"type":"tree_oak_forest_b"}
{"pos":[-446.646851,12.2160015,261.713837],"rotationMatrix":[-0.985573471,0.169247583,-0,-0.169247583,-0.985573471,0,-0,0,0.999999881],"scale":0.925629437,"type":"tree_oak_forest_b"}
{"pos":[-471.411255,-152.853745,261.113892],"rotationMatrix":[0.886559367,-0.462614626,0,0.462614626,0.886559367,0,-0,0,0.999999881],"scale":0.998224735,"type":"tree_oak_forest_b"}
