{"pos":[758.440308,-99.8371811,52.5720062],"rotationMatrix":[-0.741590381,-0.67085278,0,0.67085278,-0.741590381,0,0,0,0.999999881],"scale":1.47940564,"type":"tree_aspen_small_c"}
{"pos":[777.553833,-76.7644119,53.3501587],"rotationMatrix":[0.422087103,-0.906555235,0,0.906555235,0.422087103,0,0,0,0.999999881],"scale":1.49003148,"type":"tree_aspen_small_c"}
{"pos":[764.252319,-124.857407,58.2816734],"rotationMatrix":[0.894206762,-0.44765386,0,0.44765386,0.894206762,0,0,0,0.999999881],"scale":1.43347335,"type":"tree_aspen_small_c"}
{"pos":[768.42572,-124.130577,58.5690079],"rotationMatrix":[-0.780882835,-0.6246773,0,0.6246773,-0.780882835,0,0,0,0.999999881],"scale":1.42669237,"type":"tree_aspen_small_c"}
{"pos":[774.860779,-129.518982,58.3021584],"rotationMatrix":[-0.997332752,-0.0729871169,0,0.0729871169,-0.997332752,0,0,0,0.999999881],"scale":1.44039154,"type":"tree_aspen_small_c"}
