{"pos":[776.457458,-79.0122528,53.681015],"rotationMatrix":[0.808027983,-0.589143932,0,0.589143932,0.808027983,0,0,0,0.999999881],"scale":0.725314975,"type":"tree_oak_bush_a"}
{"pos":[754.276428,-84.6121902,51.9287109],"rotationMatrix":[-0.964708626,-0.263319224,0,0.263319224,-0.964708626,0,0,0,0.999999881],"scale":0.871765673,"type":"tree_oak_bush_a"}
{"pos":[757.612732,-91.2887955,52.1283455],"rotationMatrix":[-0.978453159,-0.206468746,0,0.206468746,-0.978453159,0,0,0,0.999999881],"scale":0.855475724,"type":"tree_oak_bush_a"}
{"pos":[778.869324,-110.966324,58.0499268],"rotationMatrix":[-0.296230555,-0.955116391,0,0.955116391,-0.296230555,0,0,0,0.999999881],"scale":1.20519674,"type":"tree_oak_bush_a"}
{"pos":[782.519531,-104.442871,58.0499268],"rotationMatrix":[0.959988415,0.280039459,0,-0.280039459,0.959988415,0,0,0,0.999999881],"scale":1.05258965,"type":"tree_oak_bush_a"}
{"pos":[754.060303,-92.3173294,54.7990036],"rotationMatrix":[-0.987007082,0.160675853,0,-0.160675853,-0.987007082,0,0,0,0.999999881],"scale":0.982183576,"type":"tree_oak_bush_a"}
{"pos":[731.801086,-118.727646,58.0499268],"rotationMatrix":[-0.570268571,0.821458101,0,-0.821458101,-0.570268571,0,0,0,0.999999881],"scale":0.711817324,"type":"tree_oak_bush_a"}
{"pos":[739.469238,-116.598869,57.5404854],"rotationMatrix":[-0.142695978,-0.989766479,0,0.989766479,-0.142695978,0,0,0,0.999999881],"scale":0.825708151,"type":"tree_oak_bush_a"}
{"pos":[754.073486,-113.118393,57.9066658],"rotationMatrix":[0.982357562,-0.187011704,0,0.187011704,0.982357562,0,0,0,0.999999881],"scale":0.967724502,"type":"tree_oak_bush_a"}
{"pos":[755.280212,-115.059669,58.0499268],"rotationMatrix":[0.996071517,0.0885520279,0,-0.0885520279,0.996071517,0,0,0,0.999999881],"scale":1.06306589,"type":"tree_oak_bush_a"}
{"pos":[762.08551,-110.479912,57.9095802],"rotationMatrix":[0.17032069,-0.985388577,0,0.985388577,0.17032069,0,0,0,0.999999881],"scale":0.943501711,"type":"tree_oak_bush_a"}
{"pos":[768.170044,-110.123192,58.0499268],"rotationMatrix":[-0.837941766,-0.545759439,0,0.545759439,-0.837941766,0,0,0,0.999999881],"scale":0.713152349,"type":"tree_oak_bush_a"}
{"pos":[781.483582,-106.907608,58.0499268],"rotationMatrix":[-0.372377276,-0.928081334,0,0.928081334,-0.372377276,0,0,0,0.999999881],"scale":0.790536642,"type":"tree_oak_bush_a"}
{"pos":[786.943542,-101.003769,58.0499268],"rotationMatrix":[-0.688040912,0.725671768,0,-0.725671768,-0.688040912,0,0,0,0.999999881],"scale":0.712478459,"type":"tree_oak_bush_a"}
