{"pos":[725.865906,-55.6245117,51.11623],"rotationMatrix":[-0.976838529,0.213977441,0,-0.213977441,-0.976838529,0,0,0,0.999999881],"scale":1.2235378,"type":"tree_aspen_large_b"}
{"pos":[695.536011,-57.9354362,51.11623],"rotationMatrix":[-0.976838529,0.213977441,0,-0.213977441,-0.976838529,0,0,0,0.999999881],"scale":1.2235378,"type":"tree_aspen_large_b"}
{"pos":[752.703003,-66.2754669,51.11623],"rotationMatrix":[-0.976838529,0.213977441,0,-0.213977441,-0.976838529,0,0,0,0.999999881],"scale":1.2235378,"type":"tree_aspen_large_b"}
{"pos":[774.782104,-84.006897,53.0351982],"rotationMatrix":[0.996271551,0.0862714946,0,-0.0862714946,0.996271551,0,0,0,0.999999881],"scale":1.31015921,"type":"tree_aspen_large_b"}
{"pos":[657.832275,-156.140915,51.0233955],"rotationMatrix":[-0.976838529,0.213977441,0,-0.213977441,-0.976838529,0,0,0,0.999999881],"scale":1.2235378,"type":"tree_aspen_large_b"}
