{"pos":[767.186768,-131.163727,57.9725609],"rotationMatrix":[0.486026227,-0.873944104,0,0.873944104,0.486026227,0,0,0,0.999999881],"scale":0.964746952,"type":"tree_aspen_small_low"}
{"pos":[696.852356,69.1456451,54.5855103],"rotationMatrix":[-0.984036744,0.177964672,0,-0.177964672,-0.984036744,0,0,0,0.999999881],"scale":1.14879227,"type":"tree_aspen_small_low"}
{"pos":[801.346924,-20.6745796,51.9323196],"rotationMatrix":[-0.434202492,-0.900815248,0,0.900815248,-0.434202492,0,-0,0,0.999999881],"scale":0.920860648,"type":"tree_aspen_small_low"}
{"pos":[802.217834,-47.7228928,51.5111313],"rotationMatrix":[0.942373931,-0.33456105,0,0.33456105,0.942373931,0,-0,0,0.999999881],"scale":1.1941756,"type":"tree_aspen_small_low"}
{"pos":[831.307312,-113.502808,57.1446381],"rotationMatrix":[0.418425709,-0.908250928,0,0.908250928,0.418425709,0,-0,0,0.999999881],"scale":1.38860536,"type":"tree_aspen_small_low"}
{"pos":[790.80426,-118.617447,57.9795113],"rotationMatrix":[-0.851756036,-0.523938596,0,0.523938596,-0.851756036,0,-0,0,0.999999881],"scale":1.22222483,"type":"tree_aspen_small_low"}
{"pos":[718.710999,-164.861313,59.1643257],"rotationMatrix":[0.431923121,0.901910484,0,-0.901910484,0.431923121,-0,-0,0,0.999999881],"scale":1.22847533,"type":"tree_aspen_small_low"}
