{"pos":[351.841614,81.3121414,257.664429],"rotationMatrix":[0.0110146273,-0.999939263,0,0.999939263,0.0110146273,0,0,0,0.999999881],"scale":1.210783,"type":"tree_aspen_small_low"}
{"pos":[271.578156,132.821991,253.728851],"rotationMatrix":[-0.946587861,-0.322445899,0,0.322445899,-0.946587861,0,0,0,0.999999881],"scale":1.29628444,"type":"tree_aspen_small_low"}
{"pos":[238.108307,169.490509,253.307297],"rotationMatrix":[0.90616101,-0.422932655,0,0.422932655,0.90616101,0,0,0,0.999999881],"scale":1.33760536,"type":"tree_aspen_small_low"}
{"pos":[230.215729,187.804443,252.453949],"rotationMatrix":[0.955309808,0.295606285,0,-0.295606285,0.955309808,0,0,0,0.999999881],"scale":1.28210878,"type":"tree_aspen_small_low"}
{"pos":[179.217804,153.147629,253.418015],"rotationMatrix":[0.449942678,-0.893057406,0,0.893057406,0.449942678,0,0,0,0.999999881],"scale":0.996958315,"type":"tree_aspen_small_low"}
{"pos":[142.767929,93.3304291,254.005997],"rotationMatrix":[0.952436388,-0.30473727,0,0.30473727,0.952436388,0,0,0,0.999999881],"scale":1.04420269,"type":"tree_aspen_small_low"}
{"pos":[220.188141,101.502304,253.819977],"rotationMatrix":[0.741322517,0.671148956,0,-0.671148956,0.741322517,0,0,0,0.999999881],"scale":0.912728429,"type":"tree_aspen_small_low"}
{"pos":[414.734253,43.6836891,250.116943],"rotationMatrix":[-0.482278824,0.87601763,0,-0.87601763,-0.482278824,0,0,0,0.999999881],"scale":1.19085145,"type":"tree_aspen_small_low"}
{"pos":[415.075409,55.0878716,249.462463],"rotationMatrix":[0.976476371,0.215624392,0,-0.215624392,0.976476371,0,0,0,0.999999881],"scale":1.05789423,"type":"tree_aspen_small_low"}
{"pos":[413.003571,59.9628029,250.308151],"rotationMatrix":[0.985371649,-0.17041865,0,0.17041865,0.985371649,0,0,0,0.999999881],"scale":1.48286629,"type":"tree_aspen_small_low"}
{"pos":[314.44104,238.844223,255.019958],"rotationMatrix":[0.709182322,0.705025077,0,-0.705025077,0.709182322,0,0,0,0.999999881],"scale":1.3502264,"type":"tree_aspen_small_low"}
{"pos":[314.281189,247.52359,254.760971],"rotationMatrix":[0.735246837,-0.677799165,0,0.677799165,0.735246837,0,0,0,0.999999881],"scale":1.38267243,"type":"tree_aspen_small_low"}
{"pos":[280.293488,222.971298,248.87709],"rotationMatrix":[0.434383154,-0.900728047,0,0.900728047,0.434383154,0,0,0,0.999999881],"scale":1.23389554,"type":"tree_aspen_small_low"}
{"pos":[307.919708,203.642792,263.351685],"rotationMatrix":[-0.232833192,0.972516596,0,-0.972516596,-0.232833192,0,0,0,0.999999881],"scale":1.06611228,"type":"tree_aspen_small_low"}
{"pos":[186.99585,12.1534128,252.689026],"rotationMatrix":[-0.999784112,-0.0207732581,0,0.0207732581,-0.999784112,0,0,0,0.999999881],"scale":1.09702337,"type":"tree_aspen_small_low"}
{"pos":[88.4681702,-154.064865,257.294556],"rotationMatrix":[0.816687286,0.577080429,0,-0.577080429,0.816687286,0,0,0,0.999999881],"scale":1.1587007,"type":"tree_aspen_small_low"}
{"pos":[272.426025,159.115021,249.583954],"rotationMatrix":[0.9822492,0.187580258,0,-0.187580258,0.9822492,0,0,0,0.999999881],"scale":0.963473201,"type":"tree_aspen_small_low"}
{"pos":[-105.838875,-158.039154,272.201721],"rotationMatrix":[0.356939852,0.93412739,0,-0.93412739,0.356939852,0,0,0,0.999999881],"scale":1.46982467,"type":"tree_aspen_small_low"}
{"pos":[-107.841721,-53.9403343,255.181229],"rotationMatrix":[-0.627289891,-0.778785825,0,0.778785825,-0.627289891,0,-0,0,0.999999881],"scale":1.03811336,"type":"tree_aspen_small_low"}
{"pos":[-168.923264,-62.7168083,255.803665],"rotationMatrix":[0.468333781,0.883551657,0,-0.883551657,0.468333781,-0,-0,0,0.999999881],"scale":1.3667748,"type":"tree_aspen_small_low"}
{"pos":[-90.8599777,-93.074791,255.614883],"rotationMatrix":[0.989594162,0.143886358,0,-0.143886358,0.989594162,-0,-0,0,0.999999881],"scale":1.04395306,"type":"tree_aspen_small_low"}
{"pos":[-104.607857,-79.8634491,255.015167],"rotationMatrix":[-0.999118328,-0.0419807099,0,0.0419807099,-0.999118328,0,-0,0,0.999999881],"scale":1.13782454,"type":"tree_aspen_small_low"}
{"pos":[-118.240219,-73.7119293,255.715866],"rotationMatrix":[-0.926021993,-0.377469569,0,0.377469569,-0.926021993,0,-0,0,0.999999881],"scale":1.13505363,"type":"tree_aspen_small_low"}
{"pos":[-107.615234,-61.5761185,255.042831],"rotationMatrix":[0.466020852,-0.884773552,0,0.884773552,0.466020852,0,-0,0,0.999999881],"scale":1.04154515,"type":"tree_aspen_small_low"}
{"pos":[-131.900955,-53.719532,255.891769],"rotationMatrix":[-0.478094101,-0.878308594,0,0.878308594,-0.478094101,0,-0,0,0.999999881],"scale":1.27866662,"type":"tree_aspen_small_low"}
{"pos":[-188.372803,-61.3089676,254.859863],"rotationMatrix":[0.812183619,-0.58340174,0,0.58340174,0.812183619,0,-0,0,0.999999881],"scale":1.14389765,"type":"tree_aspen_small_low"}
{"pos":[-202.028351,-51.7939606,255.257263],"rotationMatrix":[-0.988223612,0.153016344,-0,-0.153016344,-0.988223612,0,-0,0,0.999999881],"scale":1.3242718,"type":"tree_aspen_small_low"}
{"pos":[-198.793533,-56.9263229,255.862473],"rotationMatrix":[0.990239441,0.139376119,0,-0.139376119,0.990239441,-0,-0,0,0.999999881],"scale":1.15711081,"type":"tree_aspen_small_low"}
{"pos":[-227.906998,-55.6816788,255.976349],"rotationMatrix":[-0.967617571,0.252420455,-0,-0.252420455,-0.967617571,0,-0,0,0.999999881],"scale":1.2869817,"type":"tree_aspen_small_low"}
{"pos":[-224.258255,-53.5936852,255.384888],"rotationMatrix":[0.300321102,-0.95383805,0,0.95383805,0.300321102,0,-0,0,0.999999881],"scale":0.950073004,"type":"tree_aspen_small_low"}
{"pos":[-190.481506,-67.2494431,255.61499],"rotationMatrix":[-0.188219115,-0.982127011,0,0.982127011,-0.188219115,0,-0,0,0.999999881],"scale":1.41740072,"type":"tree_aspen_small_low"}
{"pos":[-264.345886,-0.679573059,252.067062],"rotationMatrix":[-0.753200769,-0.657790542,0,0.657790542,-0.753200769,0,-0,0,0.999999881],"scale":1.34384584,"type":"tree_aspen_small_low"}
{"pos":[-249.430923,-4.75765514,252.111969],"rotationMatrix":[-0.014567662,-0.999893785,0,0.999893785,-0.014567662,0,-0,0,0.999999881],"scale":1.07050753,"type":"tree_aspen_small_low"}
{"pos":[-225.807617,-5.07858658,249.783051],"rotationMatrix":[0.963380277,0.268138558,0,-0.268138558,0.963380277,-0,-0,0,0.999999881],"scale":0.944386899,"type":"tree_aspen_small_low"}
{"pos":[-281.653656,-7.83979797,255.322205],"rotationMatrix":[-0.504433155,-0.863450587,0,0.863450587,-0.504433155,0,-0,0,0.999999881],"scale":1.4321003,"type":"tree_aspen_small_low"}
{"pos":[-299.11438,-3.222579,255.010101],"rotationMatrix":[0.9392187,-0.343319237,0,0.343319237,0.9392187,0,-0,0,0.999999881],"scale":1.33234906,"type":"tree_aspen_small_low"}
{"pos":[-324.482666,-7.94906235,257.897736],"rotationMatrix":[0.0936043262,-0.995609343,0,0.995609343,0.0936043262,0,-0,0,0.999999881],"scale":1.34174418,"type":"tree_aspen_small_low"}
{"pos":[-315.834839,-5.62841225,258.119568],"rotationMatrix":[-0.484528303,-0.874775529,0,0.874775529,-0.484528303,0,-0,0,0.999999881],"scale":1.10263717,"type":"tree_aspen_small_low"}
{"pos":[-337.526306,-5.72566128,258.965515],"rotationMatrix":[-0.387120038,0.922029197,-0,-0.922029197,-0.387120038,0,-0,0,0.999999881],"scale":1.36871028,"type":"tree_aspen_small_low"}
{"pos":[-352.694641,1.83504868,259.12085],"rotationMatrix":[-0.257935762,-0.966161966,0,0.966161966,-0.257935762,0,-0,0,0.999999881],"scale":0.913706899,"type":"tree_aspen_small_low"}
{"pos":[-331.689606,16.5924225,256.934387],"rotationMatrix":[0.909437418,0.415840805,0,-0.415840805,0.909437418,-0,-0,0,0.999999881],"scale":1.16336787,"type":"tree_aspen_small_low"}
{"pos":[-346.744507,-5.04182434,259.880524],"rotationMatrix":[0.0254467018,0.999676108,0,-0.999676108,0.0254467018,-0,-0,0,0.999999881],"scale":1.27267241,"type":"tree_aspen_small_low"}
{"pos":[-339.035248,-12.7501879,260.065063],"rotationMatrix":[-0.842457235,-0.538763046,0,0.538763046,-0.842457235,0,-0,0,0.999999881],"scale":1.37984169,"type":"tree_aspen_small_low"}
{"pos":[-344.655792,-13.3374491,260.509369],"rotationMatrix":[0.417631745,0.908616364,0,-0.908616364,0.417631745,-0,-0,0,0.999999881],"scale":1.07935905,