{"pos":[780.539795,-81.2115555,54.000843],"rotationMatrix":[-0.999677062,-0.0254078284,0,0.0254078284,-0.999677062,0,0,0,0.999999881],"scale":1,"type":"tree_oak_sml_b"}
{"pos":[783.283752,-102.338753,58.0499268],"rotationMatrix":[-0.369147122,-0.92937094,0,0.92937094,-0.369147122,0,0,0,0.999999881],"scale":1,"type":"tree_oak_sml_b"}
{"pos":[782.910522,-120.999321,58.3078232],"rotationMatrix":[-0.449714541,0.893172204,-0,-0.893172204,-0.449714541,0,-0,0,0.999999881],"scale":1,"type":"tree_oak_sml_b"}
{"pos":[813.790161,-75.4360504,53.8831558],"rotationMatrix":[-0.312413007,0.949946225,-0,-0.949946225,-0.312413007,0,-0,0,0.999999881],"scale":1,"type":"tree_oak_sml_b"}
{"pos":[815.531616,-87.4224167,58.0499268],"rotationMatrix":[-0.573574603,0.81915313,-0,-0.81915313,-0.573574603,0,-0,0,0.999999881],"scale":1,"type":"tree_oak_sml_b"}
{"pos":[819.698975,-83.915329,58.0429535],"rotationMatrix":[0.929327309,-0.369256675,0,0.369256675,0.929327309,0,-0,0,0.999999881],"scale":1,"type":"tree_oak_sml_b"}
{"pos":[819.727051,-111.798424,58.0499268],"rotationMatrix":[-0.705090344,-0.709117472,0,0.709117472,-0.705090344,0,-0,0,0.999999881],"scale":1,"type":"tree_oak_sml_b"}
{"pos":[806.293701,-60.4305534,51.9478989],"rotationMatrix":[-0.182141274,-0.983272254,0,0.983272254,-0.182141274,0,-0,0,0.999999881],"scale":1,"type":"tree_oak_sml_b"}
{"pos":[805.381165,-26.1495686,54.4804535],"rotationMatrix":[0.982436836,-0.186594889,0,0.186594889,0.982436836,0,-0,0,0.999999881],"scale":1,"type":"tree_oak_sml_b"}
