{"pos":[772.42688,-103.486099,57.0641632],"rotationMatrix":[-0.505797029,-0.862652361,0,0.862652361,-0.505797029,0,0,0,0.999999881],"scale":1.03588033,"type":"tree_aspen_wall"}
{"pos":[764.057739,-106.269997,54.4147835],"rotationMatrix":[0.42597717,0.904733896,0,-0.904733896,0.42597717,0,0,0,0.999999881],"scale":1.2916925,"type":"tree_aspen_wall"}
{"pos":[767.108093,-106.552124,55.6468887],"rotationMatrix":[-0.840111196,-0.542414188,0,0.542414188,-0.840111196,0,0,0,0.999999881],"scale":1.24174893,"type":"tree_aspen_wall"}
{"pos":[702.325684,59.4558029,54.1144829],"rotationMatrix":[0.903340876,0.428923279,0,-0.428923279,0.903340876,0,0,0,0.999999881],"scale":1.05696702,"type":"tree_aspen_wall"}
{"pos":[805.858887,-52.9224281,51.9183693],"rotationMatrix":[0.635357738,-0.77221781,0,0.77221781,0.635357738,0,-0,0,0.999999881],"scale":1.25835097,"type":"tree_aspen_wall"}
{"pos":[809.435608,-70.1941147,53.0223961],"rotationMatrix":[-0.636435509,0.771329641,-0,-0.771329641,-0.636435509,0,-0,0,0.999999881],"scale":1.27310419,"type":"tree_aspen_wall"}
{"pos":[815.143188,-80.9425125,55.1976089],"rotationMatrix":[0.512896299,-0.858450472,0,0.858450472,0.512896299,0,-0,0,0.999999881],"scale":1.31488466,"type":"tree_aspen_wall"}
{"pos":[829.988037,-116.649078,57.8459854],"rotationMatrix":[0.934969425,-0.354728013,0,0.354728013,0.934969425,0,-0,0,0.999999881],"scale":1.43231893,"type":"tree_aspen_wall"}
