{"pos":[22.9509029,-38.730648,254.141296],"rotationMatrix":[-0.574501514,0.81850332,0,-0.81850332,-0.574501514,0,0,0,0.999999881],"scale":1,"type":"tree_beech_bush_a"}
{"pos":[64.6669769,-40.8095741,254.379272],"rotationMatrix":[0.839836061,0.542840064,0,-0.542840064,0.839836061,0,0,0,0.999999881],"scale":1,"type":"tree_beech_bush_a"}
{"pos":[-724.015869,351.042633,233.036911],"rotationMatrix":[0.146398976,0.989225566,0,-0.989225566,0.146398976,0,0,0,0.999999881],"scale":1,"type":"tree_beech_bush_a"}
{"pos":[-601.173218,287.824341,233.10231],"rotationMatrix":[0.454048544,-0.890976906,0,0.890976906,0.454048544,0,0,0,0.999999881],"scale":1,"type":"tree_beech_bush_a"}
{"pos":[-514.503174,-172.709,262.039185],"rotationMatrix":[0.184509963,-0.982830524,0,0.982830524,0.184509963,0,0,0,0.999999881],"scale":1,"type":"tree_beech_bush_a"}
{"pos":[-571.142944,-178.300659,262.131409],"rotationMatrix":[-0.00972285774,0.999952614,0,-0.999952614,-0.00972285774,0,0,0,0.999999881],"scale":1,"type":"tree_beech_bush_a"}
{"pos":[-571.828918,-179.170273,262.184296],"rotationMatrix":[0.00726756174,-0.999973536,0,0.999973536,0.00726756174,0,0,0,0.999999881],"scale":1,"type":"tree_beech_bush_a"}
{"pos":[-582.874451,-171.392746,262.122833],"rotationMatrix":[-0.903825343,-0.427901357,0,0.427901357,-0.903825343,0,0,0,0.999999881],"scale":1,"type":"tree_beech_bush_a"}
{"pos":[-583.933533,-162.200729,262.532532],"rotationMatrix":[-0.315814614,0.94882077,0,-0.94882077,-0.315814614,0,0,0,0.999999881],"scale":1,"type":"tree_beech_bush_a"}
{"pos":[-596.284119,-168.069443,262.975311],"rotationMatrix":[-0.173002258,-0.984921336,0,0.984921336,-0.173002258,0,0,0,0.999999881],"scale":1,"type":"tree_beech_bush_a"}
{"pos":[-594.132019,-165.634628,262.846191],"rotationMatrix":[-0.371042609,0.928615749,0,-0.928615749,-0.371042609,0,0,0,0.999999881],"scale":1,"type":"tree_beech_bush_a"}
{"pos":[-588.694824,-170.495605,262.307556],"rotationMatrix":[0.370729595,-0.928740799,0,0.928740799,0.370729595,0,0,0,0.999999881],"scale":1,"type":"tree_beech_bush_a"}
{"pos":[-557.285767,-179.424866,262.171936],"rotationMatrix":[0.873275578,0.487226486,0,-0.487226486,0.873275578,0,0,0,0.999999881],"scale":1,"type":"tree_beech_bush_a"}
{"pos":[-558.251099,-178.069733,262.103394],"rotationMatrix":[0.218201652,0.97590369,0,-0.97590369,0.218201652,0,0,0,0.999999881],"scale":1,"type":"tree_beech_bush_a"}
{"pos":[-555.51355,-181.537415,262.33252],"rotationMatrix":[-0.838425219,-0.545016646,0,0.545016646,-0.838425219,0,0,0,0.999999881],"scale":1,"type":"tree_beech_bush_a"}
{"pos":[-555.830444,-183.011993,262.483154],"rotationMatrix":[-0.352482587,-0.935818315,0,0.935818315,-0.352482587,0,0,0,0.999999881],"scale":1,"type":"tree_beech_bush_a"}
{"pos":[-556.927002,-177.626312,262.088806],"rotationMatrix":[0.129117146,0.991629303,0,-0.991629303,0.129117146,0,0,0,0.999999881],"scale":1,"type":"tree_beech_bush_a"}
{"pos":[-551.591736,-179.487015,262.17572],"rotationMatrix":[0.453664482,0.891172588,0,-0.891172588,0.453664482,0,0,0,0.999999881],"scale":1,"type":"tree_beech_bush_a"}
{"pos":[-538.056335,-177.030609,262.070618],"rotationMatrix":[-0.902809739,0.430040121,0,-0.430040121,-0.902809739,0,0,0,0.999999881],"scale":1,"type":"tree_beech_bush_a"}
{"pos":[-529.242554,-180.335297,262.263123],"rotationMatrix":[-0.878707826,0.477359772,0,-0.477359772,-0.878707826,0,0,0,0.999999881],"scale":1,"type":"tree_beech_bush_a"}
{"pos":[-532.142151,-172.953613,262.039185],"rotationMatrix":[-0.221484482,0.975163758,0,-0.975163758,-0.221484482,0,0,0,0.999999881],"scale":1,"type":"tree_beech_bush_a"}
{"pos":[-581.264526,-156.264557,262.767578],"rotationMatrix":[-0.763998687,0.645217717,0,-0.645217717,-0.763998687,0,0,0,0.999999881],"scale":1,"type":"tree_beech_bush_a"}
{"pos":[-595.584717,-160.34201,263.180908],"rotationMatrix":[0.300106645,-0.953905523,0,0.953905523,0.300106645,0,0,0,0.999999881],"scale":1,"type":"tree_beech_bush_a"}
{"pos":[-587.55304,-163.275681,262.577515],"rotationMatrix":[0.988716543,-0.149797976,0,0.149797976,0.988716543,0,0,0,0.999999881],"scale":1,"type":"tree_beech_bush_a"}
{"pos":[-503.691742,-163.565857,262.039185],"rotationMatrix":[0.918476045,-0.395476341,0,0.395476341,0.918476045,0,0,0,0.999999881],"scale":1,"type":"tree_beech_bush_a"}
{"pos":[-486.323059,-170.321426,262.034271],"rotationMatrix":[-0.939774454,-0.341795027,0,0.341795027,-0.939774454,0,0,0,0.999999881],"scale":1,"type":"tree_beech_bush_a"}
{"pos":[-490.92099,-172.961853,262.039185],"rotationMatrix":[-0.998249531,0.0591417588,0,-0.0591417588,-0.998249531,0,0,0,0.999999881],"scale":1,"type":"tree_beech_bush_a"}
{"pos":[-366.750488,320.524597,273.852905],"rotationMatrix":[0.84327513,0.537482083,0,-0.537482083,0.84327513,0,0,0,0.999999881],"scale":1,"type":"tree_beech_bush_a"}
{"pos":[-370.15155,321.212372,273.911896],"rotationMatrix":[0.651991904,-0.758225858,0,0.758225858,0.651991904,0,0,0,0.999999881],"scale":1,"type":"tree_beech_bush_a"}
