{"pos":[338.439178,86.9932175,258.11441],"rotationMatrix":[-0.481126755,0.87665087,0,-0.87665087,-0.481126755,0,0,0,0.999999881],"scale":1,"type":"tree_oak_sml_b"}
{"pos":[167.057709,72.2608337,254.272461],"rotationMatrix":[0.829845846,-0.557992518,0,0.557992518,0.829845846,0,0,0,0.999999881],"scale":1,"type":"tree_oak_sml_b"}
{"pos":[158.165894,132.736969,254.379272],"rotationMatrix":[-0.399347961,-0.916799426,0,0.916799426,-0.399347961,0,0,0,0.999999881],"scale":1,"type":"tree_oak_sml_b"}
{"pos":[174.278488,167.830658,254.379272],"rotationMatrix":[-0.305302471,-0.952255368,0,0.952255368,-0.305302471,0,0,0,0.999999881],"scale":1,"type":"tree_oak_sml_b"}
{"pos":[211.47464,187.021805,254.296844],"rotationMatrix":[0.122493528,0.992469251,0,-0.992469251,0.122493528,0,0,0,0.999999881],"scale":1,"type":"tree_oak_sml_b"}
{"pos":[235.140884,196.602081,252.060608],"rotationMatrix":[-0.930212796,0.367020547,0,-0.367020547,-0.930212796,0,0,0,0.999999881],"scale":1,"type":"tree_oak_sml_b"}
{"pos":[418.89917,65.5564117,250.396729],"rotationMatrix":[-0.818121791,-0.57504493,0,0.57504493,-0.818121791,0,0,0,0.999999881],"scale":1,"type":"tree_oak_sml_b"}
{"pos":[412.507629,79.2782822,250.381714],"rotationMatrix":[-0.416870475,-0.908965766,0,0.908965766,-0.416870475,0,0,0,0.999999881],"scale":1,"type":"tree_oak_sml_b"}
{"pos":[304.77005,242.736862,253.960541],"rotationMatrix":[-0.313044816,0.949738204,0,-0.949738204,-0.313044816,0,0,0,0.999999881],"scale":1,"type":"tree_oak_sml_b"}
{"pos":[297.314697,230.058807,254.780197],"rotationMatrix":[0.110839225,-0.993838251,0,0.993838251,0.110839225,0,0,0,0.999999881],"scale":1,"type":"tree_oak_sml_b"}
{"pos":[412.602905,150.31958,258.86554],"rotationMatrix":[0.681143224,0.732150137,0,-0.732150137,0.681143224,0,0,0,0.999999881],"scale":1,"type":"tree_oak_sml_b"}
{"pos":[400.028625,149.503189,260.821625],"rotationMatrix":[-0.934369147,0.356306076,0,-0.356306076,-0.934369147,0,0,0,0.999999881],"scale":1,"type":"tree_oak_sml_b"}
{"pos":[372.118134,195.059677,263.99231],"rotationMatrix":[0.529901683,-0.848058999,0,0.848058999,0.529901683,0,0,0,0.999999881],"scale":1,"type":"tree_oak_sml_b"}
{"pos":[392.816467,231.090027,263.99231],"rotationMatrix":[0.589196563,-0.807989657,0,0.807989657,0.589196563,0,0,0,0.999999881],"scale":1,"type":"tree_oak_sml_b"}
{"pos":[411.891785,174.078476,259.798706],"rotationMatrix":[-0.37401849,0.927421093,0,-0.927421093,-0.37401849,0,0,0,0.999999881],"scale":1,"type":"tree_oak_sml_b"}
{"pos":[391.302887,155.513123,261.87793],"rotationMatrix":[0.67391938,0.738804877,0,-0.738804877,0.67391938,0,0,0,0.999999881],"scale":1,"type":"tree_oak_sml_b"}
{"pos":[386.393982,199.694336,263.870148],"rotationMatrix":[-0.671922028,0.740621805,0,-0.740621805,-0.671922028,0,0,0,0.999999881],"scale":1,"type":"tree_oak_sml_b"}
{"pos":[394.93927,208.306839,263.99231],"rotationMatrix":[-0.673705995,0.738999248,0,-0.738999248,-0.673705995,0,0,0,0.999999881],"scale":1,"type":"tree_oak_sml_b"}
{"pos":[337.192871,212.405716,263.99231],"rotationMatrix":[-0.986387134,0.164438859,0,-0.164438859,-0.986387134,0,0,0,0.999999881],"scale":1,"type":"tree_oak_sml_b"}
{"pos":[348.242096,232.661011,263.956665],"rotationMatrix":[-0.608195245,0.793787241,0,-0.793787241,-0.608195245,0,0,0,0.999999881],"scale":1,"type":"tree_oak_sml_b"}
{"pos":[413.943939,112.294662,259.688782],"rotationMatrix":[0.999035537,0.0439057425,0,-0.0439057425,0.999035537,0,0,0,0.999999881],"scale":1,"type":"tree_oak_sml_b"}
{"pos":[84.0799637,-15.7555914,254.379272],"rotationMatrix":[-0.950866163,-0.309601963,0,0.309601963,-0.950866163,0,0,0,0.999999881],"scale":1,"type":"tree_oak_sml_b"}
