{"pos":[371.603699,67.5709,258.358551],"rotationMatrix":[0.845900953,-0.533339739,0,0.533339739,0.845900953,0,0,0,0.999999881],"scale":0.910019994,"type":"tree_aspen_overhang_a"}
{"pos":[368.952881,55.1846504,257.194183],"rotationMatrix":[-0.780853331,0.624714077,0,-0.624714077,-0.780853331,0,0,0,0.999999881],"scale":1.18438101,"type":"tree_aspen_overhang_a"}
{"pos":[231.354736,168.243652,252.981705],"rotationMatrix":[0.849184692,0.528095841,0,-0.528095841,0.849184692,0,0,0,0.999999881],"scale":0.910777211,"type":"tree_aspen_overhang_a"}
{"pos":[209.924744,197.227646,254.236511],"rotationMatrix":[-0.966383636,-0.257104397,0,0.257104397,-0.966383636,0,0,0,0.999999881],"scale":0.984420657,"type":"tree_aspen_overhang_a"}
{"pos":[182.76239,56.5209579,253.77153],"rotationMatrix":[-0.449359745,0.89335078,0,-0.89335078,-0.449359745,0,0,0,0.999999881],"scale":1.09516835,"type":"tree_aspen_overhang_a"}
{"pos":[220.774185,97.9457855,253.240143],"rotationMatrix":[-0.909795642,0.415056199,0,-0.415056199,-0.909795642,0,0,0,0.999999881],"scale":1.0754745,"type":"tree_aspen_overhang_a"}
{"pos":[430.8974,27.2897949,257.105896],"rotationMatrix":[-0.907061219,-0.420998514,0,0.420998514,-0.907061219,0,0,0,0.999999881],"scale":1.21231854,"type":"tree_aspen_overhang_a"}
