{"pos":[362.222168,50.0818214,258.247833],"rotationMatrix":[0.86536628,0.50113982,0,-0.50113982,0.86536628,0,0,0,0.999999881],"scale":1.06697047,"type":"tree_aspen_wall"}
{"pos":[313.913208,92.7090988,255.613693],"rotationMatrix":[0.468473643,0.883477509,0,-0.883477509,0.468473643,0,0,0,0.999999881],"scale":1.47288966,"type":"tree_aspen_wall"}
{"pos":[241.016602,155.211578,253.520905],"rotationMatrix":[-0.865365446,-0.501141369,0,0.501141369,-0.865365446,0,0,0,0.999999881],"scale":1.01724279,"type":"tree_aspen_wall"}
{"pos":[263.101685,138.861984,253.710632],"rotationMatrix":[-0.122307673,0.992492139,0,-0.992492139,-0.122307673,0,0,0,0.999999881],"scale":1.07840264,"type":"tree_aspen_wall"}
{"pos":[162.323318,117.542305,254.271622],"rotationMatrix":[-0.839420199,-0.543482721,0,0.543482721,-0.839420199,0,0,0,0.999999881],"scale":1.09031701,"type":"tree_aspen_wall"}
{"pos":[162.302353,73.2809753,254.246658],"rotationMatrix":[0.250766724,-0.96804744,0,0.96804744,0.250766724,0,0,0,0.999999881],"scale":0.995283008,"type":"tree_aspen_wall"}
{"pos":[168.450226,54.8244476,254.295959],"rotationMatrix":[0.285299301,-0.958438456,0,0.958438456,0.285299301,0,0,0,0.999999881],"scale":0.935094118,"type":"tree_aspen_wall"}
