{"pos":[76.9882278,392.1203,256.090668],"rotationMatrix":[0.435287118,0.900290728,0.000962495804,-0.825186908,0.398546755,0.4002828,0.359987378,-0.175032243,0.916390657],"scale":0.678666532,"type":"tree_beech_dead_b"}
{"pos":[-293.712006,496.106842,272.449493],"rotationMatrix":[0.864913046,0.501921594,0,-0.501921594,0.864913046,0,0,0,0.999999881],"scale":0.708209634,"type":"tree_beech_dead_b"}
{"pos":[-302.351044,478.138184,272.339172],"rotationMatrix":[0.974080265,0.226202503,0,-0.226202503,0.974080265,0,0,0,0.999999881],"scale":0.675769269,"type":"tree_beech_dead_b"}
