{"pos":[244.841797,123.143227,254.024017],"rotationMatrix":[-0.674604416,-0.738179266,0,0.738179266,-0.674604416,0,0,0,0.999999881],"scale":0.878160477,"type":"tree_aspen_forest_b"}
{"pos":[215.959381,179.359573,252.920776],"rotationMatrix":[-0.859365642,-0.511361659,0,0.511361659,-0.859365642,0,0,0,0.999999881],"scale":0.944050431,"type":"tree_aspen_forest_b"}
{"pos":[190.308975,71.2762985,254.143997],"rotationMatrix":[-0.712031782,-0.702147186,0,0.702147186,-0.712031782,0,0,0,0.999999881],"scale":0.809616983,"type":"tree_aspen_forest_b"}
{"pos":[169.17067,77.9975281,252.948288],"rotationMatrix":[0.99440676,-0.105617702,0,0.105617702,0.99440676,0,0,0,0.999999881],"scale":1.18228257,"type":"tree_aspen_forest_b"}
{"pos":[178.540665,68.4787216,252.860596],"rotationMatrix":[0.12932989,-0.991601527,0,0.991601527,0.12932989,0,0,0,0.999999881],"scale":0.935461581,"type":"tree_aspen_forest_b"}
{"pos":[182.985992,72.0186386,252.27475],"rotationMatrix":[-0.35168013,-0.936120212,0,0.936120212,-0.35168013,0,0,0,0.999999881],"scale":1.05667746,"type":"tree_aspen_forest_b"}
{"pos":[152.556732,65.5545425,252.089157],"rotationMatrix":[-0.708196044,0.706015527,0,-0.706015527,-0.708196044,0,0,0,0.999999881],"scale":1.1684413,"type":"tree_aspen_forest_b"}
{"pos":[161.012604,82.2439499,254.032166],"rotationMatrix":[0.997370362,-0.0724722892,0,0.0724722892,0.997370362,0,0,0,0.999999881],"scale":0.922786474,"type":"tree_aspen_forest_b"}
{"pos":[153.396255,81.2461319,252.400894],"rotationMatrix":[-0.957853138,0.287258118,0,-0.287258118,-0.957853138,0,0,0,0.999999881],"scale":1.09351826,"type":"tree_aspen_forest_b"}
{"pos":[163.689346,61.2386322,253.682571],"rotationMatrix":[0.910546362,0.413406938,0,-0.413406938,0.910546362,0,0,0,0.999999881],"scale":1.03274322,"type":"tree_aspen_forest_b"}
{"pos":[160.715836,62.5203094,253.755585],"rotationMatrix":[-0.979894876,0.199514076,0,-0.199514076,-0.979894876,0,0,0,0.999999881],"scale":1.04261923,"type":"tree_aspen_forest_b"}
{"pos":[164.040756,94.7590637,253.128143],"rotationMatrix":[-0.995742738,-0.0921757296,0,0.0921757296,-0.995742738,0,0,0,0.999999881],"scale":1.0689733,"type":"tree_aspen_forest_b"}
{"pos":[163.427414,100.303146,252.628601],"rotationMatrix":[0.737852693,-0.674961627,0,0.674961627,0.737852693,0,0,0,0.999999881],"scale":1.14344668,"type":"tree_aspen_forest_b"}
{"pos":[157.561005,107.522667,253.689804],"rotationMatrix":[0.512384951,0.858755887,0,-0.858755887,0.512384951,0,0,0,0.999999881],"scale":0.987073243,"type":"tree_aspen_forest_b"}
{"pos":[149.619186,90.3605576,254.101639],"rotationMatrix":[-0.999999762,-0.00050893618,0,0.00050893618,-0.999999762,0,0,0,0.999999881],"scale":0.946680546,"type":"tree_aspen_forest_b"}
{"pos":[198.525162,64.8816376,252.924484],"rotationMatrix":[-0.855637252,0.517575681,0,-0.517575681,-0.855637252,0,0,0,0.999999881],"scale":0.834838271,"type":"tree_aspen_forest_b"}
{"pos":[187.584824,73.4473648,254.021759],"rotationMatrix":[-0.365932882,0.930641115,0,-0.930641115,-0.365932882,0,0,0,0.999999881],"scale":0.80114609,"type":"tree_aspen_forest_b"}
{"pos":[203.798645,93.781601,253.995743],"rotationMatrix":[0.0472957343,0.998880863,0,-0.998880863,0.0472957343,0,0,0,0.999999881],"scale":1.03502429,"type":"tree_aspen_forest_b"}
{"pos":[195.13327,92.9144135,253.252029],"rotationMatrix":[0.969389975,0.245525688,0,-0.245525688,0.969389975,0,0,0,0.999999881],"scale":0.985316038,"type":"tree_aspen_forest_b"}
{"pos":[198.136566,79.2903824,253.475327],"rotationMatrix":[0.995906472,-0.0903890058,0,0.0903890058,0.995906472,0,0,0,0.999999881],"scale":0.875312805,"type":"tree_aspen_forest_b"}
{"pos":[200.787796,88.3549423,253.03009],"rotationMatrix":[0.16352053,0.9865399,0,-0.9865399,0.16352053,0,0,0,0.999999881],"scale":1.0142349,"type":"tree_aspen_forest_b"}
{"pos":[211.781845,77.3832321,253.133026],"rotationMatrix":[0.853610337,0.520911992,0,-0.520911992,0.853610337,0,0,0,0.999999881],"scale":0.929102123,"type":"tree_aspen_forest_b"}
{"pos":[202.251526,92.3023071,254.271484],"rotationMatrix":[0.468032509,0.883711278,0,-0.883711278,0.468032509,0,0,0,0.999999881],"scale":0.932706654,"type":"tree_aspen_forest_b"}
{"pos":[222.863312,100.595016,254.074539],"rotationMatrix":[-0.913171291,-0.407575786,0,0.407575786,-0.913171291,0,0,0,0.999999881],"scale":1.06529701,"type":"tree_aspen_forest_b"}
{"pos":[224.312469,102.361542,253.103027],"rotationMatrix":[0.189297855,0.981919706,0,-0.981919706,0.189297855,0,0,0,0.999999881],"scale":0.872319758,"type":"tree_aspen_forest_b"}
{"pos":[226.446503,113.068909,253.634064],"rotationMatrix":[0.992590666,0.121505938,0,-0.121505938,0.992590666,0,0,0,0.999999881],"scale":0.828450441,"type":"tree_aspen_forest_b"}
{"pos":[228.99585,110.924988,252.636856],"rotationMatrix":[0.986977875,-0.160855532,0,0.160855532,0.986977875,0,0,0,0.999999881],"scale":0.97249639,"type":"tree_aspen_forest_b"}
{"pos":[212.126404,113.278778,252.936172],"rotationMatrix":[-0.38762778,0.921815872,0,-0.921815872,-0.38762778,0,0,0,0.999999881],"scale":0.86218369,"type":"tree_aspen_forest_b"}
{"pos":[213.288025,115.560944,252.742477],"rotationMatrix":[0.772426248,-0.635104299,0,0.635104299,0.772426248,0,0,0,0.999999881],"scale":1.0721184,"type":"tree_aspen_forest_b"}
{"pos":[232.008652,113.038811,252.36264],"rotationMatrix":[-0.50999248,0.860178709,0,-0.860178709,-0.50999248,0,0,0,0.999999881],"scale":0.987040877,"type":"tree_aspen_forest_b"}
{"pos":[228.3414,118.536987,254.107819],"rotationMatrix":[0.916716516,0.3995381,0,-0.3995381,0.916716516,0,0,0,0.999999881],"scale":0.895320237,"type":"tree_aspen_forest_b"}
{"pos":[243.58931,141.911163,253.695389],"rotationMatrix":[-0.97089535,-0.239503622,0,0.239503622,-0.97089535,0,0,0,0.999999881],"scale":0.806549609,"type":"tree_aspen_forest_b"}
{"pos":[248.4328,141.582001,253.34993],"rotationMatrix":[-0.705521703,-0.708688319,0,0.708688319,-0.705521703,0,0,0,0.999999881],"scale":0.814716697,"type":"tree_aspen_forest_b"}
{"pos":[241.424805,132.204834,253.03096],"rotationMatrix":[0.862839818,-0.505477071,0,0.505477071,0.862839818,0,0,0,0.999999881],"scale":0.860847473,"type":"tree_aspen_forest_b"}
{"pos":[238.994385,134.978149,252.446732],"rotationMatrix":[0.499647737,0.8662287,0,-0.8662287,0.499647737,0,0,0,0.999999881],"scale":1.15215695,"type":"tree_aspen_forest_b"}
{"pos":[245.506531,126.751755,253.417694],"rotationMatrix":[0.272793353,-0.962072551,0,0.962072551,0.272793353,0,0,0,0.999999881],"scale":0.864126623,"type":"tree_aspen_forest_b"}
{"pos":[242.173721,152.413361,253.378281],"rotationMatrix":[0.815205872,0.5791713,0,-0.5791713,0.815205872,0,0,0,0.999999881],"scale":1.14102829,"type":"tree_aspen_forest_b"}
{"pos":[238.102371,155.05365,253.628326],"rotationMatrix":[-0.68714422,-0.726521075,0,0.726521075,-0.68714422,0,0,0,0.999999881],"scale":1.01872063,"type":"tree_aspen_forest_b"}
{"pos":[250.940628,170.472992,252.123077],"rotationMatrix":[0.377224505,-0.926121771,0,0.926121771,0.377224505,0,0,0,0.999999881],"scale":0.871665001,"type":"tree_aspen_forest_b"}
{"pos":[224.20108,177.642975,253.753799],"rotationMatrix":[-0.9946298,-0.103496045,0,0.103496045,-0.9946298,0,0,0,0.999999881],"scale":0.876755059,"type":"tree_aspen_forest_b"}
{"pos":[240.672607,183.567505,252.302338],"rotationMatrix":[-0.923649728,-0.383237809,0,0.383237809,-0.923649728,0,0,0,0.999999881],"scale":0.918308735,"type":"tree_aspen_forest_b"}
{"pos":[231.281509,189.516876,251.452621],"rotationMatrix":[-0.338588446,0.940934479,0,-0.940934479,-0.338588446,0,0,0,0.999999881],"scale":1.12837756,"type":"tree_aspen_forest_b"}
{"pos":[232.492203,179.618774,251.236633],"rotationMatrix":[0.164967835,0.986298859,0,-0.986298859,0.164967835,0,0,0,0.999999881],"scale":0.9407745,"type":"tree_aspen_forest_b"}
{"pos":[227.75943,180.447479,253.274689],"rotationMatrix":[-0.045734264,-0.998953521,0,0.998953521,-0.045734264,0,0,0,0.999999881],"scale":1.06032336,"type":"tree_aspen_forest_b"}
{"pos":[205.052429,188.782501,252.904602],