{"pos":[311.739624,97.9193039,256.349518],"rotationMatrix":[0.98572439,0.16836679,0,-0.16836679,0.98572439,0,0,0,0.999999881],"scale":1.0869453,"type":"tree_oak_forest_a"}
{"pos":[227.488495,91.4630585,254.333496],"rotationMatrix":[-0.134254396,0.99094677,0,-0.99094677,-0.134254396,0,0,0,0.999999881],"scale":1.2522049,"type":"tree_oak_forest_a"}
{"pos":[215.17363,75.53302,254.020538],"rotationMatrix":[0.830688894,-0.556736648,0,0.556736648,0.830688894,0,0,0,0.999999881],"scale":1.15818155,"type":"tree_oak_forest_a"}
{"pos":[246.696259,122.715042,254.211426],"rotationMatrix":[0.878691077,0.477390766,0,-0.477390766,0.878691077,0,0,0,0.999999881],"scale":1.12053287,"type":"tree_oak_forest_a"}
{"pos":[243.656006,127.353539,254.196014],"rotationMatrix":[0.701113284,0.713049889,0,-0.713049889,0.701113284,0,0,0,0.999999881],"scale":1.04478908,"type":"tree_oak_forest_a"}
{"pos":[149.032425,61.1854858,254.379272],"rotationMatrix":[0.99668771,0.0813227072,0,-0.0813227072,0.99668771,0,0,0,0.999999881],"scale":1.1595856,"type":"tree_oak_forest_a"}
{"pos":[153.609436,79.0789642,254.379272],"rotationMatrix":[-0.929416597,0.369032115,0,-0.369032115,-0.929416597,0,0,0,0.999999881],"scale":1.12611043,"type":"tree_oak_forest_a"}
{"pos":[148.564148,120.30954,254.379272],"rotationMatrix":[0.976952136,0.213458255,0,-0.213458255,0.976952136,0,0,0,0.999999881],"scale":1.08212936,"type":"tree_oak_forest_a"}
{"pos":[180.125656,164.137695,254.379272],"rotationMatrix":[-0.555295825,-0.831652761,0,0.831652761,-0.555295825,0,0,0,0.999999881],"scale":0.943699121,"type":"tree_oak_forest_a"}
{"pos":[185.882141,166.361694,254.379272],"rotationMatrix":[-0.690344095,-0.723481178,0,0.723481178,-0.690344095,0,0,0,0.999999881],"scale":1.01050162,"type":"tree_oak_forest_a"}
{"pos":[205.483917,174.938919,254.379272],"rotationMatrix":[0.684427798,-0.729080498,0,0.729080498,0.684427798,0,0,0,0.999999881],"scale":1.12551403,"type":"tree_oak_forest_a"}
{"pos":[19.0008602,-64.6931686,254.76004],"rotationMatrix":[-0.376839966,0.926278234,0,-0.926278234,-0.376839966,0,0,0,0.999999881],"scale":0.903169751,"type":"tree_oak_forest_a"}
{"pos":[338.394287,251.852158,259.622681],"rotationMatrix":[0.478894979,0.877872229,0,-0.877872229,0.478894979,0,0,0,0.999999881],"scale":0.910539806,"type":"tree_oak_forest_a"}
{"pos":[282.737488,216.955444,250.662003],"rotationMatrix":[0.256696582,0.966491997,0,-0.966491997,0.256696582,0,0,0,0.999999881],"scale":1.23333311,"type":"tree_oak_forest_a"}
{"pos":[279.487946,228.060883,249.941757],"rotationMatrix":[0.675966799,0.736932099,0,-0.736932099,0.675966799,0,0,0,0.999999881],"scale":1.00335038,"type":"tree_oak_forest_a"}
