{"pos":[724.510071,-39.7466011,51.9287109],"rotationMatrix":[-0.98358053,-0.180469349,0,0.180469349,-0.98358053,0,0,0,0.999999881],"scale":1,"type":"tree_beech_bush_a"}
{"pos":[712.171936,-54.9130402,51.9287109],"rotationMatrix":[0.999363899,-0.0356592126,0,0.0356592126,0.999363899,0,0,0,0.999999881],"scale":1,"type":"tree_beech_bush_a"}
{"pos":[732.737366,-51.91642,51.9287109],"rotationMatrix":[-0.707413912,-0.706799507,0,0.706799507,-0.707413912,0,0,0,0.999999881],"scale":1,"type":"tree_beech_bush_a"}
{"pos":[716.870361,-39.0824203,51.9287109],"rotationMatrix":[-0.0934604183,-0.995622933,0,0.995622933,-0.0934604183,0,0,0,0.999999881],"scale":1,"type":"tree_beech_bush_a"}
{"pos":[705.342651,-64.7563324,51.7984848],"rotationMatrix":[0.999363899,-0.0356592126,0,0.0356592126,0.999363899,0,0,0,0.999999881],"scale":1,"type":"tree_beech_bush_a"}
{"pos":[707.027283,-63.7369804,51.8609543],"rotationMatrix":[0.943209112,-0.332199246,0,0.332199246,0.943209112,0,0,0,0.999999881],"scale":1,"type":"tree_beech_bush_a"}
{"pos":[707.303833,-63.4004478,51.8268051],"rotationMatrix":[0.741441846,0.67101711,0,-0.67101711,0.741441846,0,0,0,0.999999881],"scale":1,"type":"tree_beech_bush_a"}
{"pos":[709.041321,-61.9767418,51.9162064],"rotationMatrix":[-0.707413912,-0.706799507,0,0.706799507,-0.707413912,0,0,0,0.999999881],"scale":1,"type":"tree_beech_bush_a"}
{"pos":[707.72937,-62.9506416,51.7940941],"rotationMatrix":[0.165917084,0.986139476,0,-0.986139476,0.165917084,0,0,0,0.999999762],"scale":1.28003931,"type":"tree_beech_bush_a"}
{"pos":[711.889526,-55.1104851,51.7568207],"rotationMatrix":[-0.707413912,-0.706799507,0,0.706799507,-0.707413912,0,0,0,0.999999881],"scale":1,"type":"tree_beech_bush_a"}
{"pos":[706.22113,-77.3272705,51.8268051],"rotationMatrix":[0.741441846,0.67101711,0,-0.67101711,0.741441846,0,0,0,0.999999881],"scale":1,"type":"tree_beech_bush_a"}
{"pos":[736.47345,-59.4508705,51.8339348],"rotationMatrix":[-0.707413912,-0.706799507,0,0.706799507,-0.707413912,0,0,0,0.999999881],"scale":1,"type":"tree_beech_bush_a"}
{"pos":[743.454468,-85.1347504,51.9287109],"rotationMatrix":[0.968949437,0.247258693,0,-0.247258693,0.968949437,0,0,0,0.999999881],"scale":1,"type":"tree_beech_bush_a"}
{"pos":[728.106079,-99.276268,51.9370384],"rotationMatrix":[-0.474183977,0.880425632,0,-0.880425632,-0.474183977,0,0,0,0.999999881],"scale":1,"type":"tree_beech_bush_a"}
{"pos":[723.069824,-97.2603989,52.1010513],"rotationMatrix":[-0.264436811,-0.964402974,0,0.964402974,-0.264436811,0,0,0,0.999999881],"scale":1,"type":"tree_beech_bush_a"}
{"pos":[727.608337,-94.9046631,51.9287109],"rotationMatrix":[0.928572118,-0.371151686,0,0.371151686,0.928572118,0,0,0,0.999999881],"scale":1,"type":"tree_beech_bush_a"}
{"pos":[718.620544,-97.244133,51.9287109],"rotationMatrix":[0.987862587,-0.155329928,0,0.155329928,0.987862587,0,0,0,0.999999881],"scale":1,"type":"tree_beech_bush_a"}
{"pos":[735.792786,-89.0032501,51.9287109],"rotationMatrix":[0.534114718,-0.845411897,0,0.845411897,0.534114718,0,0,0,0.999999881],"scale":1,"type":"tree_beech_bush_a"}
{"pos":[757.745178,-112.428093,57.9609146],"rotationMatrix":[0.990545452,0.137183905,0,-0.137183905,0.990545452,0,0,0,0.999999881],"scale":1,"type":"tree_beech_bush_a"}
{"pos":[759.517456,-112.988037,58.0499268],"rotationMatrix":[0.655417025,0.755267203,0,-0.755267203,0.655417025,0,0,0,0.999999881],"scale":1,"type":"tree_beech_bush_a"}
{"pos":[759.894775,-112.044449,58.046257],"rotationMatrix":[-0.712074995,-0.702103376,0,0.702103376,-0.712074995,0,0,0,0.999999881],"scale":1,"type":"tree_beech_bush_a"}
{"pos":[744.155273,-117.296387,58.0499268],"rotationMatrix":[0.904383957,-0.426719457,0,0.426719457,0.904383957,0,0,0,0.999999881],"scale":1,"type":"tree_beech_bush_a"}
{"pos":[740.707397,-116.044449,57.3782005],"rotationMatrix":[0.859127402,-0.511761606,0,0.511761606,0.859127402,0,0,0,0.999999881],"scale":1,"type":"tree_beech_bush_a"}
{"pos":[741.944153,-114.821404,56.9015503],"rotationMatrix":[-0.104861327,-0.994486749,0,0.994486749,-0.104861327,0,0,0,0.999999881],"scale":1,"type":"tree_beech_bush_a"}
{"pos":[740.505188,-117.951813,57.9719467],"rotationMatrix":[-0.854050517,0.520189762,0,-0.520189762,-0.854050517,0,0,0,0.999999881],"scale":1,"type":"tree_beech_bush_a"}
{"pos":[737.667664,-118.13028,57.9216385],"rotationMatrix":[0.993561327,-0.113295026,0,0.113295026,0.993561327,0,0,0,0.999999881],"scale":1,"type":"tree_beech_bush_a"}
{"pos":[736.356689,-116.26123,57.2434616],"rotationMatrix":[0.75183022,-0.659356654,0,0.659356654,0.75183022,0,0,0,0.999999881],"scale":1,"type":"tree_beech_bush_a"}
{"pos":[734.20636,-114.705772,56.3272285],"rotationMatrix":[0.23572433,0.971819937,0,-0.971819937,0.23572433,0,0,0,0.999999881],"scale":1,"type":"tree_beech_bush_a"}
{"pos":[725.698853,-115.147385,57.8945312],"rotationMatrix":[0.251301944,0.96790868,0,-0.96790868,0.251301944,0,0,0,0.999999881],"scale":1,"type":"tree_beech_bush_a"}
{"pos":[724.820129,-111.583885,57.012558],"rotationMatrix":[0.492188305,-0.870488644,0,0.870488644,0.492188305,0,0,0,0.999999881],"scale":1,"type":"tree_beech_bush_a"}
{"pos":[726.0896,-111.306641,56.3554955],"rotationMatrix":[0.207435355,-0.978248656,0,0.978248656,0.207435355,0,0,0,0.999999881],"scale":1,"type":"tree_beech_bush_a"}
{"pos":[718.920288,-111.185852,57.9444504],"rotationMatrix":[0.938487768,-0.345312238,0,0.345312238,0.938487768,0,0,0,0.999999881],"scale":1,"type":"tree_beech_bush_a"}
{"pos":[719.909729,-111.778946,57.9524651],"rotationMatrix":[-0.999059021,-0.0433687121,0,0.0433687121,-0.999059021,0,0,0,0.999999881],"scale":1,"type":"tree_beech_bush_a"}
{"pos":[714.182861,-113.816429,57.1883469],"rotationMatrix":[0.991939247,0.126713887,0,-0.126713887,0.991939247,0,0,0,0.999999881],"scale":1,"type":"tree_beech_bush_a"}
{"pos":[712.460999,-113.604469,56.4778023],"rotationMatrix":[-0.692759216,0.721168697,0,-0.721168697,-0.692759216,0,0,0,0.999999881],"scale":1,"type":"tree_beech_bush_a"}
{"pos":[715.54657,-114.343597,57.6703644],"rotationMatrix":[0.777923346,0.628359139,0,-0.628359139,0.777923346,0,0,0,0.999999881],"scale":1,"type":"tree_beech_bush_a"}
{"pos":[710.412781,-116.954956,57.2614632],"rotationMatrix":[0.137590915,0.990489125,0,-0.990489125,0.137590915,0,0,0,0.999999881],"scale":1,"type":"tree_beech_bush_a"}
{"pos":[696.35498,-115.104088,52.680233],"rotationMatrix":[0.549772143,-0.835314572,0,0.835314572,0.549772143,0,0,0,0.999999881],"scale":1,"type":"tree_beech_bush_a"}
{"pos":[697.870911,-117.013992,53.3849106],"rotationMatrix":[0.108129553,0.994136751,0,-0.994136751,0.108129553,0,0,0,0.999999881],"scale":1,"type":"tree_beech_bush_a"}
{"pos":[701.960815,-120.543259,56.6551666],"rotationMatrix":[-0.977494419,0.210960895,0,-0.210960895,-0.977494419,0,0,0,0.999999881],"scale":1,"type":"tree_beech_bush_a"}
{"pos":[698.047424,-120.825775,54.9553757],"rotationMatrix":[0.624979436,-0.780641019,0,0.780641019,0.624979436,0,0,0,0.999999881],"scale":1,"type":"tree_beech_bush_a"}
{"pos":[695.601562,-117.38044,52.6407089],"rotationMatrix":[-0.184793189,-0.982777297,0,0.982777297,-0.184793189,0,0,0,0.999999881],"scale":1,"type":"tree_beech_bush_a"}
{"pos":[695.364319,-120.743393,53.3734665],"rotationMatrix":[0.446683705,-0.894691885,0,0.894691885,0.446683705,0,0,0,0.999999881],"scale":1,"type":"tree_beech_bush_a"}
{"pos":[694.334106,-118.907188,52.3217506],"rotationMatrix":[0.946501791,-0.322698116,0,0.322698116,0.946501791,0,0,0,0.999999881],"scale":1,"type":"tree_beech_bush_a"}
{"pos":[699.723083,-122.086037,56.3320236],"rotationMatrix":[-0.960347712,0.278804898,0,-0.278804898,-0.960347712,0,0,0,0.999999881],"scale":1,"type":"tree_beech_bush_a"}
