{"pos":[-1987.50415,254.422104,249.41394],"rotationMatrix":[-0.823122323,0.567863822,0,-0.567863822,-0.823122323,0,0,0,0.999999881],"scale":1.57370019,"type":"tree_douglasfir_large_b"}
{"pos":[-2000.3291,244.512833,249.41394],"rotationMatrix":[-0.823122323,0.567863822,0,-0.567863822,-0.823122323,0,0,0,0.999999881],"scale":1.57370019,"type":"tree_douglasfir_large_b"}
{"pos":[-2015.07886,255.50676,251.43512],"rotationMatrix":[-0.823122323,0.567863822,0,-0.567863822,-0.823122323,0,0,0,0.999999881],"scale":1.57370019,"type":"tree_douglasfir_large_b"}
{"pos":[-2008.31494,292.635925,256.07605],"rotationMatrix":[-0.823122323,0.567863822,0,-0.567863822,-0.823122323,0,0,0,0.999999881],"scale":1.57370019,"type":"tree_douglasfir_large_b"}
{"pos":[-2011.33545,280.257599,256.07605],"rotationMatrix":[-0.823122323,0.567863822,0,-0.567863822,-0.823122323,0,0,0,0.999999881],"scale":1.57370019,"type":"tree_douglasfir_large_b"}
{"pos":[-1975.8335,297.741577,251.974091],"rotationMatrix":[-0.823122323,0.567863822,0,-0.567863822,-0.823122323,0,0,0,0.999999881],"scale":1.57370019,"type":"tree_douglasfir_large_b"}
{"pos":[-2045.89746,101.832169,229.368179],"rotationMatrix":[-0.823122323,0.567863822,0,-0.567863822,-0.823122323,0,0,0,0.999999881],"scale":1.57370019,"type":"tree_douglasfir_large_b"}
{"pos":[-2045.52161,88.7097092,226.235931],"rotationMatrix":[-0.823122323,0.567863822,0,-0.567863822,-0.823122323,0,0,0,0.999999881],"scale":1.57370019,"type":"tree_douglasfir_large_b"}
{"pos":[-2019.07776,115.744606,227.496124],"rotationMatrix":[-0.823122323,0.567863822,0,-0.567863822,-0.823122323,0,0,0,0.999999881],"scale":1.57370019,"type":"tree_douglasfir_large_b"}
{"pos":[-2019.45361,128.867065,227.496124],"rotationMatrix":[-0.823122323,0.567863822,0,-0.567863822,-0.823122323,0,0,0,0.999999881],"scale":1.57370019,"type":"tree_douglasfir_large_b"}
{"pos":[-2033.40918,100.836464,229.368179],"rotationMatrix":[-0.823122323,0.567863822,0,-0.567863822,-0.823122323,0,0,0,0.999999881],"scale":1.57370019,"type":"tree_douglasfir_large_b"}
{"pos":[-2033.78503,113.958923,229.368179],"rotationMatrix":[-0.823122323,0.567863822,0,-0.567863822,-0.823122323,0,0,0,0.999999881],"scale":1.57370019,"type":"tree_douglasfir_large_b"}
{"pos":[-2025.15979,96.2609406,227.252731],"rotationMatrix":[-0.823122323,0.567863822,0,-0.567863822,-0.823122323,0,0,0,0.999999881],"scale":1.57370019,"type":"tree_douglasfir_large_b"}
{"pos":[-2025.53564,109.3834,229.368179],"rotationMatrix":[-0.823122323,0.567863822,0,-0.567863822,-0.823122323,0,0,0,0.999999881],"scale":1.57370019,"type":"tree_douglasfir_large_b"}
{"pos":[-2031.34167,66.2099838,222.523712],"rotationMatrix":[-0.823122323,0.567863822,0,-0.567863822,-0.823122323,0,0,0,0.999999881],"scale":1.57370019,"type":"tree_douglasfir_large_b"}
{"pos":[-2031.71753,79.3324432,223.91156],"rotationMatrix":[-0.823122323,0.567863822,0,-0.567863822,-0.823122323,0,0,0,0.999999881],"scale":1.57370019,"type":"tree_douglasfir_large_b"}
{"pos":[-1957.00745,202.679886,227.496124],"rotationMatrix":[-0.823122323,0.567863822,0,-0.567863822,-0.823122323,0,0,0,0.999999881],"scale":1.57370019,"type":"tree_douglasfir_large_b"}
{"pos":[-1959.67468,192.236877,227.496124],"rotationMatrix":[-0.823122323,0.567863822,0,-0.567863822,-0.823122323,0,0,0,0.999999881],"scale":1.57370019,"type":"tree_douglasfir_large_b"}
{"pos":[-1970.05237,184.254547,227.496124],"rotationMatrix":[-0.823122323,0.567863822,0,-0.567863822,-0.823122323,0,0,0,0.999999881],"scale":1.57370019,"type":"tree_douglasfir_large_b"}
{"pos":[-1974.60449,201.08667,232.290604],"rotationMatrix":[-0.823122323,0.567863822,0,-0.567863822,-0.823122323,0,0,0,0.999999881],"scale":1.57370019,"type":"tree_douglasfir_large_b"}
