{"pos":[322.928619,86.764534,257.096069],"rotationMatrix":[-0.99125725,-0.131942779,0,0.131942779,-0.99125725,0,0,0,0.999999881],"scale":1.49443519,"type":"tree_aspen_small_low_group"}
{"pos":[324.115143,95.3700562,256.448242],"rotationMatrix":[0.476745039,-0.879041493,0,0.879041493,0.476745039,0,0,0,0.999999881],"scale":1.23556399,"type":"tree_aspen_small_low_group"}
{"pos":[306.626404,60.7533264,256.746765],"rotationMatrix":[0.464456618,0.885595918,0,-0.885595918,0.464456618,0,0,0,0.999999881],"scale":0.939682066,"type":"tree_aspen_small_low_group"}
{"pos":[230.723328,169.936768,253.581223],"rotationMatrix":[0.672438085,-0.740153193,0,0.740153193,0.672438085,0,0,0,0.999999881],"scale":1.00264478,"type":"tree_aspen_small_low_group"}
{"pos":[223.10582,171.629852,253.555389],"rotationMatrix":[0.469902396,-0.882718325,0,0.882718325,0.469902396,0,0,0,0.999999881],"scale":1.1737988,"type":"tree_aspen_small_low_group"}
{"pos":[191.222794,175.670273,253.658569],"rotationMatrix":[-0.0697680563,-0.997563124,0,0.997563124,-0.0697680563,0,0,0,0.999999881],"scale":1.46739578,"type":"tree_aspen_small_low_group"}
{"pos":[154.703354,92.0851974,254.248596],"rotationMatrix":[-0.989085376,-0.147342756,0,0.147342756,-0.989085376,0,0,0,0.999999881],"scale":1.02256262,"type":"tree_aspen_small_low_group"}
{"pos":[150.802399,77.5184021,253.774719],"rotationMatrix":[0.143826991,-0.989602804,0,0.989602804,0.143826991,0,0,0,0.999999881],"scale":1.25944614,"type":"tree_aspen_small_low_group"}
{"pos":[216.831955,98.0268173,254.262131],"rotationMatrix":[0.0615009852,0.998106897,0,-0.998106897,0.0615009852,0,0,0,0.999999881],"scale":1.33660531,"type":"tree_aspen_small_low_group"}
{"pos":[286.551514,64.5658188,255.529739],"rotationMatrix":[-0.911634982,-0.411000878,0,0.411000878,-0.911634982,0,0,0,0.999999881],"scale":1.26083183,"type":"tree_aspen_small_low_group"}
{"pos":[285.893066,219.261627,250.224457],"rotationMatrix":[0.977809489,-0.209495753,0,0.209495753,0.977809489,0,0,0,0.999999881],"scale":1.0204289,"type":"tree_aspen_small_low_group"}
{"pos":[308.950592,204.797363,263.039459],"rotationMatrix":[0.586903334,0.809656978,0,-0.809656978,0.586903334,0,0,0,0.999999881],"scale":1.10383451,"type":"tree_aspen_small_low_group"}
{"pos":[250.241776,105.976982,253.819199],"rotationMatrix":[0.464715034,0.885460317,0,-0.885460317,0.464715034,0,0,0,0.999999881],"scale":1.05606902,"type":"tree_aspen_small_low_group"}
{"pos":[-41.7315369,-327.448151,257.456909],"rotationMatrix":[0.417158544,0.908833742,0,-0.908833742,0.417158544,0,0,0,0.999999881],"scale":1.1617794,"type":"tree_aspen_small_low_group"}
{"pos":[-39.4238586,-108.116211,254.905762],"rotationMatrix":[0.254298389,-0.967125654,0,0.967125654,0.254298389,0,0,0,0.999999881],"scale":0.998220146,"type":"tree_aspen_small_low_group"}
{"pos":[-114.376755,-43.1905785,255.260574],"rotationMatrix":[-0.784576952,-0.620031476,0,0.620031476,-0.784576952,0,-0,0,0.999999881],"scale":1.1467514,"type":"tree_aspen_small_low_group"}
{"pos":[-140.361511,-41.8982773,255.567047],"rotationMatrix":[-0.969875693,-0.243600056,0,0.243600056,-0.969875693,0,-0,0,0.999999881],"scale":0.961925507,"type":"tree_aspen_small_low_group"}
{"pos":[-141.663605,-72.5231934,255.415817],"rotationMatrix":[0.941332042,0.337481797,0,-0.337481797,0.941332042,-0,-0,0,0.999999881],"scale":1.00045204,"type":"tree_aspen_small_low_group"}
{"pos":[-111.34494,-98.5943985,255.73288],"rotationMatrix":[0.418968737,-0.908000529,0,0.908000529,0.418968737,0,-0,0,0.999999881],"scale":1.35282135,"type":"tree_aspen_small_low_group"}
{"pos":[-114.397621,-69.5965347,255.521408],"rotationMatrix":[-0.205695763,-0.97861588,0,0.97861588,-0.205695763,0,-0,0,0.999999881],"scale":1.32644773,"type":"tree_aspen_small_low_group"}
{"pos":[-127.888123,-50.0401077,255.22641],"rotationMatrix":[-0.952070475,0.305878431,-0,-0.305878431,-0.952070475,0,-0,0,0.999999881],"scale":1.29176009,"type":"tree_aspen_small_low_group"}
{"pos":[-172.418655,-39.4291687,255.272293],"rotationMatrix":[-0.96400094,0.265898645,-0,-0.265898645,-0.96400094,0,-0,0,0.999999881],"scale":1.35972846,"type":"tree_aspen_small_low_group"}
{"pos":[-171.478989,-38.5022202,255.220139],"rotationMatrix":[-0.163011163,0.986624122,-0,-0.986624122,-0.163011163,0,-0,0,0.999999881],"scale":1.21565104,"type":"tree_aspen_small_low_group"}
{"pos":[-201.638351,-49.1385803,255.546448],"rotationMatrix":[0.650967002,0.75910598,0,-0.75910598,0.650967002,-0,-0,0,0.999999881],"scale":1.34411776,"type":"tree_aspen_small_low_group"}
{"pos":[-224.230637,-47.9637718,255.50528],"rotationMatrix":[0.329935908,0.944003344,0,-0.944003344,0.329935908,-0,-0,0,0.999999881],"scale":1.43250942,"type":"tree_aspen_small_low_group"}
{"pos":[-236.072891,-59.3571434,255.443329],"rotationMatrix":[-0.977121174,0.21268329,-0,-0.21268329,-0.977121174,0,-0,0,0.999999881],"scale":1.16077209,"type":"tree_aspen_small_low_group"}
{"pos":[-228.035934,-54.2011642,255.409256],"rotationMatrix":[0.003942654,0.999992132,0,-0.999992132,0.003942654,-0,-0,0,0.999999881],"scale":1.05606985,"type":"tree_aspen_small_low_group"}
{"pos":[-260.238556,1.38370895,252.60437],"rotationMatrix":[-0.794828951,-0.606833518,0,0.606833518,-0.794828951,0,-0,0,0.999999881],"scale":1.01399803,"type":"tree_aspen_small_low_group"}
{"pos":[-242.049545,4.22504425,250.466309],"rotationMatrix":[0.99767381,-0.0681665316,0,0.0681665316,0.99767381,0,-0,0,0.999999881],"scale":1.09116507,"type":"tree_aspen_small_low_group"}
{"pos":[-231.036331,-2.38446522,250.136703],"rotationMatrix":[0.878435314,-0.477861047,0,0.477861047,0.878435314,0,-0,0,0.999999881],"scale":1.04920363,"type":"tree_aspen_small_low_group"}
{"pos":[-240.242676,10.3487968,249.781418],"rotationMatrix":[-0.575112522,0.818074107,-0,-0.818074107,-0.575112522,0,-0,0,0.999999881],"scale":1.35577202,"type":"tree_aspen_small_low_group"}
{"pos":[-238.56131,-5.88860321,250.588165],"rotationMatrix":[0.842745483,-0.538312137,0,0.538312137,0.842745483,0,-0,0,0.999999881],"scale":1.37275755,"type":"tree_aspen_small_low_group"}
{"pos":[-246.227768,-9.56582928,251.109573],"rotationMatrix":[-0.788930416,0.614482462,-0,-0.614482462,-0.788930416,0,-0,0,0.999999881],"scale":1.3799063,"type":"tree_aspen_small_low_group"}
{"pos":[-238.624039,-4.5942173,250.904114],"rotationMatrix":[0.742939532,-0.669358432,0,0.669358432,0.742939532,0,-0,0,0.999999881],"scale":0.949534655,"type":"tree_aspen_small_low_group"}
{"pos":[-208.285995,-0.663946152,249.018936],"rotationMatrix":[0.493019074,0.870018542,0,-0.870018542,0.493019074,-0,-0,0,0.999999881],"scale":1.1444335,"type":"tree_aspen_small_low_group"}
{"pos":[-175.204773,-4.70046949,249.61055],"rotationMatrix":[-0.588953137,0.808166981,-0,-0.808166981,-0.588953137,0,-0,0,0.999999881],"scale":0.985555887,"type":"tree_aspen_small_low_group"}
{"pos":[-167.622635,6.46349335,249.157562],"rotationMatrix":[-0.944070816,0.329742461,-0,-0.329742461,-0.944070816,0,-0,0,0.999999881],"scale":1.37508333,"type":"tree_aspen_small_low_group"}
{"pos":[-164.170044,-0.142072678,249.375076],"rotationMatrix":[0.772550583,-0.634952962,0,0.634952962,0.772550583,0,-0,0,0.999999881],"scale":1.16991484,"type":"tree_aspen_small_low_group"}
{"pos":[-135.397247,0.407560349,249.301163],"rotationMatrix":[-0.109325618,0.994005859,-0,-0.994005859,-0.109325618,0,-0,0,0.999999881],"scale":1.00866866,"type":"tree_aspen_small_low_group"}
{"pos":[-124.490845,-0.315790176,249.878799],"rotationMatrix":[-0.90218544,0.431348145,-0,-0.431348145,-0.90218544,0,-0,0,0.999999881],"scale":1.04023325,"type":"tree_aspen_small_low_group"}
{"pos":[-115.136482,0.185027122,249.652573],"rotationMatrix":[-0.723781109,-0.690029502,0,0.690029502,-0.723781109,0,-0,0,0.999999881],"scale":1.3109138,"type":"tree_aspen_small_low_group"}
{"pos":[-100.022949,-4.00013924,249.590317],"rotationMatrix":[-0.937479734,-0.348039806,0,0.348039806,-0.937479734,0,-0,0,0.999999881],"scale":1.186077,"type":"tree_aspen_small_low_group"}
{"pos":[-287.056244,-23.1327,255.617691],