{"pos":[352.993774,56.5127869,258.109131],"rotationMatrix":[0.624649942,-0.78090477,0,0.78090477,0.624649942,0,0,0,0.999999881],"scale":1.31006479,"type":"tree_aspen_small_a"}
{"pos":[252.546631,162.470474,252.438492],"rotationMatrix":[0.986248314,0.165269881,0,-0.165269881,0.986248314,0,0,0,0.999999881],"scale":1.13743997,"type":"tree_aspen_small_a"}
{"pos":[194.784592,182.71701,253.994385],"rotationMatrix":[0.968643904,-0.248452798,0,0.248452798,0.968643904,0,0,0,0.999999881],"scale":1.33863747,"type":"tree_aspen_small_a"}
{"pos":[244.398666,180.564941,252.032486],"rotationMatrix":[-0.345010221,-0.938598871,0,0.938598871,-0.345010221,0,0,0,0.999999881],"scale":1.23349595,"type":"tree_aspen_small_a"}
{"pos":[203.96434,186.639023,254.196716],"rotationMatrix":[-0.691155374,0.722705901,0,-0.722705901,-0.691155374,0,0,0,0.999999881],"scale":1.2186439,"type":"tree_aspen_small_a"}
{"pos":[167.158691,60.1420708,254.083481],"rotationMatrix":[0.428374946,-0.903600991,0,0.903600991,0.428374946,0,0,0,0.999999881],"scale":1.19401228,"type":"tree_aspen_small_a"}
{"pos":[286.54306,72.2953415,255.728165],"rotationMatrix":[-0.791203082,0.611553192,0,-0.611553192,-0.791203082,0,0,0,0.999999881],"scale":1.07144177,"type":"tree_aspen_small_a"}
{"pos":[347.161072,244.30336,261.588837],"rotationMatrix":[0.487470776,0.873139322,0,-0.873139322,0.487470776,0,0,0,0.999999881],"scale":1.18438113,"type":"tree_aspen_small_a"}
{"pos":[354.615875,238.450378,263.602112],"rotationMatrix":[-0.950443208,0.310898125,0,-0.310898125,-0.950443208,0,0,0,0.999999881],"scale":1.25321698,"type":"tree_aspen_small_a"}
{"pos":[242.959305,216.353302,250.415482],"rotationMatrix":[-0.937111616,0.349029481,0,-0.349029481,-0.937111616,0,0,0,0.999999881],"scale":1.44960451,"type":"tree_aspen_small_a"}
{"pos":[319.792511,202.781693,263.905579],"rotationMatrix":[-0.199149817,0.979968965,0,-0.979968965,-0.199149817,0,0,0,0.999999881],"scale":1.32600164,"type":"tree_aspen_small_a"}
{"pos":[347.581055,235.763077,263.275146],"rotationMatrix":[0.597256422,-0.802050292,0,0.802050292,0.597256422,0,0,0,0.999999881],"scale":1.43247902,"type":"tree_aspen_small_a"}
{"pos":[440.333801,57.783287,258.02005],"rotationMatrix":[0.356344253,0.934354722,0,-0.934354722,0.356344253,0,0,0,0.999999881],"scale":1.39076054,"type":"tree_aspen_small_a"}
{"pos":[420.639099,104.057854,257.540588],"rotationMatrix":[-0.629499495,0.777000666,0,-0.777000666,-0.629499495,0,0,0,0.999999881],"scale":1.25393748,"type":"tree_aspen_small_a"}
{"pos":[409.486023,143.473373,259.244965],"rotationMatrix":[0.297626436,-0.954682291,0,0.954682291,0.297626436,0,0,0,0.999999881],"scale":1.35208058,"type":"tree_aspen_small_a"}
{"pos":[386.079895,155.511322,262.394165],"rotationMatrix":[-0.955687821,-0.294381678,0,0.294381678,-0.955687821,0,0,0,0.999999881],"scale":1.13115752,"type":"tree_aspen_small_a"}
{"pos":[389.181763,151.723953,262.288544],"rotationMatrix":[0.285313487,0.958434224,0,-0.958434224,0.285313487,0,0,0,0.999999881],"scale":1.15881228,"type":"tree_aspen_small_a"}
{"pos":[373.934296,171.151901,263.55072],"rotationMatrix":[0.697510302,-0.716574609,0,0.716574609,0.697510302,0,0,0,0.999999881],"scale":1.00343466,"type":"tree_aspen_small_a"}
{"pos":[373.866455,174.444641,263.578247],"rotationMatrix":[0.0964789763,-0.995334923,0,0.995334923,0.0964789763,0,0,0,0.999999881],"scale":1.27891469,"type":"tree_aspen_small_a"}
{"pos":[393.247437,217.487076,263.771973],"rotationMatrix":[0.584180892,0.811623454,0,-0.811623454,0.584180892,0,0,0,0.999999881],"scale":1.10714769,"type":"tree_aspen_small_a"}
{"pos":[394.115448,205.156372,263.79422],"rotationMatrix":[-0.918491304,-0.395441204,0,0.395441204,-0.918491304,0,0,0,0.999999881],"scale":1.26528955,"type":"tree_aspen_small_a"}
{"pos":[398.301208,204.021774,263.772034],"rotationMatrix":[0.456269979,0.889841378,0,-0.889841378,0.456269979,0,0,0,0.999999881],"scale":1.00480843,"type":"tree_aspen_small_a"}
{"pos":[409.751526,166.146194,259.266022],"rotationMatrix":[-0.946631789,0.322316974,0,-0.322316974,-0.946631789,0,0,0,0.999999881],"scale":1.11334825,"type":"tree_aspen_small_a"}
{"pos":[399.11795,170.67186,260.468536],"rotationMatrix":[0.111265272,0.993790627,0,-0.993790627,0.111265272,0,0,0,0.999999881],"scale":1.00793695,"type":"tree_aspen_small_a"}
{"pos":[387.867157,159.64415,262.034882],"rotationMatrix":[-0.994570971,-0.104059704,0,0.104059704,-0.994570971,0,0,0,0.999999881],"scale":1.4212935,"type":"tree_aspen_small_a"}
{"pos":[395.99939,163.992935,260.846802],"rotationMatrix":[0.216256544,0.976336539,0,-0.976336539,0.216256544,0,0,0,0.999999881],"scale":1.2366693,"type":"tree_aspen_small_a"}
{"pos":[383.638519,239.351044,263.451202],"rotationMatrix":[-0.323049247,0.946382046,0,-0.946382046,-0.323049247,0,0,0,0.999999881],"scale":1.32184982,"type":"tree_aspen_small_a"}
