{"pos":[787.728577,-112.478317,57.9798622],"rotationMatrix":[0.269599885,0.962972462,0,-0.962972462,0.269599885,0,0,0,0.999999881],"scale":1.45228648,"type":"tree_aspen_small_a"}
{"pos":[769.339661,-131.122696,58.4065475],"rotationMatrix":[0.578065157,0.815990627,0,-0.815990627,0.578065157,0,0,0,0.999999881],"scale":1.17788935,"type":"tree_aspen_small_a"}
{"pos":[779.860657,-125.450485,58.5055428],"rotationMatrix":[-0.999721706,-0.0235859044,0,0.0235859044,-0.999721706,0,0,0,0.999999881],"scale":1.20908272,"type":"tree_aspen_small_a"}
{"pos":[795.340393,-25.0318413,51.6007614],"rotationMatrix":[-0.997858286,-0.0654117018,0,0.0654117018,-0.997858286,0,-0,0,0.999999881],"scale":1.30995512,"type":"tree_aspen_small_a"}
{"pos":[798.821533,-42.4345055,51.6690025],"rotationMatrix":[-0.454915583,0.890534401,-0,-0.890534401,-0.454915583,0,-0,0,0.999999881],"scale":1.12755895,"type":"tree_aspen_small_a"}
