{"pos":[786.005676,-103.203819,56.7608719],"rotationMatrix":[0.517432749,-0.855723679,0,0.855723679,0.517432749,0,0,0,0.999999881],"scale":0.938196898,"type":"tree_aspen_forest_b"}
