{"pos":[764.578369,-111.784035,58.0499268],"rotationMatrix":[0.418197483,-0.908356011,0,0.908356011,0.418197483,0,0,0,0.999999881],"scale":0.754225492,"type":"tree_oak_forest_a"}
