{"pos":[-84.7807007,-36.8362999,47.1369019],"rotationMatrix":[-0.791724563,0.610681832,0,-0.610681832,-0.791724563,0,0,0,1],"scale":1,"type":"tree_oak_sml_b"}
{"pos":[-68.5646973,-47.2047997,47.8902016],"rotationMatrix":[-0.804240108,0.594384849,0,-0.594384849,-0.804240108,0,0,0,1],"scale":1,"type":"tree_oak_sml_b"}
{"pos":[-603.5,-342.606995,34.1515007],"rotationMatrix":[-0.74919796,-0.662308574,0,0.662308574,-0.74919796,0,0,0,1],"scale":1.06589997,"type":"tree_oak_sml_b"}
{"pos":[-576.643982,-554.494995,29.8635006],"rotationMatrix":[0.748517632,-0.663102031,0,0.663102031,0.748517632,0,0,0,1],"scale":1,"type":"tree_oak_sml_b"}
{"pos":[-603.864014,-700.75,36.0696983],"rotationMatrix":[-0.655108094,-0.755596817,0,0.755596817,-0.655108094,0,0,0,1],"scale":1,"type":"tree_oak_sml_b"}
{"pos":[-104.613998,35.678299,44.4586983],"rotationMatrix":[-0.865539193,0.50086385,0,-0.50086385,-0.865539193,0,0,0,1],"scale":1,"type":"tree_oak_sml_b"}
{"pos":[824.823792,-139.978897,52.7901001],"rotationMatrix":[0.0746559501,-0.997173131,0,0.997173131,0.0746559501,0,0,0,1],"scale":1,"type":"tree_oak_sml_b"}
{"pos":[301.950165,34.5418167,53.7087326],"rotationMatrix":[-0.1650462,0.986285865,0,-0.986285865,-0.1650462,0,0,0,1],"scale":1,"type":"tree_oak_sml_b"}
{"pos":[345.643921,24.5043526,54.594223],"rotationMatrix":[0.808645904,-0.588295639,0,0.588295639,0.808645904,0,0,0,1],"scale":1,"type":"tree_oak_sml_b"}
{"pos":[292.583221,66.2959518,55.375782],"rotationMatrix":[-0.498684078,0.866783798,0,-0.866783798,-0.498684078,0,0,0,1],"scale":1,"type":"tree_oak_sml_b"}
{"pos":[259.161194,144.221222,56.3821564],"rotationMatrix":[0.300478637,-0.953788519,0,0.953788519,0.300478637,0,0,0,1],"scale":1,"type":"tree_oak_sml_b"}
{"pos":[260.696991,131.236633,55.7045555],"rotationMatrix":[0.883763313,-0.467934191,0,0.467934191,0.883763313,0,0,0,1],"scale":1,"type":"tree_oak_sml_b"}
{"pos":[265.219452,137.825897,56.9031181],"rotationMatrix":[-0.372195601,-0.92815429,0,0.92815429,-0.372195601,0,0,0,1],"scale":1,"type":"tree_oak_sml_b"}
{"pos":[264.904694,148.702179,57.4618645],"rotationMatrix":[-0.509817243,-0.860282719,0,0.860282719,-0.509817243,0,0,0,1],"scale":1,"type":"tree_oak_sml_b"}
{"pos":[274.856018,164.774826,59.1086006],"rotationMatrix":[0.275592297,0.961274624,0,-0.961274624,0.275592297,0,0,0,1],"scale":1,"type":"tree_oak_sml_b"}
{"pos":[233.185516,174.840683,52.6024284],"rotationMatrix":[0.891630232,0.452764362,0,-0.452764362,0.891630232,0,0,0,1],"scale":1,"type":"tree_oak_sml_b"}
{"pos":[240.44577,178.595215,54.0468216],"rotationMatrix":[0.59801966,0.801481426,0,-0.801481426,0.59801966,0,0,0,1],"scale":1,"type":"tree_oak_sml_b"}
{"pos":[289.159851,224.161758,58.8702393],"rotationMatrix":[0.915245235,-0.402897239,0,0.402897239,0.915245235,0,0,0,1],"scale":1,"type":"tree_oak_sml_b"}
{"pos":[278.405426,225.460129,58.1306267],"rotationMatrix":[0.93803221,-0.34654811,0,0.34654811,0.93803221,0,0,0,1],"scale":1,"type":"tree_oak_sml_b"}
{"pos":[288.342621,228.235657,58.7801857],"rotationMatrix":[0.656737685,-0.754119098,0,0.754119098,0.656737685,0,0,0,1],"scale":1,"type":"tree_oak_sml_b"}
{"pos":[279.204834,247.392395,59.6163101],"rotationMatrix":[0.998407066,-0.0564208254,0,0.0564208254,0.998407066,0,0,0,1],"scale":1,"type":"tree_oak_sml_b"}
{"pos":[274.062042,440.153961,70.6829987],"rotationMatrix":[-0.245540127,-0.969386399,0,0.969386399,-0.245540127,0,0,0,1],"scale":1,"type":"tree_oak_sml_b"}
{"pos":[272.640198,417.300537,70.224884],"rotationMatrix":[-0.737903774,-0.674905956,0,0.674905956,-0.737903774,0,0,0,1],"scale":1,"type":"tree_oak_sml_b"}
{"pos":[268.679626,396.734161,68.1677933],"rotationMatrix":[0.608886719,0.793257177,0,-0.793257177,0.608886719,0,0,0,1],"scale":1,"type":"tree_oak_sml_b"}
{"pos":[267.460602,356.032928,62.2489929],"rotationMatrix":[-0.00265828846,-0.999996483,0,0.999996483,-0.00265828846,0,0,0,1],"scale":1,"type":"tree_oak_sml_b"}
{"pos":[314.911346,530.664734,67.8709488],"rotationMatrix":[-0.995662451,0.0930388346,0,-0.0930388346,-0.995662451,0,0,0,1],"scale":1,"type":"tree_oak_sml_b"}
{"pos":[218.212494,532.769714,51.2549362],"rotationMatrix":[0.974841774,-0.222897917,0,0.222897917,0.974841774,0,0,0,1],"scale":1,"type":"tree_oak_sml_b"}
{"pos":[227.903839,541.124329,53.4692307],"rotationMatrix":[-0.973482132,-0.22876294,0,0.22876294,-0.973482132,0,0,0,1],"scale":1,"type":"tree_oak_sml_b"}
{"pos":[160.883774,523.559631,36.1983414],"rotationMatrix":[-0.774016261,-0.633165777,0,0.633165777,-0.774016261,0,0,0,1],"scale":1,"type":"tree_oak_sml_b"}
{"pos":[171.752075,455.825409,36.8563118],"rotationMatrix":[-0.0877108201,-0.996145964,0,0.996145964,-0.0877108201,0,0,0,1],"scale":1,"type":"tree_oak_sml_b"}
{"pos":[177.808426,429.616364,39.6830826],"rotationMatrix":[-0.993057311,0.117631294,0,-0.117631294,-0.993057311,0,0,0,1],"scale":1,"type":"tree_oak_sml_b"}
{"pos":[20.4899063,-371.306885,46.7385254],"rotationMatrix":[0.238520756,0.971137404,0,-0.971137404,0.238520756,0,0,0,1],"scale":1,"type":"tree_oak_sml_b"}
{"pos":[17.1067753,-367.787933,47.120182],"rotationMatrix":[-0.460928828,0.887437105,0,-0.887437105,-0.460928828,0,0,0,1],"scale":1,"type":"tree_oak_sml_b"}
{"pos":[17.640274,-362.383026,46.1996117],"rotationMatrix":[-0.492688268,0.870205879,0,-0.870205879,-0.492688268,0,0,0,1],"scale":1,"type":"tree_oak_sml_b"}
{"pos":[31.327034,-382.536163,47.4598122],"rotationMatrix":[-0.426523507,-0.904476464,0,0.904476464,-0.426523507,0,0,0,1],"scale":1,"type":"tree_oak_sml_b"}
{"pos":[43.1945648,-401.005127,49.0442238],"rotationMatrix":[-0.106651202,0.994296491,0,-0.994296491,-0.106651202,0,0,0,1],"scale":1,"type":"tree_oak_sml_b"}
{"pos":[45.7740097,-410.182739,50.0965118],"rotationMatrix":[-0.606279492,-0.795251667,0,0.795251667,-0.606279492,0,0,0,1],"scale":1,"type":"tree_oak_sml_b"}
{"pos":[61.8106155,-412.402771,49.135006],"rotationMatrix":[0.826556146,-0.56285429,0,0.56285429,0.826556146,0,0,0,1],"scale":1,"type":"tree_oak_sml_b"}
{"pos":[-710.728027,417.007172,28.048069],"rotationMatrix":[0.495983571,0.868331909,0,-0.868331909,0.495983571,0,0,0,1],"scale":1,"type":"tree_oak_sml_b"}
{"pos":[-706.378967,421.531555,27.2296276],"rotationMatrix":[0.278048277,0.960567117,0,-0.960567117,0.278048277,0,0,0,1],"scale":1,"type":"tree_oak_sml_b"}
{"pos":[-696.916565,383.996948,28.1437187],"rotationMatrix":[-0.998751521,-0.0499542691,0,0.0499542691,-0.998751521,0,0,0,1],"scale":1,"type":"tree_oak_sml_b"}
{"pos":[-464.660492,691.064758,27.6701393],"rotationMatrix":[-0.27847603,0.960443199,0,-0.960443199,-0.27847603,0,0,0,1],"scale":1,"type":"tree_oak_sml_b"}
{"pos":[-461.620728,699.38446,28.1850986],"rotationMatrix":[-0.896144629,0.443762124,0,-0.443762124,-0.896144629,0,0,0,1],"scale":1,"type":"tree_oak_sml_b"}
{"pos":[-422.964905,701.043518,26.7797108],"rotationMatrix":[-0.709016502,-0.70519191,0,0.70519191,-0.709016502,0,0,0,1],"scale":1,"type":"tree_oak_sml_b"}
{"pos":[-414.781494,675.901062,26.1418285],"rotationMatrix":[0.984106064,0.177581757,0,-0.177581757,0.984106064,0,0,0,1],"scale":1,"type":"tree_oak_sml_b"}
{"pos":[-438.780579,678.771118,26.3869572],"rotationMatrix":[-0.997688949,-0.0679468811,0,0.0679468811,-0.997688949,0,0,0,1],"scale":1,"type":"tree_oak_sml_b"}
{"pos":[-512.372498,678.787354,31.0042763],"rotationMatrix":[-0.83011055,-0.557598829,0,0.557598829,-0.83011055,0,0,0,1],"scale":1,"type":"tree_oak_sml_b"}
{"pos":[-514.622559,677.798767,31.3684692],"rotationMatrix":[-0.362702489,0.931904972,0,-0.931904972,-0.362702489,0,0,0,1],"scale":1,"type":"tree_oak_sml_b"}
{"pos":[-496.390167,692.047791,28.285944],"rotationMatrix":[-0.875808477,-0.482658803,0,0.482658803,-0.875808477,0,0,0,1],"scale":1,"type":"tree_oak_sml_b"}
{"pos":[-497.980621,732.219604,30.0987911],"rotationMatrix":[-0.944055438,0.329786837,0,-0.329786837,-0.944055438,0,0,0,1],"scale":1,"type":"tree_oak_sml_b"}
{"pos":[-476.059082,728.880249,29.2072411],"rotationMatrix":[-0.905365765,0.424632609,0,-0.424632609,-0.905365765,0,0,0,1],"scale":1,