{"pos":[782.794922,-82.8205032,53.871273],"rotationMatrix":[-0.706750333,-0.707462847,0,0.707462847,-0.706750333,0,0,0,0.999999881],"scale":1,"type":"tree_oak_large_a"}
{"pos":[774.875793,-113.638176,58.0499268],"rotationMatrix":[0.954809487,-0.297218204,0,0.297218204,0.954809487,0,0,0,0.999999881],"scale":1,"type":"tree_oak_large_a"}
{"pos":[791.393433,-103.999504,57.9164658],"rotationMatrix":[0.980116427,0.198423132,0,-0.198423132,0.980116427,0,0,0,0.999999881],"scale":1,"type":"tree_oak_large_a"}
