{"pos":[22.9509029,-38.730648,254.141296],"rotationMatrix":[-0.574501514,0.81850332,0,-0.81850332,-0.574501514,0,0,0,0.999999881],"scale":1,"type":"tree_beech_bush_a"}
{"pos":[64.6669769,-40.8095741,254.379272],"rotationMatrix":[0.839836061,0.542840064,0,-0.542840064,0.839836061,0,0,0,0.999999881],"scale":1,"type":"tree_beech_bush_a"}
{"pos":[-724.015869,351.042633,233.036911],"rotationMatrix":[0.146398976,0.989225566,0,-0.989225566,0.146398976,0,0,0,0.999999881],"scale":1,"type":"tree_beech_bush_a"}
{"pos":[-601.173218,287.824341,233.10231],"rotationMatrix":[0.454048544,-0.890976906,0,0.890976906,0.454048544,0,0,0,0.999999881],"scale":1,"type":"tree_beech_bush_a"}
