{"pos":[775.803589,-104.913025,58.0297165],"rotationMatrix":[0.254133284,-0.967169106,0,0.967169106,0.254133284,0,0,0,0.999999881],"scale":1,"type":"tree_oak_large_b"}
{"pos":[744.132263,-142.610733,58.5958557],"rotationMatrix":[0.944477677,0.328575075,0,-0.328575075,0.944477677,0,0,0,0.999999762],"scale":1,"type":"tree_oak_large_b"}
{"pos":[701.380127,61.4971657,55.128624],"rotationMatrix":[0.210645854,-0.977562368,0,0.977562368,0.210645854,0,0,0,0.999999881],"scale":1,"type":"tree_oak_large_b"}
{"pos":[795.25708,-118.998253,58.2501068],"rotationMatrix":[-0.103053212,0.994675815,0,-0.994675815,-0.103053212,0,0,0,0.999999881],"scale":1,"type":"tree_oak_large_b"}
{"pos":[811.880249,-75.3206406,53.8585815],"rotationMatrix":[-0.755945563,-0.654634476,0,0.654634476,-0.755945563,0,0,0,0.999999881],"scale":1,"type":"tree_oak_large_b"}
{"pos":[821.040894,-90.1437302,58.0499268],"rotationMatrix":[0.894754648,0.446557969,0,-0.446557969,0.894754648,0,0,0,0.999999881],"scale":1,"type":"tree_oak_large_b"}
{"pos":[802.802917,-9.90171528,52.3929825],"rotationMatrix":[0.945096195,0.32679224,0,-0.32679224,0.945096195,0,0,0,0.999999881],"scale":1,"type":"tree_oak_large_b"}
{"pos":[797.214539,-5.03298998,51.9287109],"rotationMatrix":[0.97588402,-0.218289331,0,0.218289331,0.97588402,0,0,0,0.999999881],"scale":1,"type":"tree_oak_large_b"}
{"pos":[807.525696,0.575693369,53.8134651],"rotationMatrix":[-0.396511048,-0.918029904,0,0.918029904,-0.396511048,0,0,0,0.999999881],"scale":1,"type":"tree_oak_large_b"}
{"pos":[814.491943,-32.9540253,57.2898254],"rotationMatrix":[-0.396511048,-0.918029904,0,0.918029904,-0.396511048,0,0,0,0.999999881],"scale":1,"type":"tree_oak_large_b"}
{"pos":[747.041687,-185.340271,58.3922844],"rotationMatrix":[0.944477677,0.328575075,0,-0.328575075,0.944477677,0,0,0,0.999999762],"scale":1,"type":"tree_oak_large_b"}
{"pos":[854.061768,-76.835556,65.6257477],"rotationMatrix":[-0.396511048,-0.918029904,0,0.918029904,-0.396511048,0,0,0,0.999999881],"scale":1,"type":"tree_oak_large_b"}
{"pos":[761.229736,-238.917496,69.9993896],"rotationMatrix":[0.980194628,-0.19803597,0,0.19803597,0.980194628,0,0,0,0.999999881],"scale":1,"type":"tree_oak_large_b"}
{"pos":[702.091797,-232.960754,64.0096512],"rotationMatrix":[-0.314754367,0.949173033,0,-0.949173033,-0.314754367,0,0,0,0.999999881],"scale":1,"type":"tree_oak_large_b"}
{"pos":[732.041504,-245.148468,71.1073151],"rotationMatrix":[-0.992005408,0.12619321,0,-0.12619321,-0.992005408,0,0,0,0.999999642],"scale":2.02966309,"type":"tree_oak_large_b"}
