{"pos":[723.937683,-58.1363716,51.1764221],"rotationMatrix":[-0.591698587,0.80615896,0,-0.80615896,-0.591698587,0,0,0,0.999999642],"scale":1.15437448,"type":"tree_beech_bush_c"}
{"pos":[706.207153,-64.7023468,51.5365067],"rotationMatrix":[0.79484117,-0.606817365,0,0.606817365,0.79484117,0,0,0,0.999999762],"scale":0.883184493,"type":"tree_beech_bush_c"}
{"pos":[715.579651,-62.626915,51.1764221],"rotationMatrix":[-0.935930908,0.352182329,0,-0.352182329,-0.935930908,0,0,0,0.999999404],"scale":1.15437448,"type":"tree_beech_bush_c"}
{"pos":[704.204529,-70.0761566,51.5365067],"rotationMatrix":[0.79484117,-0.606817365,0,0.606817365,0.79484117,0,0,0,0.999999762],"scale":0.883184493,"type":"tree_beech_bush_c"}
{"pos":[710.413635,-79.4565582,51.1764221],"rotationMatrix":[-0.935930908,0.352182329,0,-0.352182329,-0.935930908,0,0,0,0.999999404],"scale":1.15437448,"type":"tree_beech_bush_c"}
{"pos":[738.790466,-57.5127907,51.1764221],"rotationMatrix":[-0.591698587,0.80615896,0,-0.80615896,-0.591698587,0,0,0,0.999999642],"scale":1.15437448,"type":"tree_beech_bush_c"}
{"pos":[757.417419,-52.1559067,51.5365067],"rotationMatrix":[0.79484117,-0.606817365,0,0.606817365,0.79484117,0,0,0,0.999999762],"scale":0.883184493,"type":"tree_beech_bush_c"}
{"pos":[776.048645,-38.8854561,51.5365067],"rotationMatrix":[0.79484117,-0.606817365,0,0.606817365,0.79484117,0,0,0,0.999999762],"scale":0.883184493,"type":"tree_beech_bush_c"}
{"pos":[764.467041,-38.5414505,51.5365067],"rotationMatrix":[0.79484117,-0.606817365,0,0.606817365,0.79484117,0,0,0,0.999999762],"scale":0.56580168,"type":"tree_beech_bush_c"}
{"pos":[763.958069,-18.7097034,51.5365067],"rotationMatrix":[0.79484117,-0.606817365,0,0.606817365,0.79484117,0,0,0,0.999999762],"scale":0.883184493,"type":"tree_beech_bush_c"}
{"pos":[762.3349,-16.9592915,51.1764221],"rotationMatrix":[-0.935930908,0.352182329,0,-0.352182329,-0.935930908,0,0,0,0.999999404],"scale":1.69402301,"type":"tree_beech_bush_c"}
{"pos":[729.341797,4.72167206,51.1764221],"rotationMatrix":[-0.935930908,0.352182329,0,-0.352182329,-0.935930908,0,0,0,0.999999404],"scale":1.15437448,"type":"tree_beech_bush_c"}
{"pos":[725.277344,3.97762299,51.5365067],"rotationMatrix":[0.79484117,-0.606817365,0,0.606817365,0.79484117,0,0,0,0.999999762],"scale":0.883184493,"type":"tree_beech_bush_c"}
{"pos":[767.077271,-95.9686127,53.4386292],"rotationMatrix":[-0.335246652,-0.942130327,0,0.942130327,-0.335246652,0,0,0,0.999999881],"scale":0.809531927,"type":"tree_beech_bush_c"}
{"pos":[758.818542,-94.6367035,52.1773605],"rotationMatrix":[-0.45541659,0.89027828,0,-0.89027828,-0.45541659,0,0,0,0.999999881],"scale":1.01685047,"type":"tree_beech_bush_c"}
{"pos":[780.37854,-75.3013,53.3874207],"rotationMatrix":[-0.996658564,0.0816791728,0,-0.0816791728,-0.996658564,0,0,0,0.999999881],"scale":0.99369657,"type":"tree_beech_bush_c"}
{"pos":[784.209045,-89.250267,53.6580124],"rotationMatrix":[-0.854180753,-0.51997602,0,0.51997602,-0.854180753,0,0,0,0.999999881],"scale":0.887024522,"type":"tree_beech_bush_c"}
{"pos":[788.543152,-104.671341,57.5989151],"rotationMatrix":[-0.873404443,0.486995548,0,-0.486995548,-0.873404443,0,0,0,0.999999881],"scale":1.03004336,"type":"tree_beech_bush_c"}
{"pos":[782.954773,-99.8026123,57.9378014],"rotationMatrix":[-0.763609946,-0.645677626,0,0.645677626,-0.763609946,0,0,0,0.999999881],"scale":0.863069594,"type":"tree_beech_bush_c"}
{"pos":[784.256836,-106.393768,58.0060425],"rotationMatrix":[0.99967736,-0.0253961943,0,0.0253961943,0.99967736,0,0,0,0.999999881],"scale":0.874947369,"type":"tree_beech_bush_c"}
{"pos":[780.290344,-109.715034,57.7139473],"rotationMatrix":[0.0939494595,-0.995576918,0,0.995576918,0.0939494595,0,0,0,0.999999881],"scale":0.965828419,"type":"tree_beech_bush_c"}
{"pos":[774.586426,-109.891815,57.98629],"rotationMatrix":[-0.995597541,0.0937300771,0,-0.0937300771,-0.995597541,0,0,0,0.999999881],"scale":0.907744169,"type":"tree_beech_bush_c"}
{"pos":[780.169983,-102.863739,57.9039955],"rotationMatrix":[0.793268085,-0.608872294,0,0.608872294,0.793268085,0,0,0,0.999999881],"scale":0.887661755,"type":"tree_beech_bush_c"}
{"pos":[777.757751,-98.7517319,56.4923477],"rotationMatrix":[-0.995811045,-0.0914338157,0,0.0914338157,-0.995811045,0,0,0,0.999999881],"scale":0.843204498,"type":"tree_beech_bush_c"}
{"pos":[782.647888,-107.529037,57.765007],"rotationMatrix":[-0.972785592,0.231706887,0,-0.231706887,-0.972785592,0,0,0,0.999999881],"scale":0.93286401,"type":"tree_beech_bush_c"}
{"pos":[766.758057,-114.336922,57.7361412],"rotationMatrix":[0.298991621,0.95425576,0,-0.95425576,0.298991621,0,0,0,0.999999881],"scale":0.863300443,"type":"tree_beech_bush_c"}
{"pos":[772.272339,-106.525902,57.7674751],"rotationMatrix":[0.999802828,0.0198506806,0,-0.0198506806,0.999802828,0,0,0,0.999999881],"scale":0.952543259,"type":"tree_beech_bush_c"}
{"pos":[788.573364,-103.667885,57.8254318],"rotationMatrix":[-0.680150867,0.733071923,0,-0.733071923,-0.680150867,0,0,0,0.999999881],"scale":0.931121588,"type":"tree_beech_bush_c"}
{"pos":[781.94165,-90.9328003,53.9155731],"rotationMatrix":[0.917025685,0.398828089,0,-0.398828089,0.917025685,0,0,0,0.999999881],"scale":1.12003541,"type":"tree_beech_bush_c"}
{"pos":[778.758972,-84.1182938,53.7411308],"rotationMatrix":[0.944261134,0.329197228,0,-0.329197228,0.944261134,0,0,0,0.999999881],"scale":0.90898484,"type":"tree_beech_bush_c"}
{"pos":[778.758667,-93.2140579,53.6223412],"rotationMatrix":[0.475613534,-0.879654169,0,0.879654169,0.475613534,0,0,0,0.999999881],"scale":0.9148525,"type":"tree_beech_bush_c"}
{"pos":[772.641907,-90.8284378,53.6133308],"rotationMatrix":[-0.965324879,0.261051059,0,-0.261051059,-0.965324879,0,0,0,0.999999881],"scale":0.987707615,"type":"tree_beech_bush_c"}
{"pos":[762.048706,-102.823425,53.6813698],"rotationMatrix":[-0.83057636,0.556904614,0,-0.556904614,-0.83057636,0,0,0,0.999999881],"scale":0.877717257,"type":"tree_beech_bush_c"}
{"pos":[755.73175,-91.9934616,51.7744141],"rotationMatrix":[0.882740676,0.469860435,0,-0.469860435,0.882740676,0,0,0,0.999999881],"scale":1.04764283,"type":"tree_beech_bush_c"}
{"pos":[756.682739,-89.8835983,51.8208389],"rotationMatrix":[-0.74072063,0.671813071,0,-0.671813071,-0.74072063,0,0,0,0.999999881],"scale":0.936262608,"type":"tree_beech_bush_c"}
{"pos":[698.445679,-106.577728,52.0143852],"rotationMatrix":[-0.812276185,-0.583272994,0,0.583272994,-0.812276185,0,0,0,0.999999881],"scale":0.92628634,"type":"tree_beech_bush_c"}
{"pos":[700.566589,-108.008987,52.6631889],"rotationMatrix":[0.684149265,-0.729341805,0,0.729341805,0.684149265,0,0,0,0.999999881],"scale":0.823849082,"type":"tree_beech_bush_c"}
{"pos":[701.399353,-111.533928,53.2676735],"rotationMatrix":[0.939689934,0.342027485,0,-0.342027485,0.939689934,0,0,0,0.999999881],"scale":0.905126989,"type":"tree_beech_bush_c"}
{"pos":[721.486389,-108.565331,56.3149376],"rotationMatrix":[-0.149652079,0.988738596,0,-0.988738596,-0.149652079,0,0,0,0.999999881],"scale":1.17835343,"type":"tree_beech_bush_c"}
{"pos":[737.124634,-110.831841,52.8386574],"rotationMatrix":[0.87342447,-0.486959308,0,0.486959308,0.87342447,0,0,0,0.999999881],"scale":0.944095016,"type":"tree_beech_bush_c"}
{"pos":[741.136475,-110.965721,53.2193108],"rotationMatrix":[-0.861142337,-0.508363724,0,0.508363724,-0.861142337,0,0,0,0.999999881],"scale":1.00779152,"type":"tree_beech_bush_c"}
{"pos":[741.437073,-113.561462,55.4275589],"rotationMatrix":[-0.836871624,-0.547399223,0,0.547399223,-0.836871624,0,0,0,0.999999881],"scale":1.12206972,"type":"tree_beech_bush_c"}
{"pos":[743.434082,-114.606041,56.9670143],"rotationMatrix":[-0.653869331,-0.756607354,0,0.756607354,-0.653869331,0,0,0,0.999999881],"scale":1.17227626,"type":"tree_beech_bush_c"}
{"pos":[755.711731,-105.435844,52.4391212],"rotationMatrix":[0.176752359,-0.984255254,0,0.984255254,0.176752359,0,0,0,0.999999881],"scale":0.872254074,"type":"tree_beech_bush_c"}
{"pos":[755.314453,-111.472733,56.9837914],"rotationMatrix":[-0.966360152,-0.257192165,0,0.257192165,-0.966360152,0,0,0,0.999999881],