{"pos":[19.3964233,4.78934669,250],"rotationMatrix":[-0.996034205,0.0889702514,0,-0.0889702514,-0.996034205,0,0,0,0.999999881],"scale":1,"type":"tree_douglasfir_chopped"}
{"pos":[-28.7851696,-12.9402504,249.994537],"rotationMatrix":[0.999590039,-0.0286262631,0,0.0286262631,0.999590039,0,0,0,0.999999881],"scale":1,"type":"tree_douglasfir_chopped"}
