{"pos":[-7.06264114,-70.8977203,254.379272],"rotationMatrix":[0.968636155,-0.248483032,0,0.248483032,0.968636155,0,0,0,0.999999881],"scale":0.711525142,"type":"tree_oak_bush_b"}
{"pos":[-513.198303,-171.708008,262.039185],"rotationMatrix":[0.165780663,-0.986162603,0,0.986162603,0.165780663,0,-0,0,0.999999881],"scale":0.786829114,"type":"tree_oak_bush_b"}
{"pos":[-519.135681,-171.130585,262.039185],"rotationMatrix":[-0.368819565,0.929500878,-0,-0.929500878,-0.368819565,0,-0,0,0.999999881],"scale":0.945811689,"type":"tree_oak_bush_b"}
{"pos":[-526.443604,-165.288727,262.039185],"rotationMatrix":[-0.985263228,-0.171044484,0,0.171044484,-0.985263228,0,-0,0,0.999999881],"scale":1.18339002,"type":"tree_oak_bush_b"}
{"pos":[-535.917358,-170.869049,262.039185],"rotationMatrix":[0.664238989,-0.747520149,0,0.747520149,0.664238989,0,-0,0,0.999999881],"scale":0.80237627,"type":"tree_oak_bush_b"}
{"pos":[-555.928772,-174.035416,262.039185],"rotationMatrix":[0.868295908,-0.496046305,0,0.496046305,0.868295908,0,-0,0,0.999999881],"scale":0.75562489,"type":"tree_oak_bush_b"}
{"pos":[-553.016174,-172.539413,262.039185],"rotationMatrix":[0.622804999,-0.782376885,0,0.782376885,0.622804999,0,-0,0,0.999999881],"scale":1.09964693,"type":"tree_oak_bush_b"}
{"pos":[-575.896606,-180.365402,262.32486],"rotationMatrix":[0.448223591,0.893921494,0,-0.893921494,0.448223591,-0,-0,0,0.999999881],"scale":1.06195569,"type":"tree_oak_bush_b"}
{"pos":[-588.858704,-164.578812,262.548889],"rotationMatrix":[0.732644856,0.680611074,0,-0.680611074,0.732644856,-0,-0,0,0.999999881],"scale":0.735690653,"type":"tree_oak_bush_b"}
{"pos":[-592.559998,-166.574249,262.650696],"rotationMatrix":[-0.638050258,0.769994497,-0,-0.769994497,-0.638050258,0,-0,0,0.999999881],"scale":0.782421112,"type":"tree_oak_bush_b"}
{"pos":[-591.765259,-163.99884,262.742126],"rotationMatrix":[-0.881116569,0.47289905,-0,-0.47289905,-0.881116569,0,-0,0,0.999999881],"scale":1.02851999,"type":"tree_oak_bush_b"}
{"pos":[-559.233093,-182.194901,262.395721],"rotationMatrix":[0.237022087,-0.971504152,0,0.971504152,0.237022087,0,-0,0,0.999999881],"scale":1.17800498,"type":"tree_oak_bush_b"}
{"pos":[-536.269775,-179.79071,262.194275],"rotationMatrix":[-0.876170516,0.482001036,-0,-0.482001036,-0.876170516,0,-0,0,0.999999881],"scale":1.13711619,"type":"tree_oak_bush_b"}
{"pos":[-517.135132,-178.311569,262.134491],"rotationMatrix":[0.860705435,-0.509103,0,0.509103,0.860705435,0,-0,0,0.999999881],"scale":1.0942446,"type":"tree_oak_bush_b"}
{"pos":[-522.090027,-174.827972,262.039185],"rotationMatrix":[-0.62587285,0.77992487,-0,-0.77992487,-0.62587285,0,-0,0,0.999999881],"scale":1.15827739,"type":"tree_oak_bush_b"}
{"pos":[-521.400085,-170.222733,262.039185],"rotationMatrix":[0.998633564,0.052256912,0,-0.052256912,0.998633564,-0,-0,0,0.999999881],"scale":1.0090872,"type":"tree_oak_bush_b"}
{"pos":[-554.10083,-158.934174,262.305145],"rotationMatrix":[-0.204552323,0.978855491,-0,-0.978855491,-0.204552323,0,-0,0,0.999999881],"scale":0.885134161,"type":"tree_oak_bush_b"}
{"pos":[-556.908936,-154.122681,262.508453],"rotationMatrix":[-0.922731519,-0.38544327,0,0.38544327,-0.922731519,0,-0,0,0.999999881],"scale":0.860071898,"type":"tree_oak_bush_b"}
{"pos":[-579.898132,-159.908524,262.577423],"rotationMatrix":[0.735299528,0.677742243,0,-0.677742243,0.735299528,-0,-0,0,0.999999881],"scale":1.13045764,"type":"tree_oak_bush_b"}
{"pos":[-591.86731,-161.845184,262.862152],"rotationMatrix":[-0.0141194807,-0.999900222,0,0.999900222,-0.0141194807,0,-0,0,0.999999881],"scale":1.08790433,"type":"tree_oak_bush_b"}
{"pos":[-569.8255,-157.319489,262.601746],"rotationMatrix":[0.164853752,-0.986317933,0,0.986317933,0.164853752,0,-0,0,0.999999881],"scale":0.858561993,"type":"tree_oak_bush_b"}
{"pos":[-535.652344,-151.668503,262.308533],"rotationMatrix":[-0.960056305,0.279806465,-0,-0.279806465,-0.960056305,0,-0,0,0.999999881],"scale":1.28494585,"type":"tree_oak_bush_b"}
{"pos":[-519.458191,-155.777649,262.107025],"rotationMatrix":[0.208665296,0.977987111,0,-0.977987111,0.208665296,-0,-0,0,0.999999881],"scale":1.19330287,"type":"tree_oak_bush_b"}
{"pos":[-502.475861,-166.192856,262.039185],"rotationMatrix":[-0.848382592,-0.5293836,0,0.5293836,-0.848382592,0,-0,0,0.999999881],"scale":1.00408518,"type":"tree_oak_bush_b"}
{"pos":[-487.868134,-167.513733,262.029327],"rotationMatrix":[0.391603529,-0.920133948,0,0.920133948,0.391603529,0,-0,0,0.999999881],"scale":1.06601489,"type":"tree_oak_bush_b"}
