{"pos":[775.803589,-104.913025,58.0297165],"rotationMatrix":[0.254133284,-0.967169106,0,0.967169106,0.254133284,0,0,0,0.999999881],"scale":1,"type":"tree_oak_large_b"}
{"pos":[744.132263,-142.610733,58.5958557],"rotationMatrix":[0.944477677,0.328575075,0,-0.328575075,0.944477677,0,0,0,0.999999762],"scale":1,"type":"tree_oak_large_b"}
