{"pos":[767.929138,-79.2942429,52.4910278],"rotationMatrix":[0.981422603,0.191857994,0,-0.191857994,0.981422603,0,0,0,0.999999881],"scale":1,"type":"tree_oak_large_c"}
{"pos":[767.174255,-135.645874,58.5526466],"rotationMatrix":[0.864886999,0.501966536,0,-0.501966536,0.864886999,0,0,0,0.999999881],"scale":1,"type":"tree_oak_large_c"}
{"pos":[784.81134,-123.72541,58.1583595],"rotationMatrix":[0.805329025,-0.592827976,0,0.592827976,0.805329025,0,0,0,0.999999881],"scale":1,"type":"tree_oak_large_c"}
