{"pos":[772.42688,-103.486099,57.0641632],"rotationMatrix":[-0.505797029,-0.862652361,0,0.862652361,-0.505797029,0,0,0,0.999999881],"scale":1.03588033,"type":"tree_aspen_wall"}
{"pos":[764.057739,-106.269997,54.4147835],"rotationMatrix":[0.42597717,0.904733896,0,-0.904733896,0.42597717,0,0,0,0.999999881],"scale":1.2916925,"type":"tree_aspen_wall"}
{"pos":[767.108093,-106.552124,55.6468887],"rotationMatrix":[-0.840111196,-0.542414188,0,0.542414188,-0.840111196,0,0,0,0.999999881],"scale":1.24174893,"type":"tree_aspen_wall"}
