{"pos":[-16.3843994,-405.490997,54.9572983],"rotationMatrix":[-0.976072073,-0.217089608,0,0.217089608,-0.976072073,0,0,0,1],"scale":0.82249999,"type":"tree_oak_dead_b"}
{"pos":[494.733002,632.002991,48.0480995],"rotationMatrix":[-0.74620676,-0.665853441,0,0.665853441,-0.74620676,0,0,0,1],"scale":1.04289997,"type":"tree_oak_dead_b"}
{"pos":[493.862,623.609985,47.672699],"rotationMatrix":[0.857848883,0.513898194,0,-0.513898194,0.857848883,0,0,0,1],"scale":1.15849996,"type":"tree_oak_dead_b"}
