{"pos":[1.33266973,-30.0057507,253.037842],"rotationMatrix":[-0.380784303,0.924663782,0,-0.924663782,-0.380784303,0,0,0,0.999999881],"scale":1,"type":"tree_beech_bush_b"}
{"pos":[-10.7442236,-36.0355911,252.744553],"rotationMatrix":[-0.787289679,0.616583169,0,-0.616583169,-0.787289679,0,0,0,0.999999881],"scale":1,"type":"tree_beech_bush_b"}
{"pos":[-13.2639933,-37.4397354,252.086456],"rotationMatrix":[0.672066927,-0.740490437,0,0.740490437,0.672066927,0,0,0,0.999999762],"scale":1,"type":"tree_beech_bush_b"}
{"pos":[7.0206461,-25.1748486,251.269409],"rotationMatrix":[0.114532039,0.993419468,0,-0.993419468,0.114532039,0,0,0,0.999999881],"scale":1,"type":"tree_beech_bush_b"}
{"pos":[5.60958719,-24.1993237,251.192398],"rotationMatrix":[-0.0633914098,0.997988641,0,-0.997988641,-0.0633914098,0,0,0,0.999999881],"scale":1,"type":"tree_beech_bush_b"}
{"pos":[5.65402746,-20.967947,250.4505],"rotationMatrix":[-0.14966248,-0.988737047,0,0.988737047,-0.14966248,0,0,0,0.999999881],"scale":1,"type":"tree_beech_bush_b"}
{"pos":[-3.24627876,-23.2948475,250.881683],"rotationMatrix":[0.599195421,-0.800602674,0,0.800602674,0.599195421,0,0,0,0.999999881],"scale":1,"type":"tree_beech_bush_b"}
{"pos":[-5.22895527,-20.1238327,250.03212],"rotationMatrix":[0.605541408,0.795813739,0,-0.795813739,0.605541408,0,0,0,0.999999881],"scale":1,"type":"tree_beech_bush_b"}
{"pos":[-4.21386147,-22.1982727,250.588196],"rotationMatrix":[0.996370137,-0.0851253867,0,0.0851253867,0.996370137,0,0,0,0.999999881],"scale":1,"type":"tree_beech_bush_b"}
