{"pos":[724.821716,-41.0204544,51.9287109],"rotationMatrix":[0.96685499,0.255325854,0,-0.255325854,0.96685499,0,0,0,0.999999881],"scale":1,"type":"tree_douglasfir_chopped"}
{"pos":[770.240906,-3.99819589,52.1938705],"rotationMatrix":[0.973420024,-0.229026824,0,0.229026824,0.973420024,0,-0,0,0.999999881],"scale":1,"type":"tree_douglasfir_chopped"}
