{"pos":[322.928619,86.764534,257.096069],"rotationMatrix":[-0.99125725,-0.131942779,0,0.131942779,-0.99125725,0,0,0,0.999999881],"scale":1.49443519,"type":"tree_aspen_small_low_group"}
{"pos":[324.115143,95.3700562,256.448242],"rotationMatrix":[0.476745039,-0.879041493,0,0.879041493,0.476745039,0,0,0,0.999999881],"scale":1.23556399,"type":"tree_aspen_small_low_group"}
{"pos":[306.626404,60.7533264,256.746765],"rotationMatrix":[0.464456618,0.885595918,0,-0.885595918,0.464456618,0,0,0,0.999999881],"scale":0.939682066,"type":"tree_aspen_small_low_group"}
{"pos":[230.723328,169.936768,253.581223],"rotationMatrix":[0.672438085,-0.740153193,0,0.740153193,0.672438085,0,0,0,0.999999881],"scale":1.00264478,"type":"tree_aspen_small_low_group"}
{"pos":[223.10582,171.629852,253.555389],"rotationMatrix":[0.469902396,-0.882718325,0,0.882718325,0.469902396,0,0,0,0.999999881],"scale":1.1737988,"type":"tree_aspen_small_low_group"}
{"pos":[191.222794,175.670273,253.658569],"rotationMatrix":[-0.0697680563,-0.997563124,0,0.997563124,-0.0697680563,0,0,0,0.999999881],"scale":1.46739578,"type":"tree_aspen_small_low_group"}
{"pos":[154.703354,92.0851974,254.248596],"rotationMatrix":[-0.989085376,-0.147342756,0,0.147342756,-0.989085376,0,0,0,0.999999881],"scale":1.02256262,"type":"tree_aspen_small_low_group"}
{"pos":[150.802399,77.5184021,253.774719],"rotationMatrix":[0.143826991,-0.989602804,0,0.989602804,0.143826991,0,0,0,0.999999881],"scale":1.25944614,"type":"tree_aspen_small_low_group"}
{"pos":[216.831955,98.0268173,254.262131],"rotationMatrix":[0.0615009852,0.998106897,0,-0.998106897,0.0615009852,0,0,0,0.999999881],"scale":1.33660531,"type":"tree_aspen_small_low_group"}
{"pos":[286.551514,64.5658188,255.529739],"rotationMatrix":[-0.911634982,-0.411000878,0,0.411000878,-0.911634982,0,0,0,0.999999881],"scale":1.26083183,"type":"tree_aspen_small_low_group"}
{"pos":[285.893066,219.261627,250.224457],"rotationMatrix":[0.977809489,-0.209495753,0,0.209495753,0.977809489,0,-0,0,0.999999881],"scale":1.0204289,"type":"tree_aspen_small_low_group"}
{"pos":[308.950592,204.797363,263.039459],"rotationMatrix":[0.586903334,0.809656978,0,-0.809656978,0.586903334,-0,-0,0,0.999999881],"scale":1.10383451,"type":"tree_aspen_small_low_group"}
