{"pos":[1.26307511,-21.2249928,250.415909],"rotationMatrix":[-0.696850836,-0.717216074,0,0.717216074,-0.696850836,0,-0,0,0.999999881],"scale":1.08462071,"type":"tree_aspen_bush_b"}
