{"pos":[762.677673,-6.39528322,52.1769867],"rotationMatrix":[0.57273829,0.819738269,0,-0.819738269,0.57273829,0,0,0,0.999999881],"scale":0.528599977,"type":"tree_beech_dead_a"}
{"pos":[760.113953,-94.7657776,52.6039276],"rotationMatrix":[-0.487816423,0.872946084,0,-0.872946084,-0.487816423,0,0,0,0.999999881],"scale":1.17607915,"type":"tree_beech_dead_a"}
{"pos":[763.513184,-94.6322632,52.9100494],"rotationMatrix":[-0.688528359,0.725209355,0,-0.725209355,-0.688528359,0,0,0,0.999999881],"scale":0.905159831,"type":"tree_beech_dead_a"}
{"pos":[773.688354,-93.1105881,53.9697762],"rotationMatrix":[-0.736207724,-0.676755607,0,0.676755607,-0.736207724,0,0,0,0.999999881],"scale":0.560165823,"type":"tree_beech_dead_a"}
{"pos":[774.636597,-86.6181717,53.6845856],"rotationMatrix":[0.827655017,-0.561237037,0,0.561237037,0.827655017,0,0,0,0.999999881],"scale":0.907075822,"type":"tree_beech_dead_a"}
{"pos":[785.919373,-108.437416,58.0499268],"rotationMatrix":[-0.891549349,0.452923566,0,-0.452923566,-0.891549349,0,0,0,0.999999881],"scale":0.620033443,"type":"tree_beech_dead_a"}
{"pos":[787.779175,-98.9446259,57.7666168],"rotationMatrix":[-0.999991059,0.00419957936,0,-0.00419957936,-0.999991059,0,0,0,0.999999881],"scale":0.686279297,"type":"tree_beech_dead_a"}
{"pos":[781.649109,-100.505249,57.9800873],"rotationMatrix":[-0.536110163,0.844147861,0,-0.844147861,-0.536110163,0,0,0,0.999999881],"scale":0.886859775,"type":"tree_beech_dead_a"}
{"pos":[780.853149,-108.262291,58.0499268],"rotationMatrix":[0.777540743,-0.6288324,0,0.6288324,0.777540743,0,0,0,0.999999881],"scale":1.17483735,"type":"tree_beech_dead_a"}
{"pos":[771.10968,-107.572845,58.0458565],"rotationMatrix":[-0.745091617,-0.666962087,0,0.666962087,-0.745091617,0,0,0,0.999999881],"scale":0.996694624,"type":"tree_beech_dead_a"}
{"pos":[769.196655,-106.680077,57.8145828],"rotationMatrix":[-0.996274173,0.086241588,0,-0.086241588,-0.996274173,0,0,0,0.999999881],"scale":0.954262018,"type":"tree_beech_dead_a"}
{"pos":[770.037354,-112.780487,58.0499268],"rotationMatrix":[-0.939370215,0.342904478,0,-0.342904478,-0.939370215,0,0,0,0.999999881],"scale":0.510724723,"type":"tree_beech_dead_a"}
