{"pos":[772.560059,-120.424461,58.3681946],"rotationMatrix":[-0.494797051,-0.869008362,0,0.869008362,-0.494797051,0,0,0,0.999999881],"scale":1.34704041,"type":"tree_aspen_small_b"}
{"pos":[817.700745,-121.898804,58.0402527],"rotationMatrix":[-0.946626723,-0.322331935,0,0.322331935,-0.946626723,0,-0,0,0.999999881],"scale":1.0103538,"type":"tree_aspen_small_b"}
{"pos":[790.225769,-112.79641,57.988472],"rotationMatrix":[0.574685216,-0.818374455,0,0.818374455,0.574685216,0,-0,0,0.999999881],"scale":1.04834831,"type":"tree_aspen_small_b"}
{"pos":[786.228943,-127.125267,57.7765808],"rotationMatrix":[0.963190854,-0.2688182,0,0.2688182,0.963190854,0,-0,0,0.999999881],"scale":1.10908604,"type":"tree_aspen_small_b"}
