{"pos":[-324.026001,-197.703995,37.3618011],"rotationMatrix":[-0.597399354,0.80182761,0,-0.80182761,-0.597399354,0,0,0,1],"scale":0.728500009,"type":"tree_oak_large_a"}
{"pos":[-306.601013,-295.645996,38.125],"rotationMatrix":[0.710895896,0.703293979,0,-0.703293979,0.710895896,0,0,0,1],"scale":0.861299992,"type":"tree_oak_large_a"}
{"pos":[-373.713013,-377.869995,36.2924004],"rotationMatrix":[0.985787034,-0.167993039,0,0.167993039,0.985787034,0,0,0,1],"scale":0.702099979,"type":"tree_oak_large_a"}
{"pos":[-376.014008,-491.101013,40.3727989],"rotationMatrix":[-0.795891523,-0.605705917,0,0.605705917,-0.795891523,0,0,0,1],"scale":0.91900003,"type":"tree_oak_large_a"}
{"pos":[-370.945007,-503.806,40.9478989],"rotationMatrix":[0.896760345,0.44249472,0,-0.44249472,0.896760345,0,0,0,1],"scale":1.28789997,"type":"tree_oak_large_a"}
{"pos":[-451.299988,-586.473999,34.9389992],"rotationMatrix":[-0.789075255,-0.614391685,0,0.614391685,-0.789075255,0,0,0,1],"scale":1.02600002,"type":"tree_oak_large_a"}
{"pos":[-323.015015,-838.78302,34.9143982],"rotationMatrix":[-0.559024811,0.82904309,0,-0.82904309,-0.559024811,0,0,0,1],"scale":1.21539998,"type":"tree_oak_large_a"}
{"pos":[-314.816986,-860.736023,23.0813007],"rotationMatrix":[0.170785666,-0.985295773,0,0.985295773,0.170785666,0,0,0,1],"scale":1.19340003,"type":"tree_oak_large_a"}
{"pos":[-426.450989,-837.333008,45.7714005],"rotationMatrix":[-0.515192389,0.857169926,0,-0.857169926,-0.515192389,0,0,0,1],"scale":0.964699984,"type":"tree_oak_large_a"}
{"pos":[-396.528015,-823.708008,46.7971992],"rotationMatrix":[0.875299811,-0.483568996,0,0.483568996,0.875299811,0,0,0,1],"scale":1.09930003,"type":"tree_oak_large_a"}
{"pos":[-537.380981,-247.494003,29.3162003],"rotationMatrix":[0.467694342,-0.883943081,0,0.883943081,0.467694342,0,0,0,1],"scale":0.918500006,"type":"tree_oak_large_a"}
{"pos":[-606.653992,-480.169006,33.8730011],"rotationMatrix":[0.900006056,0.435885817,0,-0.435885817,0.900006056,0,0,0,1],"scale":1.02629995,"type":"tree_oak_large_a"}
{"pos":[-827.960022,-65.1264038,33.4810982],"rotationMatrix":[0.902318001,-0.431082606,0,0.431082606,0.902318001,0,0,0,1],"scale":1.15699995,"type":"tree_oak_large_a"}
{"pos":[-848.146973,-114.717003,38.0326996],"rotationMatrix":[-0.993205786,0.114804506,0,-0.114804506,-0.993205786,0,0,0,1],"scale":0.961099982,"type":"tree_oak_large_a"}
{"pos":[-808.155029,-240.162994,26.7056007],"rotationMatrix":[0.898569942,-0.438824713,0,0.438824713,0.898569942,0,0,0,1],"scale":1.20449996,"type":"tree_oak_large_a"}
{"pos":[-890.445007,-63.3984985,47.8801003],"rotationMatrix":[-0.996801257,0.0775379241,0,-0.0775379241,-0.996801257,0,0,0,1],"scale":0.938300014,"type":"tree_oak_large_a"}
{"pos":[-819.762024,-305.419006,25.8899002],"rotationMatrix":[-0.668964505,0.743406296,0,-0.743406296,-0.668964505,0,0,0,1],"scale":0.827400029,"type":"tree_oak_large_a"}
{"pos":[-839.945984,-370.144989,23.8404007],"rotationMatrix":[-0.657292247,-0.753728449,0,0.753728449,-0.657292247,0,0,0,1],"scale":0.989000022,"type":"tree_oak_large_a"}
{"pos":[-812.453003,-386.391998,21.9304008],"rotationMatrix":[0.109154463,-0.994025588,0,0.994025588,0.109154463,0,0,0,1],"scale":0.964100003,"type":"tree_oak_large_a"}
{"pos":[-813.021973,-421.308014,21.9852009],"rotationMatrix":[-0.159459829,-0.987231195,0,0.987231195,-0.159459829,0,0,0,1],"scale":0.834800005,"type":"tree_oak_large_a"}
{"pos":[-896.927979,-370.15799,27.3568001],"rotationMatrix":[0.887661994,-0.460491002,0,0.460491002,0.887661994,0,0,0,1],"scale":1.15830004,"type":"tree_oak_large_a"}
{"pos":[-931.91803,-452.602997,43.2725983],"rotationMatrix":[0.31391108,0.949419677,0,-0.949419677,0.31391108,0,0,0,1],"scale":0.815900028,"type":"tree_oak_large_a"}
{"pos":[-605.221985,-525.794006,26.7770996],"rotationMatrix":[0.666092038,-0.745858431,0,0.745858431,0.666092038,0,0,0,1],"scale":1.14030004,"type":"tree_oak_large_a"}
{"pos":[-579.880005,-558.039978,29.1823997],"rotationMatrix":[-0.183952689,0.982985497,0,-0.982985497,-0.183952689,0,0,0,1],"scale":0.763899982,"type":"tree_oak_large_a"}
{"pos":[-527.062988,-712.981018,38.8684006],"rotationMatrix":[0.885566711,-0.464526385,0,0.464526385,0.885566711,0,0,0,1],"scale":1.0201,"type":"tree_oak_large_a"}
{"pos":[-657.677979,-519.367981,25.9080009],"rotationMatrix":[-0.193821549,-0.981047451,0,0.981047451,-0.193821549,0,0,0,1],"scale":0.939400017,"type":"tree_oak_large_a"}
{"pos":[-638.598022,-818.825989,42.9986],"rotationMatrix":[0.960407019,-0.278614134,0,0.278614134,0.960407019,0,0,0,1],"scale":0.902100027,"type":"tree_oak_large_a"}
{"pos":[-860.890015,-711.395996,32.0684013],"rotationMatrix":[-0.356633902,0.93429184,0,-0.93429184,-0.356633902,0,0,0,1],"scale":0.934599996,"type":"tree_oak_large_a"}
{"pos":[-919.083008,-649.330017,31.6713009],"rotationMatrix":[0.617012501,-0.786979854,0,0.786979854,0.617012501,0,0,0,1],"scale":1.12100005,"type":"tree_oak_large_a"}
{"pos":[-957.875,-744.984985,35.0689011],"rotationMatrix":[0.513310194,0.858144641,0,-0.858144641,0.513310194,0,0,0,1],"scale":0.832499981,"type":"tree_oak_large_a"}
{"pos":[-840.411011,-808.440979,35.5183983],"rotationMatrix":[0.991471827,-0.13032575,0,0.13032575,0.991471827,0,0,0,1],"scale":0.838,"type":"tree_oak_large_a"}
{"pos":[-866.744995,-797.598022,38.4434013],"rotationMatrix":[0.936703205,0.350107223,0,-0.350107223,0.936703205,0,0,0,1],"scale":0.9199,"type":"tree_oak_large_a"}
{"pos":[-859.257996,-823.963989,34.4580002],"rotationMatrix":[0.910704613,0.413049251,0,-0.413049251,0.910704613,0,0,0,1],"scale":0.932299972,"type":"tree_oak_large_a"}
{"pos":[-908.557007,-812.187988,45.5452995],"rotationMatrix":[-0.226804614,-0.973987579,0,0.973987579,-0.226804614,0,0,0,1],"scale":1.14859998,"type":"tree_oak_large_a"}
{"pos":[-925.721008,-787.33197,35.1245003],"rotationMatrix":[-0.705704451,0.708509207,0,-0.708509207,-0.705704451,0,0,0,1],"scale":0.987299979,"type":"tree_oak_large_a"}
{"pos":[-885.552002,-852.995972,39.2818985],"rotationMatrix":[0.792503178,0.609864175,0,-0.609864175,0.792503178,0,0,0,1],"scale":1.17159998,"type":"tree_oak_large_a"}
{"pos":[-897.107971,-863.513977,38.7061005],"rotationMatrix":[0.999005437,-0.0445910804,0,0.0445910804,0.999005437,0,0,0,1],"scale":1.16779995,"type":"tree_oak_large_a"}
{"pos":[-904.138977,-833.687012,43.7776985],"rotationMatrix":[0.999887526,-0.0149999997,0,0.0149999997,0.999887526,0,0,0,1],"scale":0.863799989,"type":"tree_oak_large_a"}
{"pos":[-249.591995,936.075989,29.0967007],"rotationMatrix":[-0.218360424,-0.975937128,0,0.975937128,-0.218360424,0,0,0,1],"scale":1.06570005,"type":"tree_oak_large_a"}
{"pos":[-314.966003,889.395996,32.2905998],"rotationMatrix":[-0.988815784,-0.147984475,0,0.147984475,-0.988815784,0,0,0,1],"scale":1.31260002,"type":"tree_oak_large_a"}
{"pos":[-285.808014,736.348022,30.5480995],"rotationMatrix":[0.320455194,0.947329104,0,-0.947329104,0.320455194,0,0,0,1],"scale":1.13970006,"type":"tree_oak_large_a"}
{"pos":[-185.044006,351.730988,40.3194008],"rotationMatrix":[-0.248832107,0.968627155,0,-0.968627155,-0.248832107,0,0,0,1],"scale":0.807500005,"type":"tree_oak_large_a"}
{"pos":[-119.473,213.593002,37.8970985],"rotationMatrix":[0.989889562,-0.141844496,0,0.141844496,0.989889562,0,0,0,1],"scale":1.15639997,"type":"tree_oak_large_a"}
{"pos":[-15.7341003,172.959,66.3242035],"rotationMatrix":[-0.348410368,-0.937367737,0,0.937367737,-0.348410368,0,0,0,1],"scale":0.735099971,"type":"tree_oak_large_a"}
{"pos":[-8.84630013,161.921997,65.6222],"rotationMatrix":[0.988988698,-0.147984475,0,0.147984475,0.988988698,0,0,0,1],"scale":1.2845,"type":"tree_oak_large_a"}
{"pos":[-46.6641006,93.7398987,41.5475006],"rotationMatrix":[0.995877683,0.090709202,0,-0.090709202,0.995877683,0,0,0,1],"scale":0.864799976,"type":"tree_oak_large_a"}
{"pos":[-29.7891006,116.052002,46.725399],"rotationMatrix":[0.0960254669,0.995407343,0,-0.995407343,0.0960254669,0,0,0,1],"scale":0.761799991,"type":"tree_oak_large_a"}
{"pos":[-89.0106964,9.80990028,43.8499985],