{"pos":[-368.355469,16.5872517,260.542053],"rotationMatrix":[0.886624515,-0.462489367,0,0.462489367,0.886624515,0,0,0,0.999999762],"scale":1.56633818,"type":"tree_oak_dead_b"}
{"pos":[32.8975143,445.600281,259.11795],"rotationMatrix":[0.973463416,0.222904429,0.0517918915,-0.210624814,0.961211324,-0.178072453,-0.0894760787,0.162438378,0.982653141],"scale":1.47986197,"type":"tree_oak_dead_b"}
