{"pos":[352.993774,56.5127869,258.109131],"rotationMatrix":[0.624649942,-0.78090477,0,0.78090477,0.624649942,0,0,0,0.999999881],"scale":1.31006479,"type":"tree_aspen_small_a"}
{"pos":[252.546631,162.470474,252.438492],"rotationMatrix":[0.986248314,0.165269881,0,-0.165269881,0.986248314,0,0,0,0.999999881],"scale":1.13743997,"type":"tree_aspen_small_a"}
{"pos":[194.784592,182.71701,253.994385],"rotationMatrix":[0.968643904,-0.248452798,0,0.248452798,0.968643904,0,0,0,0.999999881],"scale":1.33863747,"type":"tree_aspen_small_a"}
{"pos":[244.398666,180.564941,252.032486],"rotationMatrix":[-0.345010221,-0.938598871,0,0.938598871,-0.345010221,0,0,0,0.999999881],"scale":1.23349595,"type":"tree_aspen_small_a"}
{"pos":[203.96434,186.639023,254.196716],"rotationMatrix":[-0.691155374,0.722705901,0,-0.722705901,-0.691155374,0,0,0,0.999999881],"scale":1.2186439,"type":"tree_aspen_small_a"}
{"pos":[167.158691,60.1420708,254.083481],"rotationMatrix":[0.428374946,-0.903600991,0,0.903600991,0.428374946,0,0,0,0.999999881],"scale":1.19401228,"type":"tree_aspen_small_a"}
{"pos":[286.54306,72.2953415,255.728165],"rotationMatrix":[-0.791203082,0.611553192,0,-0.611553192,-0.791203082,0,0,0,0.999999881],"scale":1.07144177,"type":"tree_aspen_small_a"}
{"pos":[347.161072,244.30336,261.588837],"rotationMatrix":[0.487470776,0.873139322,0,-0.873139322,0.487470776,-0,-0,0,0.999999881],"scale":1.18438113,"type":"tree_aspen_small_a"}
{"pos":[354.615875,238.450378,263.602112],"rotationMatrix":[-0.950443208,0.310898125,-0,-0.310898125,-0.950443208,0,-0,0,0.999999881],"scale":1.25321698,"type":"tree_aspen_small_a"}
