{"pos":[351.841614,81.3121414,257.664429],"rotationMatrix":[0.0110146273,-0.999939263,0,0.999939263,0.0110146273,0,0,0,0.999999881],"scale":1.210783,"type":"tree_aspen_small_low"}
{"pos":[271.578156,132.821991,253.728851],"rotationMatrix":[-0.946587861,-0.322445899,0,0.322445899,-0.946587861,0,0,0,0.999999881],"scale":1.29628444,"type":"tree_aspen_small_low"}
{"pos":[238.108307,169.490509,253.307297],"rotationMatrix":[0.90616101,-0.422932655,0,0.422932655,0.90616101,0,0,0,0.999999881],"scale":1.33760536,"type":"tree_aspen_small_low"}
{"pos":[230.215729,187.804443,252.453949],"rotationMatrix":[0.955309808,0.295606285,0,-0.295606285,0.955309808,0,0,0,0.999999881],"scale":1.28210878,"type":"tree_aspen_small_low"}
{"pos":[179.217804,153.147629,253.418015],"rotationMatrix":[0.449942678,-0.893057406,0,0.893057406,0.449942678,0,0,0,0.999999881],"scale":0.996958315,"type":"tree_aspen_small_low"}
{"pos":[142.767929,93.3304291,254.005997],"rotationMatrix":[0.952436388,-0.30473727,0,0.30473727,0.952436388,0,0,0,0.999999881],"scale":1.04420269,"type":"tree_aspen_small_low"}
{"pos":[220.188141,101.502304,253.819977],"rotationMatrix":[0.741322517,0.671148956,0,-0.671148956,0.741322517,0,0,0,0.999999881],"scale":0.912728429,"type":"tree_aspen_small_low"}
{"pos":[414.734253,43.6836891,250.116943],"rotationMatrix":[-0.482278824,0.87601763,0,-0.87601763,-0.482278824,0,0,0,0.999999881],"scale":1.19085145,"type":"tree_aspen_small_low"}
{"pos":[415.075409,55.0878716,249.462463],"rotationMatrix":[0.976476371,0.215624392,0,-0.215624392,0.976476371,0,0,0,0.999999881],"scale":1.05789423,"type":"tree_aspen_small_low"}
{"pos":[413.003571,59.9628029,250.308151],"rotationMatrix":[0.985371649,-0.17041865,0,0.17041865,0.985371649,0,0,0,0.999999881],"scale":1.48286629,"type":"tree_aspen_small_low"}
{"pos":[314.44104,238.844223,255.019958],"rotationMatrix":[0.709182322,0.705025077,0,-0.705025077,0.709182322,0,0,0,0.999999881],"scale":1.3502264,"type":"tree_aspen_small_low"}
{"pos":[314.281189,247.52359,254.760971],"rotationMatrix":[0.735246837,-0.677799165,0,0.677799165,0.735246837,0,0,0,0.999999881],"scale":1.38267243,"type":"tree_aspen_small_low"}
{"pos":[280.293488,222.971298,248.87709],"rotationMatrix":[0.434383154,-0.900728047,0,0.900728047,0.434383154,0,0,0,0.999999881],"scale":1.23389554,"type":"tree_aspen_small_low"}
{"pos":[307.919708,203.642792,263.351685],"rotationMatrix":[-0.232833192,0.972516596,0,-0.972516596,-0.232833192,0,0,0,0.999999881],"scale":1.06611228,"type":"tree_aspen_small_low"}
{"pos":[186.99585,12.1534128,252.689026],"rotationMatrix":[-0.999784112,-0.0207732581,0,0.0207732581,-0.999784112,0,0,0,0.999999881],"scale":1.09702337,"type":"tree_aspen_small_low"}
{"pos":[88.4681702,-154.064865,257.294556],"rotationMatrix":[0.816687286,0.577080429,0,-0.577080429,0.816687286,0,0,0,0.999999881],"scale":1.1587007,"type":"tree_aspen_small_low"}
