{"pos":[697.749756,-38.706604,51.9871216],"rotationMatrix":[-0.383316755,0.923616707,0,-0.923616707,-0.383316755,0,0,0,0.999999762],"scale":0.708830833,"type":"tree_beech_forest_b"}
