{"pos":[723.937683,-58.1363716,51.1764221],"rotationMatrix":[-0.591698587,0.80615896,0,-0.80615896,-0.591698587,0,0,0,0.999999642],"scale":1.15437448,"type":"tree_beech_bush_c"}
{"pos":[706.207153,-64.7023468,51.5365067],"rotationMatrix":[0.79484117,-0.606817365,0,0.606817365,0.79484117,0,0,0,0.999999762],"scale":0.883184493,"type":"tree_beech_bush_c"}
{"pos":[715.579651,-62.626915,51.1764221],"rotationMatrix":[-0.935930908,0.352182329,0,-0.352182329,-0.935930908,0,0,0,0.999999404],"scale":1.15437448,"type":"tree_beech_bush_c"}
{"pos":[704.204529,-70.0761566,51.5365067],"rotationMatrix":[0.79484117,-0.606817365,0,0.606817365,0.79484117,0,0,0,0.999999762],"scale":0.883184493,"type":"tree_beech_bush_c"}
{"pos":[710.413635,-79.4565582,51.1764221],"rotationMatrix":[-0.935930908,0.352182329,0,-0.352182329,-0.935930908,0,0,0,0.999999404],"scale":1.15437448,"type":"tree_beech_bush_c"}
{"pos":[738.790466,-57.5127907,51.1764221],"rotationMatrix":[-0.591698587,0.80615896,0,-0.80615896,-0.591698587,0,0,0,0.999999642],"scale":1.15437448,"type":"tree_beech_bush_c"}
{"pos":[757.417419,-52.1559067,51.5365067],"rotationMatrix":[0.79484117,-0.606817365,0,0.606817365,0.79484117,0,0,0,0.999999762],"scale":0.883184493,"type":"tree_beech_bush_c"}
{"pos":[776.048645,-38.8854561,51.5365067],"rotationMatrix":[0.79484117,-0.606817365,0,0.606817365,0.79484117,0,0,0,0.999999762],"scale":0.883184493,"type":"tree_beech_bush_c"}
{"pos":[764.467041,-38.5414505,51.5365067],"rotationMatrix":[0.79484117,-0.606817365,0,0.606817365,0.79484117,0,0,0,0.999999762],"scale":0.56580168,"type":"tree_beech_bush_c"}
{"pos":[763.958069,-18.7097034,51.5365067],"rotationMatrix":[0.79484117,-0.606817365,0,0.606817365,0.79484117,0,0,0,0.999999762],"scale":0.883184493,"type":"tree_beech_bush_c"}
{"pos":[762.3349,-16.9592915,51.1764221],"rotationMatrix":[-0.935930908,0.352182329,0,-0.352182329,-0.935930908,0,0,0,0.999999404],"scale":1.69402301,"type":"tree_beech_bush_c"}
{"pos":[729.341797,4.72167206,51.1764221],"rotationMatrix":[-0.935930908,0.352182329,0,-0.352182329,-0.935930908,0,0,0,0.999999404],"scale":1.15437448,"type":"tree_beech_bush_c"}
{"pos":[725.277344,3.97762299,51.5365067],"rotationMatrix":[0.79484117,-0.606817365,0,0.606817365,0.79484117,0,0,0,0.999999762],"scale":0.883184493,"type":"tree_beech_bush_c"}
