{"pos":[371.969513,74.4440002,257.916443],"rotationMatrix":[-0.585064173,-0.810986936,0,0.810986936,-0.585064173,0,0,0,0.999999881],"scale":1.02931845,"type":"tree_oak_forest_group"}
{"pos":[313.620239,88.2975082,256.417816],"rotationMatrix":[-0.650464177,-0.759536743,0,0.759536743,-0.650464177,0,0,0,0.999999881],"scale":1.18182087,"type":"tree_oak_forest_group"}
{"pos":[245.536041,156.156448,252.801468],"rotationMatrix":[-0.285388559,0.958411813,0,-0.958411813,-0.285388559,0,0,0,0.999999881],"scale":0.911874592,"type":"tree_oak_forest_group"}
{"pos":[258.686096,134.733017,253.244904],"rotationMatrix":[-0.962127149,0.27260083,0,-0.27260083,-0.962127149,0,0,0,0.999999881],"scale":1.19894648,"type":"tree_oak_forest_group"}
{"pos":[248.679794,157.125641,252.668076],"rotationMatrix":[-0.905939043,-0.423407912,0,0.423407912,-0.905939043,0,0,0,0.999999881],"scale":1.03098845,"type":"tree_oak_forest_group"}
{"pos":[145.726257,84.4735565,254.071335],"rotationMatrix":[-0.417012602,0.908900559,0,-0.908900559,-0.417012602,0,0,0,0.999999881],"scale":0.881426811,"type":"tree_oak_forest_group"}
{"pos":[150.292557,75.3507233,253.626205],"rotationMatrix":[-0.883112192,0.469161779,0,-0.469161779,-0.883112192,0,0,0,0.999999881],"scale":0.910449922,"type":"tree_oak_forest_group"}
{"pos":[156.662277,82.1911926,254.050705],"rotationMatrix":[-0.825816691,0.56393832,0,-0.56393832,-0.825816691,0,0,0,0.999999881],"scale":0.817811668,"type":"tree_oak_forest_group"}
{"pos":[164.225861,135.449158,253.451569],"rotationMatrix":[0.406164289,-0.913799942,0,0.913799942,0.406164289,0,0,0,0.999999881],"scale":1.10720146,"type":"tree_oak_forest_group"}
{"pos":[180.387299,175.739441,253.652557],"rotationMatrix":[-0.975854814,0.218419582,0,-0.218419582,-0.975854814,0,0,0,0.999999881],"scale":1.09584498,"type":"tree_oak_forest_group"}
{"pos":[198.223282,166.982269,254.135529],"rotationMatrix":[-0.763016939,0.646378398,0,-0.646378398,-0.763016939,0,0,0,0.999999881],"scale":1.07508123,"type":"tree_oak_forest_group"}
{"pos":[173.334183,157.935242,253.645874],"rotationMatrix":[-0.740965664,0.671542823,0,-0.671542823,-0.740965664,0,0,0,0.999999881],"scale":0.843597829,"type":"tree_oak_forest_group"}
{"pos":[180.801849,155.86438,253.816833],"rotationMatrix":[0.999640763,0.0267977249,0,-0.0267977249,0.999640763,0,0,0,0.999999881],"scale":1.10688424,"type":"tree_oak_forest_group"}
{"pos":[412.448517,55.3589554,250.014297],"rotationMatrix":[-0.629235685,0.777214348,0,-0.777214348,-0.629235685,0,0,0,0.999999881],"scale":0.949089646,"type":"tree_oak_forest_group"}
{"pos":[326.24826,249.160934,257.541534],"rotationMatrix":[-0.700112045,0.714032769,0,-0.714032769,-0.700112045,0,0,0,0.999999881],"scale":0.892750442,"type":"tree_oak_forest_group"}
{"pos":[327.68399,226.236221,263.141693],"rotationMatrix":[0.722452044,0.691421032,0,-0.691421032,0.722452044,0,0,0,0.999999881],"scale":1.13606822,"type":"tree_oak_forest_group"}
{"pos":[368.83493,166.606628,262.956543],"rotationMatrix":[0.255927294,-0.966695905,0,0.966695905,0.255927294,0,0,0,0.999999881],"scale":0.811775625,"type":"tree_oak_forest_group"}
{"pos":[383.040466,222.493362,263.017822],"rotationMatrix":[-0.951382697,-0.308011204,0,0.308011204,-0.951382697,0,0,0,0.999999881],"scale":0.977021456,"type":"tree_oak_forest_group"}
{"pos":[410.942261,180.153214,259.734863],"rotationMatrix":[-0.87990576,0.475148052,0,-0.475148052,-0.87990576,0,0,0,0.999999881],"scale":0.946151853,"type":"tree_oak_forest_group"}
{"pos":[408.075287,156.079178,258.600067],"rotationMatrix":[0.515548408,-0.85686034,0,0.85686034,0.515548408,0,0,0,0.999999881],"scale":1.12340319,"type":"tree_oak_forest_group"}
{"pos":[379.226685,181.357666,263.268616],"rotationMatrix":[0.956848562,-0.29058677,0,0.29058677,0.956848562,0,0,0,0.999999881],"scale":1.05111456,"type":"tree_oak_forest_group"}
{"pos":[401.946167,187.160156,261.549591],"rotationMatrix":[0.382513195,-0.923950016,0,0.923950016,0.382513195,0,0,0,0.999999881],"scale":1.10352814,"type":"tree_oak_forest_group"}
{"pos":[405.25238,182.531082,260.958313],"rotationMatrix":[0.632328808,0.774700105,0,-0.774700105,0.632328808,0,0,0,0.999999881],"scale":0.932834804,"type":"tree_oak_forest_group"}
{"pos":[327.887024,222.373108,263.467468],"rotationMatrix":[-0.0656935647,-0.997839749,0,0.997839749,-0.0656935647,0,0,0,0.999999881],"scale":0.907135844,"type":"tree_oak_forest_group"}
{"pos":[443.566742,63.5398293,257.796387],"rotationMatrix":[0.619638026,-0.784887612,0,0.784887612,0.619638026,0,0,0,0.999999881],"scale":0.902633548,"type":"tree_oak_forest_group"}
{"pos":[301.525513,109.034302,254.868561],"rotationMatrix":[0.669281006,-0.743009329,0,0.743009329,0.669281006,0,0,0,0.999999881],"scale":1.14539289,"type":"tree_oak_forest_group"}
{"pos":[-94.2138901,-109.578674,255.98439],"rotationMatrix":[-0.976132929,-0.217173561,0,0.217173561,-0.976132929,0,0,0,0.999999881],"scale":0.960219264,"type":"tree_oak_forest_group"}
{"pos":[-110.31646,-1.21813679,249.786453],"rotationMatrix":[-0.200611293,-0.979670823,0,0.979670823,-0.200611293,0,-0,0,0.999999881],"scale":0.849033237,"type":"tree_oak_forest_group"}
{"pos":[-150.658646,3.84276009,249.595551],"rotationMatrix":[-0.917550862,0.397618264,-0,-0.397618264,-0.917550862,0,-0,0,0.999999881],"scale":1.0505476,"type":"tree_oak_forest_group"}
{"pos":[-187.178665,-3.47860527,249.090881],"rotationMatrix":[-0.980899692,0.194513559,-0,-0.194513559,-0.980899692,0,-0,0,0.999999881],"scale":0.995630741,"type":"tree_oak_forest_group"}
{"pos":[-238.10202,-63.9448547,255.056702],"rotationMatrix":[-0.996162295,0.0875244215,-0,-0.0875244215,-0.996162295,0,-0,0,0.999999881],"scale":1.16696119,"type":"tree_oak_forest_group"}
{"pos":[-218.401093,-61.7712746,255.476837],"rotationMatrix":[0.297194839,-0.954816759,0,0.954816759,0.297194839,0,-0,0,0.999999881],"scale":0.820506155,"type":"tree_oak_forest_group"}
{"pos":[-153.53418,-53.3969803,255.960648],"rotationMatrix":[-0.947161794,0.320755869,-0,-0.320755869,-0.947161794,0,-0,0,0.999999881],"scale":0.88665539,"type":"tree_oak_forest_group"}
{"pos":[-144.958847,-50.8241959,255.169556],"rotationMatrix":[-0.310061127,0.950716496,-0,-0.950716496,-0.310061127,0,-0,0,0.999999881],"scale":1.13145077,"type":"tree_oak_forest_group"}
{"pos":[-284.546906,-23.5083504,255.95874],"rotationMatrix":[-0.792251766,-0.610194385,0,0.610194385,-0.792251766,0,-0,0,0.999999881],"scale":0.854954362,"type":"tree_oak_forest_group"}
{"pos":[-356.320129,-10.946991,261.365784],"rotationMatrix":[-0.392015845,0.919958353,-0,-0.919958353,-0.392015845,0,-0,0,0.999999881],"scale":1.16616797,"type":"tree_oak_forest_group"}
{"pos":[-417.341156,0.705243587,262.576172],"rotationMatrix":[0.818647861,0.574295819,0,-0.574295819,0.818647861,-0,-0,0,0.999999881],"scale":1.02662671,"type":"tree_oak_forest_group"}
{"pos":[-539.528687,7.55353069,262.563873],"rotationMatrix":[0.373598874,-0.927590251,0,0.927590251,0.373598874,0,-0,0,0.999999881],"scale":1.11339808,"type":"tree_oak_forest_group"}
{"pos":[-588.118103,28.6101704,261.981598],"rotationMatrix":[-0.795572579,-0.605858266,0,0.605858266,-0.795572579,0,-0,0,0.999999881],"scale":0.854737759,"type":"tree_oak_forest_group"}
{"pos":[-490.419342,46.3690834,261.491455],"rotationMatrix":[0.962342381,0.271840066,0,-0.271840066,0.962342381,-0,-0,0,0.999999881],"scale":0.838615954,"type":"tree_oak_forest_group"}
{"pos":[-450.185791,-143.804062,261.864319],"rotationMatrix":[-0.821035564,-0.570877016,0,0.570877016,-0.821035564,0,-0,0,0.999999881],"scale":1.09073651,"type":"tree_oak_forest_group"}
