{"pos":[7.43551302,-20.2651424,249.181366],"rotationMatrix":[0.391670018,-0.920105636,0,0.920105636,0.391670018,0,0,0,0.999999881],"scale":0.894411743,"type":"tree_beech_small_b"}
{"pos":[-11.2300844,-37.6666679,251.305695],"rotationMatrix":[0.391670018,-0.920105636,0,0.920105636,0.391670018,0,0,0,0.999999881],"scale":0.894411743,"type":"tree_beech_small_b"}
{"pos":[21.5120373,-17.5438385,250.312256],"rotationMatrix":[0.391670018,-0.920105636,0,0.920105636,0.391670018,0,0,0,0.999999881],"scale":0.894411743,"type":"tree_beech_small_b"}
{"pos":[-257.97818,197.871719,239.322083],"rotationMatrix":[-0.931407869,0.363976866,0,-0.363976866,-0.931407869,0,0,0,0.999999881],"scale":0.864030898,"type":"tree_beech_small_b"}
