{"pos":[282.273499,97.7456436,256.295044],"rotationMatrix":[0.948592305,-0.316500366,0,0.316500366,0.948592305,0,-0,0,0.999999881],"scale":1.24473453,"type":"tree_aspen_small_d"}
{"pos":[262.046082,126.818939,253.905914],"rotationMatrix":[0.60723722,-0.794520438,0,0.794520438,0.60723722,0,-0,0,0.999999881],"scale":0.9666664,"type":"tree_aspen_small_d"}
{"pos":[256.324493,146.977982,253.585587],"rotationMatrix":[-0.0693064034,-0.99759531,0,0.99759531,-0.0693064034,0,-0,0,0.999999881],"scale":1.01888108,"type":"tree_aspen_small_d"}
{"pos":[200.826828,176.663193,253.660721],"rotationMatrix":[0.956895769,0.290431291,0,-0.290431291,0.956895769,-0,-0,0,0.999999881],"scale":1.34112108,"type":"tree_aspen_small_d"}
{"pos":[184.895035,160.255905,253.366623],"rotationMatrix":[0.772320688,-0.635232627,0,0.635232627,0.772320688,0,-0,0,0.999999881],"scale":1.27258742,"type":"tree_aspen_small_d"}
{"pos":[163.451233,52.6529388,253.486252],"rotationMatrix":[-0.446013927,-0.895025909,0,0.895025909,-0.446013927,0,-0,0,0.999999881],"scale":1.29450309,"type":"tree_aspen_small_d"}
