{"pos":[780.539795,-81.2115555,54.000843],"rotationMatrix":[-0.999677062,-0.0254078284,0,0.0254078284,-0.999677062,0,0,0,0.999999881],"scale":1,"type":"tree_oak_sml_b"}
{"pos":[783.283752,-102.338753,58.0499268],"rotationMatrix":[-0.369147122,-0.92937094,0,0.92937094,-0.369147122,0,0,0,0.999999881],"scale":1,"type":"tree_oak_sml_b"}
