{"pos":[282.273499,97.7456436,256.295044],"rotationMatrix":[0.948592305,-0.316500366,0,0.316500366,0.948592305,0,0,0,0.999999881],"scale":1.24473453,"type":"tree_aspen_small_d"}
{"pos":[262.046082,126.818939,253.905914],"rotationMatrix":[0.60723722,-0.794520438,0,0.794520438,0.60723722,0,0,0,0.999999881],"scale":0.9666664,"type":"tree_aspen_small_d"}
{"pos":[256.324493,146.977982,253.585587],"rotationMatrix":[-0.0693064034,-0.99759531,0,0.99759531,-0.0693064034,0,0,0,0.999999881],"scale":1.01888108,"type":"tree_aspen_small_d"}
{"pos":[200.826828,176.663193,253.660721],"rotationMatrix":[0.956895769,0.290431291,0,-0.290431291,0.956895769,0,0,0,0.999999881],"scale":1.34112108,"type":"tree_aspen_small_d"}
{"pos":[184.895035,160.255905,253.366623],"rotationMatrix":[0.772320688,-0.635232627,0,0.635232627,0.772320688,0,0,0,0.999999881],"scale":1.27258742,"type":"tree_aspen_small_d"}
{"pos":[163.451233,52.6529388,253.486252],"rotationMatrix":[-0.446013927,-0.895025909,0,0.895025909,-0.446013927,0,0,0,0.999999881],"scale":1.29450309,"type":"tree_aspen_small_d"}
{"pos":[280.233124,224.705841,249.049377],"rotationMatrix":[0.182989463,0.983114839,0,-0.983114839,0.182989463,0,0,0,0.999999881],"scale":1.32281339,"type":"tree_aspen_small_d"}
{"pos":[326.817078,252.771683,257.017883],"rotationMatrix":[0.0168603361,0.999857783,0,-0.999857783,0.0168603361,0,0,0,0.999999881],"scale":0.9649207,"type":"tree_aspen_small_d"}
{"pos":[328.939575,213.523209,263.244476],"rotationMatrix":[0.319184005,-0.947692692,0,0.947692692,0.319184005,0,0,0,0.999999881],"scale":1.46249819,"type":"tree_aspen_small_d"}
{"pos":[342.665649,201.339127,263.105499],"rotationMatrix":[0.857518375,-0.514453173,0,0.514453173,0.857518375,0,0,0,0.999999881],"scale":1.3043201,"type":"tree_aspen_small_d"}
{"pos":[440.948395,72.3377991,256.605225],"rotationMatrix":[-0.23168993,0.972789586,0,-0.972789586,-0.23168993,0,0,0,0.999999881],"scale":1.36937034,"type":"tree_aspen_small_d"}
{"pos":[410.690369,132.43251,259.397858],"rotationMatrix":[0.674002886,0.738728702,0,-0.738728702,0.674002886,0,0,0,0.999999881],"scale":1.14772844,"type":"tree_aspen_small_d"}
{"pos":[407.721222,148.145721,258.29483],"rotationMatrix":[0.00305812666,0.999995232,0,-0.999995232,0.00305812666,0,0,0,0.999999881],"scale":1.27127242,"type":"tree_aspen_small_d"}
{"pos":[410.490784,155.010727,258.40274],"rotationMatrix":[0.159863293,-0.987139106,0,0.987139106,0.159863293,0,0,0,0.999999881],"scale":1.4346838,"type":"tree_aspen_small_d"}
{"pos":[385.550568,150.999573,262.6698],"rotationMatrix":[-0.0539504103,-0.998543561,0,0.998543561,-0.0539504103,0,0,0,0.999999881],"scale":1.32358372,"type":"tree_aspen_small_d"}
{"pos":[368.779388,162.816864,262.696625],"rotationMatrix":[-0.310907871,-0.95043999,0,0.95043999,-0.310907871,0,0,0,0.999999881],"scale":0.920056164,"type":"tree_aspen_small_d"}
{"pos":[393.922913,198.809372,262.563934],"rotationMatrix":[-0.799747109,0.600336909,0,-0.600336909,-0.799747109,0,0,0,0.999999881],"scale":1.32374525,"type":"tree_aspen_small_d"}
{"pos":[390.069397,198.550201,263.335754],"rotationMatrix":[-0.994516075,0.10458225,0,-0.10458225,-0.994516075,0,0,0,0.999999881],"scale":0.986692786,"type":"tree_aspen_small_d"}
{"pos":[379.097473,220.249252,263.697388],"rotationMatrix":[0.846313179,0.532685578,0,-0.532685578,0.846313179,0,0,0,0.999999881],"scale":0.917111456,"type":"tree_aspen_small_d"}
{"pos":[381.114349,214.119034,263.419556],"rotationMatrix":[0.752232552,-0.658897519,0,0.658897519,0.752232552,0,0,0,0.999999881],"scale":0.937577546,"type":"tree_aspen_small_d"}
{"pos":[395.372009,227.106918,263.058502],"rotationMatrix":[0.322456986,0.946584105,0,-0.946584105,0.322456986,0,0,0,0.999999881],"scale":1.06289208,"type":"tree_aspen_small_d"}
{"pos":[380.477142,216.979782,263.086731],"rotationMatrix":[0.761000812,0.648750901,0,-0.648750901,0.761000812,0,0,0,0.999999881],"scale":1.1061219,"type":"tree_aspen_small_d"}
{"pos":[386.457977,221.096619,262.712769],"rotationMatrix":[0.947652578,-0.319302887,0,0.319302887,0.947652578,0,0,0,0.999999881],"scale":1.33656645,"type":"tree_aspen_small_d"}
{"pos":[415.195679,203.701126,263.586029],"rotationMatrix":[0.985910714,0.167271987,0,-0.167271987,0.985910714,0,0,0,0.999999881],"scale":1.26660872,"type":"tree_aspen_small_d"}
{"pos":[421.607544,173.567551,258.762817],"rotationMatrix":[-0.965868354,-0.259033263,0,0.259033263,-0.965868354,0,0,0,0.999999881],"scale":1.14526463,"type":"tree_aspen_small_d"}
{"pos":[402.504791,177.590271,260.91684],"rotationMatrix":[-0.485150129,-0.874430716,0,0.874430716,-0.485150129,0,0,0,0.999999881],"scale":1.19969702,"type":"tree_aspen_small_d"}
{"pos":[382.598572,183.272888,262.677917],"rotationMatrix":[0.954578221,-0.297960103,0,0.297960103,0.954578221,0,0,0,0.999999881],"scale":1.26086462,"type":"tree_aspen_small_d"}
{"pos":[380.597473,159.671722,262.388519],"rotationMatrix":[0.171584263,-0.985169351,0,0.985169351,0.171584263,0,0,0,0.999999881],"scale":1.0341475,"type":"tree_aspen_small_d"}
{"pos":[142.046921,10.2579613,253.727615],"rotationMatrix":[-0.66595149,0.745994985,0,-0.745994985,-0.66595149,0,0,0,0.999999881],"scale":0.958928227,"type":"tree_aspen_small_d"}
{"pos":[470.242035,89.3525085,263.291687],"rotationMatrix":[0.999999881,-0.00021063973,0,0.00021063973,0.999999881,0,0,0,0.999999881],"scale":1.3883487,"type":"tree_aspen_small_d"}
{"pos":[-36.3509254,-149.375961,256.847595],"rotationMatrix":[0.991496861,-0.130129516,0,0.130129516,0.991496861,0,0,0,0.999999881],"scale":1.40339708,"type":"tree_aspen_small_d"}
{"pos":[-249.579193,-239.505386,263.318176],"rotationMatrix":[0.514659464,-0.857394576,0,0.857394576,0.514659464,0,0,0,0.999999881],"scale":0.947156072,"type":"tree_aspen_small_d"}
{"pos":[33.7285957,-316.837463,256.819305],"rotationMatrix":[0.456939399,-0.889497697,0,0.889497697,0.456939399,0,0,0,0.999999881],"scale":1.02376628,"type":"tree_aspen_small_d"}
{"pos":[-305.690704,-219.823624,273.866821],"rotationMatrix":[0.734827876,0.678253651,0,-0.678253651,0.734827876,0,0,0,0.999999881],"scale":1.27988076,"type":"tree_aspen_small_d"}
{"pos":[-175.997375,-57.5050011,255.586319],"rotationMatrix":[0.853253901,-0.521495402,0,0.521495402,0.853253901,0,-0,0,0.999999881],"scale":1.39248395,"type":"tree_aspen_small_d"}
{"pos":[-138.551865,-80.7182693,254.702271],"rotationMatrix":[-0.135619402,-0.990760863,0,0.990760863,-0.135619402,0,-0,0,0.999999881],"scale":1.45772791,"type":"tree_aspen_small_d"}
{"pos":[-140.232086,-75.2145615,255.598358],"rotationMatrix":[0.644778728,0.764369249,0,-0.764369249,0.644778728,-0,-0,0,0.999999881],"scale":1.07761776,"type":"tree_aspen_small_d"}
{"pos":[-123.998138,-85.6020889,255.382324],"rotationMatrix":[-0.886300921,0.463109761,-0,-0.463109761,-0.886300921,0,-0,0,0.999999881],"scale":1.00665593,"type":"tree_aspen_small_d"}
{"pos":[-115.182693,-92.3817749,255.493561],"rotationMatrix":[-0.262802303,-0.964849591,0,0.964849591,-0.262802303,0,-0,0,0.999999881],"scale":1.01561236,"type":"tree_aspen_small_d"}
{"pos":[-92.9541321,-79.1309052,255.54039],"rotationMatrix":[-0.388855994,0.921298444,-0,-0.921298444,-0.388855994,0,-0,0,0.999999881],"scale":1.04691863,"type":"tree_aspen_small_d"}
{"pos":[-153.886871,-60.9021111,255.810928],"rotationMatrix":[0.993517101,0.113681845,0,-0.113681845,0.993517101,-0,-0,0,0.999999881],"scale":1.21448159,"type":"tree_aspen_small_d"}
{"pos":[-197.73851,-50.5606155,255.268494],"rotationMatrix":[0.833384454,0.552693665,0,-0.552693665,0.833384454,-0,-0,0,0.999999881],"scale":1.49494815,"type":"tree_aspen_small_d"}
{"pos":[-228.697556,-51.5270424,255.600082],"rotationMatrix":[-0.345611423,0.938377559,-0,-0.938377559,-0.345611423,0,-0,0,0.999999881],"scale":0.910760462,"type":"tree_aspen_small_d"}
{"pos":[-211.605545,-47.3040161,255.245987],"rotationMatrix":[0.490511715,-0.87143445,0,0.87143445,0.490511715,0,-0,0,0.999999881],"scale":1.22734928,"type":"tree_aspen_small_d"}
{"pos":[-232.921066,-4.78609371,249.779602],