{"pos":[767.186768,-131.163727,57.9725609],"rotationMatrix":[0.486026227,-0.873944104,0,0.873944104,0.486026227,0,0,0,0.999999881],"scale":0.964746952,"type":"tree_aspen_small_low"}
