{"pos":[702.031555,67.5255508,54.6371307],"rotationMatrix":[-0.999106705,-0.042257268,0,0.042257268,-0.999106705,0,0,0,0.999999881],"scale":0.953050256,"type":"tree_beech_bush_d"}
{"pos":[702.579773,74.6178207,54.7170753],"rotationMatrix":[-0.976758301,0.214343309,0,-0.214343309,-0.976758301,0,0,0,0.999999881],"scale":1.07210469,"type":"tree_beech_bush_d"}
