{"pos":[756.499207,-80.9034882,51.8685074],"rotationMatrix":[-0.00622155564,0.999980569,0,-0.999980569,-0.00622155564,0,0,0,0.999999881],"scale":1.04562044,"type":"tree_oak_forest_b"}
{"pos":[712.558655,1.70261097,50.8915024],"rotationMatrix":[0.0842616856,0.99644357,0,-0.99644357,0.0842616856,0,0,0,0.999999881],"scale":1.11617684,"type":"tree_oak_forest_b"}
{"pos":[787.477112,-94.8370209,56.5198441],"rotationMatrix":[-0.696247995,0.717801213,0,-0.717801213,-0.696247995,0,0,0,0.999999881],"scale":0.946856678,"type":"tree_oak_forest_b"}
{"pos":[780.968079,-96.9336319,55.8500328],"rotationMatrix":[0.999316454,-0.0369657986,0,0.0369657986,0.999316454,0,0,0,0.999999881],"scale":0.938403726,"type":"tree_oak_forest_b"}
{"pos":[769.417053,-118.826111,58.2200661],"rotationMatrix":[-0.2578035,0.966197252,0,-0.966197252,-0.2578035,0,0,0,0.999999881],"scale":1.05861807,"type":"tree_oak_forest_b"}
