{"pos":[766.48407,-5.12164259,51.8487663],"rotationMatrix":[0.92203331,-0.382701814,-0.0582554974,0.381940246,0.923871756,-0.0241315793,0.0630558059,0,0.998009801],"scale":1.06130552,"type":"tree_beech_dead_b"}
