{"pos":[786.005676,-103.203819,56.7608719],"rotationMatrix":[0.517432749,-0.855723679,0,0.855723679,0.517432749,0,0,0,0.999999881],"scale":0.938196898,"type":"tree_aspen_forest_b"}
{"pos":[808.083496,-58.7246857,51.1984673],"rotationMatrix":[-0.240423337,0.970668018,0,-0.970668018,-0.240423337,0,0,0,0.999999881],"scale":1.00965941,"type":"tree_aspen_forest_b"}
{"pos":[820.65741,-97.3712921,57.713932],"rotationMatrix":[0.762476265,0.647016108,0,-0.647016108,0.762476265,0,0,0,0.999999881],"scale":0.871760368,"type":"tree_aspen_forest_b"}
{"pos":[790.442078,-115.006035,56.9175034],"rotationMatrix":[-0.943715215,0.33075875,0,-0.33075875,-0.943715215,0,0,0,0.999999881],"scale":0.833121419,"type":"tree_aspen_forest_b"}
{"pos":[725.372803,-139.437088,58.5434113],"rotationMatrix":[0.974590361,0.223994717,0,-0.223994717,0.974590361,0,0,0,0.999999881],"scale":0.813831031,"type":"tree_aspen_forest_b"}
