{"pos":[-269.378998,197.791656,239.460388],"rotationMatrix":[-0.950800419,0.309803665,0,-0.309803665,-0.950800419,0,0,0,0.999999881],"scale":1.13334608,"type":"tree_aspen_bush_a"}
{"pos":[-225.363022,197.177612,238.959412],"rotationMatrix":[-0.901007831,-0.433802813,0,0.433802813,-0.901007831,0,0,0,0.999999881],"scale":0.850219786,"type":"tree_aspen_bush_a"}
{"pos":[-224.364197,197.133179,238.909042],"rotationMatrix":[0.7540344,-0.656834662,0,0.656834662,0.7540344,0,0,0,0.999999881],"scale":0.978743911,"type":"tree_aspen_bush_a"}
{"pos":[-293.835205,202.606461,238.791565],"rotationMatrix":[-0.997656107,-0.0684252158,0,0.0684252158,-0.997656107,0,0,0,0.999999881],"scale":1.16489065,"type":"tree_aspen_bush_a"}
{"pos":[-86.6753693,18.7207031,249.944138],"rotationMatrix":[-0.908901751,0.417010039,0,-0.417010039,-0.908901751,0,0,0,0.999999881],"scale":1.13739502,"type":"tree_aspen_bush_a"}
{"pos":[-28.391161,-13.5457268,250.07074],"rotationMatrix":[-0.66037029,-0.750940084,0,0.750940084,-0.66037029,0,0,0,0.999999881],"scale":0.944065809,"type":"tree_aspen_bush_a"}
{"pos":[-30.3604279,-22.3139648,250.670532],"rotationMatrix":[0.3518188,-0.936067998,0,0.936067998,0.3518188,0,0,0,0.999999881],"scale":1.05920959,"type":"tree_aspen_bush_a"}
{"pos":[7.93128538,-25.3224487,251.211853],"rotationMatrix":[0.929224253,0.369516224,0,-0.369516224,0.929224253,0,0,0,0.999999881],"scale":1.03431237,"type":"tree_aspen_bush_a"}
{"pos":[47.8865318,-14.1759329,254.329742],"rotationMatrix":[0.21920763,0.975678205,0,-0.975678205,0.21920763,0,0,0,0.999999881],"scale":1.06385911,"type":"tree_aspen_bush_a"}
{"pos":[-727.933411,351.309631,232.963623],"rotationMatrix":[0.787395716,0.616447866,0,-0.616447866,0.787395716,0,0,0,0.999999881],"scale":0.937336862,"type":"tree_aspen_bush_a"}
{"pos":[-725.021973,351.098114,233.083893],"rotationMatrix":[-0.930911481,-0.365244597,0,0.365244597,-0.930911481,0,0,0,0.999999881],"scale":1.02423525,"type":"tree_aspen_bush_a"}
{"pos":[-600.285339,287.057312,233.238449],"rotationMatrix":[0.989968359,0.14128913,0,-0.14128913,0.989968359,0,0,0,0.999999881],"scale":0.834950686,"type":"tree_aspen_bush_a"}
{"pos":[-650.507446,322.64035,233.892609],"rotationMatrix":[-0.749632239,0.661854506,0,-0.661854506,-0.749632239,0,0,0,0.999999881],"scale":1.01646924,"type":"tree_aspen_bush_a"}
{"pos":[-648.549744,323.535736,234.490585],"rotationMatrix":[0.222355679,0.974965572,0,-0.974965572,0.222355679,0,0,0,0.999999881],"scale":0.893943489,"type":"tree_aspen_bush_a"}
{"pos":[-649.238708,322.840881,234.256332],"rotationMatrix":[0.0530277118,0.998592913,0,-0.998592913,0.0530277118,0,0,0,0.999999881],"scale":1.03217483,"type":"tree_aspen_bush_a"}
{"pos":[-2.05160618,-71.8329544,254.13855],"rotationMatrix":[0.645297408,-0.763931274,0,0.763931274,0.645297408,0,0,0,0.999999881],"scale":0.883490682,"type":"tree_aspen_bush_a"}
{"pos":[3.02642441,-71.4201202,254.109528],"rotationMatrix":[-0.764107883,-0.645088315,0,0.645088315,-0.764107883,0,0,0,0.999999881],"scale":1.12318242,"type":"tree_aspen_bush_a"}
{"pos":[-12.120183,-71.7618713,254.098465],"rotationMatrix":[0.315208137,-0.949022472,0,0.949022472,0.315208137,0,0,0,0.999999881],"scale":1.1892519,"type":"tree_aspen_bush_a"}
{"pos":[-514.978638,-173.706955,261.949432],"rotationMatrix":[-0.626894653,-0.779103994,0,0.779103994,-0.626894653,0,0,0,0.999999881],"scale":0.905789077,"type":"tree_aspen_bush_a"}
{"pos":[-514.730896,-169.700027,261.98291],"rotationMatrix":[0.987788737,-0.155798703,0,0.155798703,0.987788737,0,0,0,0.999999881],"scale":0.99221921,"type":"tree_aspen_bush_a"}
{"pos":[-512.114197,-171.323929,262.000153],"rotationMatrix":[0.165479034,0.986213267,0,-0.986213267,0.165479034,0,0,0,0.999999881],"scale":0.810031116,"type":"tree_aspen_bush_a"}
{"pos":[-518.490417,-166.459656,261.941193],"rotationMatrix":[-0.751238942,-0.660030365,0,0.660030365,-0.751238942,0,0,0,0.999999881],"scale":1.07928622,"type":"tree_aspen_bush_a"}
{"pos":[-511.986176,-169.163864,262.012787],"rotationMatrix":[0.999965668,0.00828000624,0,-0.00828000624,0.999965668,0,0,0,0.999999881],"scale":1.09526372,"type":"tree_aspen_bush_a"}
{"pos":[-556.063782,-177.683411,262.024261],"rotationMatrix":[-0.357829809,-0.933786809,0,0.933786809,-0.357829809,0,0,0,0.999999881],"scale":1.11100328,"type":"tree_aspen_bush_a"}
{"pos":[-571.235596,-173.892944,262.031738],"rotationMatrix":[-0.917535603,0.397653282,0,-0.397653282,-0.917535603,0,0,0,0.999999881],"scale":1.13036394,"type":"tree_aspen_bush_a"}
{"pos":[-574.567749,-176.141953,262.051331],"rotationMatrix":[0.220749587,-0.975330412,0,0.975330412,0.220749587,0,0,0,0.999999881],"scale":1.06241798,"type":"tree_aspen_bush_a"}
{"pos":[-570.060608,-181.194672,262.297729],"rotationMatrix":[0.387785465,0.921749651,0,-0.921749651,0.387785465,0,0,0,0.999999881],"scale":1.09443176,"type":"tree_aspen_bush_a"}
{"pos":[-573.488831,-181.544205,262.370392],"rotationMatrix":[0.936105788,0.351718485,0,-0.351718485,0.936105788,0,0,0,0.999999881],"scale":1.02388632,"type":"tree_aspen_bush_a"}
{"pos":[-572.065063,-177.60405,262.09845],"rotationMatrix":[-0.847482204,0.530823708,0,-0.530823708,-0.847482204,0,0,0,0.999999881],"scale":0.946559489,"type":"tree_aspen_bush_a"}
{"pos":[-575.353027,-174.510254,262.042572],"rotationMatrix":[-0.99570173,-0.0926170498,0,0.0926170498,-0.99570173,0,0,0,0.999999881],"scale":0.945511341,"type":"tree_aspen_bush_a"}
{"pos":[-569.150635,-177.778931,262.067383],"rotationMatrix":[0.196728051,-0.980458021,0,0.980458021,0.196728051,0,0,0,0.999999881],"scale":0.933713257,"type":"tree_aspen_bush_a"}
{"pos":[-571.662109,-181.142593,262.254486],"rotationMatrix":[0.0880286843,-0.996117771,0,0.996117771,0.0880286843,0,0,0,0.999999881],"scale":1.11831033,"type":"tree_aspen_bush_a"}
{"pos":[-587.274231,-164.636078,262.448639],"rotationMatrix":[0.108283147,0.994120002,0,-0.994120002,0.108283147,0,0,0,0.999999881],"scale":0.876550615,"type":"tree_aspen_bush_a"}
{"pos":[-591.18573,-169.697357,262.400543],"rotationMatrix":[0.999753058,0.0222176518,0,-0.0222176518,0.999753058,0,0,0,0.999999881],"scale":1.13267934,"type":"tree_aspen_bush_a"}
{"pos":[-580.226624,-170.53656,262.089996],"rotationMatrix":[-0.52564466,-0.850704193,0,0.850704193,-0.52564466,0,0,0,0.999999881],"scale":1.02602768,"type":"tree_aspen_bush_a"}
{"pos":[-573.05603,-171.015106,262.024475],"rotationMatrix":[-0.876878381,0.480712235,0,-0.480712235,-0.876878381,0,0,0,0.999999881],"scale":0.869260907,"type":"tree_aspen_bush_a"}
{"pos":[-559.889404,-180.212219,262.147827],"rotationMatrix":[-0.805195332,0.593009353,0,-0.593009353,-0.805195332,0,0,0,0.999999881],"scale":0.856543541,"type":"tree_aspen_bush_a"}
{"pos":[-515.991882,-168.061295,261.996704],"rotationMatrix":[0.151166618,0.988508224,0,-0.988508224,0.151166618,0,0,0,0.999999881],"scale":1.13337016,"type":"tree_aspen_bush_a"}
{"pos":[-516.09021,-170.132507,262.010651],"rotationMatrix":[-0.699040771,0.715081513,0,-0.715081513,-0.699040771,0,0,0,0.999999881],"scale":0.908057809,"type":"tree_aspen_bush_a"}
{"pos":[-582.00238,-160.630341,262.573395],"rotationMatrix":[-0.978677034,0.205404803,0,-0.205404803,-0.978677034,0,0,0,0.999999881],"scale":1.02921772,"type":"tree_aspen_bush_a"}
{"pos":[-581.22876,-160.609802,262.562469],"rotationMatrix":[-0.972397447,0.233330309,0,-0.233330309,-0.972397447,0,0,0,0.999999881],"scale":0.901769876,"type":"tree_aspen_bush_a"}
{"pos":[-589.054871,-159.878555,262.749451],"rotationMatrix":[-0.941566288,-0.336827576,0,0.336827576,-0.941566288,0,0,0,0.999999881],"scale":1.09315217,"type":"tree_aspen_bush_a"}
{"pos":[-590.452698,-157.570267,262.964142],"rotationMatrix":[-0.901269376,-0.433259249,0,0.433259249,-0.901269376,0,0,0,0.999999881],"scale":1.14366686,"type":"tree_aspen_bush_a"}
{"pos":[-503.604462,-159.780685,262.014557],"rotationMatrix":[-0.889350474,-0.457225889,0,0.457225889,-0.889350474,0,0,0,0.999999881],"scale":0.936687469,"type":"tree_aspen_bush_a"}
{"pos":[-508.713867,-167.522919,261.978119],