{"pos":[724.821716,-41.0204544,51.9287109],"rotationMatrix":[0.96685499,0.255325854,0,-0.255325854,0.96685499,0,0,0,0.999999881],"scale":1,"type":"tree_douglasfir_chopped"}
{"pos":[770.240906,-3.99819589,52.1938705],"rotationMatrix":[0.973420024,-0.229026824,0,0.229026824,0.973420024,0,0,0,0.999999881],"scale":1,"type":"tree_douglasfir_chopped"}
{"pos":[709.385071,4.52044487,51.9703598],"rotationMatrix":[0.852377892,0.522926211,0,-0.522926211,0.852377892,0,0,0,0.999999881],"scale":1,"type":"tree_douglasfir_chopped"}
{"pos":[693.070923,-109.818771,51.3354416],"rotationMatrix":[-0.996663153,-0.0816231519,0,0.0816231519,-0.996663153,0,0,0,0.999999881],"scale":1,"type":"tree_douglasfir_chopped"}
{"pos":[693.892151,-108.050201,51.4064026],"rotationMatrix":[0.645316541,0.7639153,0,-0.7639153,0.645316541,0,0,0,0.999999881],"scale":1,"type":"tree_douglasfir_chopped"}
{"pos":[695.178162,-109.641891,52.012722],"rotationMatrix":[0.388945937,0.921260536,0,-0.921260536,0.388945937,0,0,0,0.999999881],"scale":1,"type":"tree_douglasfir_chopped"}
{"pos":[697.415649,-111.828033,52.7963104],"rotationMatrix":[0.894715071,-0.446637183,0,0.446637183,0.894715071,0,0,0,0.999999881],"scale":1,"type":"tree_douglasfir_chopped"}
{"pos":[705.968506,-111.134987,53.5211487],"rotationMatrix":[-0.289645493,-0.957133889,0,0.957133889,-0.289645493,0,0,0,0.999999881],"scale":1,"type":"tree_douglasfir_chopped"}
{"pos":[704.516663,-109.635696,53.1022835],"rotationMatrix":[-0.862498701,0.506058991,0,-0.506058991,-0.862498701,0,0,0,0.999999881],"scale":1,"type":"tree_douglasfir_chopped"}
{"pos":[719.389709,-107.280754,56.2150955],"rotationMatrix":[-0.700947106,0.713213027,0,-0.713213027,-0.700947106,0,0,0,0.999999881],"scale":1,"type":"tree_douglasfir_chopped"}
{"pos":[718.690735,-107.2257,56.1367378],"rotationMatrix":[0.896376431,0.443293691,0,-0.443293691,0.896376431,0,0,0,0.999999881],"scale":1,"type":"tree_douglasfir_chopped"}
{"pos":[764.211182,-115.553848,58.0499268],"rotationMatrix":[-0.805118978,-0.593113303,0,0.593113303,-0.805118978,0,0,0,0.999999881],"scale":1,"type":"tree_douglasfir_chopped"}
{"pos":[763.76001,-113.534996,58.0499268],"rotationMatrix":[-0.749902964,0.66154772,0,-0.66154772,-0.749902964,0,0,0,0.999999881],"scale":1,"type":"tree_douglasfir_chopped"}
{"pos":[770.806885,-118.681633,58.0499268],"rotationMatrix":[-0.0423879772,-0.999101162,0,0.999101162,-0.0423879772,0,0,0,0.999999881],"scale":1,"type":"tree_douglasfir_chopped"}
{"pos":[771.251526,-115.144157,58.0499268],"rotationMatrix":[0.51963979,0.854385495,0,-0.854385495,0.51963979,0,0,0,0.999999881],"scale":1,"type":"tree_douglasfir_chopped"}
{"pos":[778.344788,-129.95488,58.4879265],"rotationMatrix":[-0.166028395,0.98612082,0,-0.98612082,-0.166028395,0,0,0,0.999999881],"scale":1,"type":"tree_douglasfir_chopped"}
{"pos":[787.61261,-115.562492,58.0469742],"rotationMatrix":[0.878711998,-0.477352083,0,0.477352083,0.878711998,0,0,0,0.999999881],"scale":1,"type":"tree_douglasfir_chopped"}
{"pos":[754.195496,-141.515869,58.5169144],"rotationMatrix":[0.99838084,-0.0568818823,0,0.0568818823,0.99838084,0,0,0,0.999999881],"scale":1,"type":"tree_douglasfir_chopped"}
{"pos":[817.858093,26.7798634,57.304966],"rotationMatrix":[-0.0641354546,-0.997941077,0,0.997941077,-0.0641354546,0,-0,0,0.999999881],"scale":1,"type":"tree_douglasfir_chopped"}
{"pos":[795.263062,-58.6945267,51.9360352],"rotationMatrix":[0.955531299,-0.294889331,0,0.294889331,0.955531299,0,-0,0,0.999999881],"scale":1,"type":"tree_douglasfir_chopped"}
{"pos":[793.437866,-62.53339,51.9467773],"rotationMatrix":[-0.534874678,-0.844931364,0,0.844931364,-0.534874678,0,-0,0,0.999999881],"scale":1,"type":"tree_douglasfir_chopped"}
{"pos":[796.086914,-67.5874252,52.4424934],"rotationMatrix":[-0.39331001,-0.919405878,0,0.919405878,-0.39331001,0,-0,0,0.999999881],"scale":1,"type":"tree_douglasfir_chopped"}
{"pos":[811.10968,-101.179779,57.9151802],"rotationMatrix":[0.148455247,-0.988919079,0,0.988919079,0.148455247,0,-0,0,0.999999881],"scale":1,"type":"tree_douglasfir_chopped"}
{"pos":[849.449463,-72.2099991,64.3397446],"rotationMatrix":[-0.82042861,0.571748674,-0,-0.571748674,-0.82042861,0,-0,0,0.999999881],"scale":1,"type":"tree_douglasfir_chopped"}
{"pos":[844.188232,-68.376564,64.5923996],"rotationMatrix":[-0.480520517,-0.876983464,0,0.876983464,-0.480520517,0,-0,0,0.999999881],"scale":1,"type":"tree_douglasfir_chopped"}
{"pos":[851.959412,-66.0546799,64.3713684],"rotationMatrix":[0.808463633,0.588546097,0,-0.588546097,0.808463633,-0,-0,0,0.999999881],"scale":1,"type":"tree_douglasfir_chopped"}
{"pos":[864.416138,-74.648819,65.9822311],"rotationMatrix":[-0.635723531,-0.771916628,0,0.771916628,-0.635723531,0,-0,0,0.999999881],"scale":1,"type":"tree_douglasfir_chopped"}
{"pos":[861.412354,-81.3662872,66.0035172],"rotationMatrix":[-0.791802883,-0.610776722,0,0.610776722,-0.791802883,0,-0,0,0.999999881],"scale":1,"type":"tree_douglasfir_chopped"}
{"pos":[868.219482,-79.6402206,66.6345367],"rotationMatrix":[-0.134780288,0.990875423,-0,-0.990875423,-0.134780288,0,-0,0,0.999999881],"scale":1,"type":"tree_douglasfir_chopped"}
{"pos":[856.875183,-72.3489532,65.52845],"rotationMatrix":[-0.663526237,-0.748152792,0,0.748152792,-0.663526237,0,-0,0,0.999999881],"scale":1,"type":"tree_douglasfir_chopped"}
{"pos":[873.638062,-83.2605743,67.442543],"rotationMatrix":[-0.989921272,-0.141618475,0,0.141618475,-0.989921272,0,-0,0,0.999999881],"scale":1,"type":"tree_douglasfir_chopped"}
