{"pos":[352.993774,56.5127869,258.109131],"rotationMatrix":[0.624649942,-0.78090477,0,0.78090477,0.624649942,0,0,0,0.999999881],"scale":1.31006479,"type":"tree_aspen_small_a"}
{"pos":[252.546631,162.470474,252.438492],"rotationMatrix":[0.986248314,0.165269881,0,-0.165269881,0.986248314,0,0,0,0.999999881],"scale":1.13743997,"type":"tree_aspen_small_a"}
{"pos":[194.784592,182.71701,253.994385],"rotationMatrix":[0.968643904,-0.248452798,0,0.248452798,0.968643904,0,0,0,0.999999881],"scale":1.33863747,"type":"tree_aspen_small_a"}
{"pos":[244.398666,180.564941,252.032486],"rotationMatrix":[-0.345010221,-0.938598871,0,0.938598871,-0.345010221,0,0,0,0.999999881],"scale":1.23349595,"type":"tree_aspen_small_a"}
{"pos":[203.96434,186.639023,254.196716],"rotationMatrix":[-0.691155374,0.722705901,0,-0.722705901,-0.691155374,0,0,0,0.999999881],"scale":1.2186439,"type":"tree_aspen_small_a"}
{"pos":[167.158691,60.1420708,254.083481],"rotationMatrix":[0.428374946,-0.903600991,0,0.903600991,0.428374946,0,0,0,0.999999881],"scale":1.19401228,"type":"tree_aspen_small_a"}
{"pos":[286.54306,72.2953415,255.728165],"rotationMatrix":[-0.791203082,0.611553192,0,-0.611553192,-0.791203082,0,0,0,0.999999881],"scale":1.07144177,"type":"tree_aspen_small_a"}
{"pos":[347.161072,244.30336,261.588837],"rotationMatrix":[0.487470776,0.873139322,0,-0.873139322,0.487470776,0,0,0,0.999999881],"scale":1.18438113,"type":"tree_aspen_small_a"}
{"pos":[354.615875,238.450378,263.602112],"rotationMatrix":[-0.950443208,0.310898125,0,-0.310898125,-0.950443208,0,0,0,0.999999881],"scale":1.25321698,"type":"tree_aspen_small_a"}
{"pos":[242.959305,216.353302,250.415482],"rotationMatrix":[-0.937111616,0.349029481,0,-0.349029481,-0.937111616,0,0,0,0.999999881],"scale":1.44960451,"type":"tree_aspen_small_a"}
{"pos":[319.792511,202.781693,263.905579],"rotationMatrix":[-0.199149817,0.979968965,0,-0.979968965,-0.199149817,0,0,0,0.999999881],"scale":1.32600164,"type":"tree_aspen_small_a"}
{"pos":[347.581055,235.763077,263.275146],"rotationMatrix":[0.597256422,-0.802050292,0,0.802050292,0.597256422,0,0,0,0.999999881],"scale":1.43247902,"type":"tree_aspen_small_a"}
{"pos":[440.333801,57.783287,258.02005],"rotationMatrix":[0.356344253,0.934354722,0,-0.934354722,0.356344253,0,0,0,0.999999881],"scale":1.39076054,"type":"tree_aspen_small_a"}
{"pos":[420.639099,104.057854,257.540588],"rotationMatrix":[-0.629499495,0.777000666,0,-0.777000666,-0.629499495,0,0,0,0.999999881],"scale":1.25393748,"type":"tree_aspen_small_a"}
{"pos":[409.486023,143.473373,259.244965],"rotationMatrix":[0.297626436,-0.954682291,0,0.954682291,0.297626436,0,0,0,0.999999881],"scale":1.35208058,"type":"tree_aspen_small_a"}
{"pos":[386.079895,155.511322,262.394165],"rotationMatrix":[-0.955687821,-0.294381678,0,0.294381678,-0.955687821,0,0,0,0.999999881],"scale":1.13115752,"type":"tree_aspen_small_a"}
{"pos":[389.181763,151.723953,262.288544],"rotationMatrix":[0.285313487,0.958434224,0,-0.958434224,0.285313487,0,0,0,0.999999881],"scale":1.15881228,"type":"tree_aspen_small_a"}
{"pos":[373.934296,171.151901,263.55072],"rotationMatrix":[0.697510302,-0.716574609,0,0.716574609,0.697510302,0,0,0,0.999999881],"scale":1.00343466,"type":"tree_aspen_small_a"}
{"pos":[373.866455,174.444641,263.578247],"rotationMatrix":[0.0964789763,-0.995334923,0,0.995334923,0.0964789763,0,0,0,0.999999881],"scale":1.27891469,"type":"tree_aspen_small_a"}
{"pos":[393.247437,217.487076,263.771973],"rotationMatrix":[0.584180892,0.811623454,0,-0.811623454,0.584180892,0,0,0,0.999999881],"scale":1.10714769,"type":"tree_aspen_small_a"}
{"pos":[394.115448,205.156372,263.79422],"rotationMatrix":[-0.918491304,-0.395441204,0,0.395441204,-0.918491304,0,0,0,0.999999881],"scale":1.26528955,"type":"tree_aspen_small_a"}
{"pos":[398.301208,204.021774,263.772034],"rotationMatrix":[0.456269979,0.889841378,0,-0.889841378,0.456269979,0,0,0,0.999999881],"scale":1.00480843,"type":"tree_aspen_small_a"}
{"pos":[409.751526,166.146194,259.266022],"rotationMatrix":[-0.946631789,0.322316974,0,-0.322316974,-0.946631789,0,0,0,0.999999881],"scale":1.11334825,"type":"tree_aspen_small_a"}
{"pos":[399.11795,170.67186,260.468536],"rotationMatrix":[0.111265272,0.993790627,0,-0.993790627,0.111265272,0,0,0,0.999999881],"scale":1.00793695,"type":"tree_aspen_small_a"}
{"pos":[387.867157,159.64415,262.034882],"rotationMatrix":[-0.994570971,-0.104059704,0,0.104059704,-0.994570971,0,0,0,0.999999881],"scale":1.4212935,"type":"tree_aspen_small_a"}
{"pos":[395.99939,163.992935,260.846802],"rotationMatrix":[0.216256544,0.976336539,0,-0.976336539,0.216256544,0,0,0,0.999999881],"scale":1.2366693,"type":"tree_aspen_small_a"}
{"pos":[383.638519,239.351044,263.451202],"rotationMatrix":[-0.323049247,0.946382046,0,-0.946382046,-0.323049247,0,0,0,0.999999881],"scale":1.32184982,"type":"tree_aspen_small_a"}
{"pos":[-93.7849426,-93.7149353,255.690903],"rotationMatrix":[-0.974651098,-0.223730147,0,0.223730147,-0.974651098,0,0,0,0.999999881],"scale":1.30804968,"type":"tree_aspen_small_a"}
{"pos":[-95.4164429,-65.1723328,255.898331],"rotationMatrix":[0.99592346,0.0902014524,0,-0.0902014524,0.99592346,-0,-0,0,0.999999881],"scale":1.29559875,"type":"tree_aspen_small_a"}
{"pos":[-188.706345,-51.1294632,255.638474],"rotationMatrix":[-0.990080178,0.140502915,-0,-0.140502915,-0.990080178,0,-0,0,0.999999881],"scale":1.49199152,"type":"tree_aspen_small_a"}
{"pos":[-189.962784,-46.6434174,255.982101],"rotationMatrix":[0.695033193,0.71897763,0,-0.71897763,0.695033193,-0,-0,0,0.999999881],"scale":1.27917051,"type":"tree_aspen_small_a"}
{"pos":[-213.410126,7.9029808,249.459396],"rotationMatrix":[0.728158236,-0.68540889,0,0.68540889,0.728158236,0,-0,0,0.999999881],"scale":1.23831165,"type":"tree_aspen_small_a"}
{"pos":[-156.877686,-7.59032917,249.773102],"rotationMatrix":[-0.980328381,0.197372898,-0,-0.197372898,-0.980328381,0,-0,0,0.999999881],"scale":1.06068051,"type":"tree_aspen_small_a"}
{"pos":[-304.386597,-4.28349495,256.265198],"rotationMatrix":[-0.451643229,0.892198503,-0,-0.892198503,-0.451643229,0,-0,0,0.999999881],"scale":1.45394504,"type":"tree_aspen_small_a"}
{"pos":[-308.252716,-8.11291599,256.913513],"rotationMatrix":[0.982958078,0.183829576,0,-0.183829576,0.982958078,-0,-0,0,0.999999881],"scale":1.13033056,"type":"tree_aspen_small_a"}
{"pos":[-313.79425,16.2002411,256.092865],"rotationMatrix":[0.683685243,-0.7297768,0,0.7297768,0.683685243,0,-0,0,0.999999881],"scale":1.21354783,"type":"tree_aspen_small_a"}
{"pos":[-308.573792,-11.7127695,257.140869],"rotationMatrix":[0.996179283,0.0873303562,0,-0.0873303562,0.996179283,-0,-0,0,0.999999881],"scale":1.27011728,"type":"tree_aspen_small_a"}
{"pos":[-321.693909,16.6135044,256.283691],"rotationMatrix":[-0.0629859567,0.998014331,-0,-0.998014331,-0.0629859567,0,-0,0,0.999999881],"scale":1.47018731,"type":"tree_aspen_small_a"}
{"pos":[-335.23584,-4.18628883,258.912445],"rotationMatrix":[0.909439087,-0.4158369,0,0.4158369,0.909439087,0,-0,0,0.999999881],"scale":1.07220137,"type":"tree_aspen_small_a"}
{"pos":[-327.461426,16.5488434,257.080627],"rotationMatrix":[0.561865926,0.827228248,0,-0.827228248,0.561865926,-0,-0,0,0.999999881],"scale":1.31683445,"type":"tree_aspen_small_a"}
{"pos":[-363.964355,-6.00671482,261.740692],"rotationMatrix":[0.434076488,0.900875986,0,-0.900875986,0.434076488,-0,-0,0,0.999999881],"scale":1.07038808,"type":"tree_aspen_small_a"}
{"pos":[-457.465912,1.18898582,261.665588],"rotationMatrix":[0.732560515,0.680701911,0,-0.680701911,0.732560515,-0,-0,0,0.999999881],"scale":1.14548123,"type":"tree_aspen_small_a"}
{"pos":[-388.56369,48.7306061,261.163666],"rotationMatrix":[-0.987954676,0.154743135,-0,-0.154743135,-0.987954676,0,-0,0,0.999999881],"scale":1.00376046,"type":"tree_aspen_small_a"}
{"pos":[-367.32663,48.2553635,260.293732],"rotationMatrix":[-0.67682308,0.736145437,-0,-0.736145437,-0.67682308,0,-0,0,0.999999881],"scale":1.33212042,"type":"tree_aspen_small_a"}
{"pos":[-325.788574,58.7574234,258.548431],