{"pos":[-6.0460062,-26.4979057,251.029434],"rotationMatrix":[0.443105489,0.896469533,0,-0.896469533,0.443105489,0,0,0,0.999999881],"scale":0.992509484,"type":"tree_beech_bush_c"}
{"pos":[-11.5911026,-36.9076347,251.865341],"rotationMatrix":[0.999970496,-0.00766960392,0,0.00766960392,0.999970496,0,0,0,0.999999881],"scale":1.10575926,"type":"tree_beech_bush_c"}
{"pos":[-12.7527714,-37.2965584,252.287003],"rotationMatrix":[-0.996005118,-0.0892951638,0,0.0892951638,-0.996005118,0,0,0,0.999999881],"scale":0.916376173,"type":"tree_beech_bush_c"}
{"pos":[5.05099392,-23.1329842,250.494995],"rotationMatrix":[0.939358115,-0.342937589,0,0.342937589,0.939358115,0,0,0,0.999999881],"scale":1.08801854,"type":"tree_beech_bush_c"}
{"pos":[4.03694153,-22.1996269,250.635895],"rotationMatrix":[0.763819039,-0.645430267,0,0.645430267,0.763819039,0,0,0,0.999999881],"scale":1.18636858,"type":"tree_beech_bush_c"}
{"pos":[2.2913959,-20.5060501,249.820953],"rotationMatrix":[-0.978987873,0.203918219,0,-0.203918219,-0.978987873,0,0,0,0.999999881],"scale":0.833673596,"type":"tree_beech_bush_c"}
{"pos":[-1.87693906,-22.1102409,250.261581],"rotationMatrix":[0.853121877,-0.521711528,0,0.521711528,0.853121877,0,0,0,0.999999881],"scale":1.1905154,"type":"tree_beech_bush_c"}
{"pos":[-0.396565199,-23.7418041,251.024796],"rotationMatrix":[-0.0232347455,-0.999729991,0,0.999729991,-0.0232347455,0,0,0,0.999999881],"scale":0.862831116,"type":"tree_beech_bush_c"}
