{"pos":[375.912109,72.1462936,258.377075],"rotationMatrix":[0.992044628,-0.125886038,0,0.125886038,0.992044628,0,0,0,0.999999881],"scale":1,"type":"tree_oak_large_c"}
{"pos":[328.496002,85.4449005,257.653656],"rotationMatrix":[-0.628289402,-0.777979553,0,0.777979553,-0.628289402,0,0,0,0.999999881],"scale":1,"type":"tree_oak_large_c"}
{"pos":[278.590637,135.484329,254.656494],"rotationMatrix":[0.905743837,0.423825502,0,-0.423825502,0.905743837,0,0,0,0.999999881],"scale":1,"type":"tree_oak_large_c"}
{"pos":[251.27774,120.73069,254.241943],"rotationMatrix":[0.0338319875,0.999427438,0,-0.999427438,0.0338319875,0,0,0,0.999999881],"scale":1,"type":"tree_oak_large_c"}
{"pos":[213.717239,90.0193558,254.272461],"rotationMatrix":[0.968097091,0.250575066,0,-0.250575066,0.968097091,0,0,0,0.999999881],"scale":1,"type":"tree_oak_large_c"}
{"pos":[156.757523,50.9934769,254.379272],"rotationMatrix":[0.992548168,-0.121852458,0,0.121852458,0.992548168,0,0,0,0.999999881],"scale":1,"type":"tree_oak_large_c"}
{"pos":[238.812347,192.98735,251.796783],"rotationMatrix":[-0.268070161,-0.963399351,0,0.963399351,-0.268070161,0,0,0,0.999999881],"scale":1,"type":"tree_oak_large_c"}
{"pos":[353.557953,66.694725,258.731873],"rotationMatrix":[-0.986311138,0.164894134,0,-0.164894134,-0.986311138,0,0,0,0.999999881],"scale":1,"type":"tree_oak_large_c"}
{"pos":[336.088989,67.2942429,258.141083],"rotationMatrix":[-0.53937304,-0.842066884,0,0.842066884,-0.53937304,0,0,0,0.999999881],"scale":1,"type":"tree_oak_large_c"}
{"pos":[339.72345,68.5431519,258.30069],"rotationMatrix":[0.929166973,0.369660199,0,-0.369660199,0.929166973,0,0,0,0.999999881],"scale":1,"type":"tree_oak_large_c"}
{"pos":[344.836487,71.4511719,258.475403],"rotationMatrix":[0.426977366,0.904262304,0,-0.904262304,0.426977366,0,0,0,0.999999881],"scale":1,"type":"tree_oak_large_c"}
{"pos":[346.173157,74.9230499,258.406708],"rotationMatrix":[0.191407159,-0.98151058,0,0.98151058,0.191407159,0,0,0,0.999999881],"scale":1,"type":"tree_oak_large_c"}
{"pos":[318.071625,68.4949646,257.449432],"rotationMatrix":[-0.747103631,-0.664707601,0,0.664707601,-0.747103631,0,0,0,0.999999881],"scale":1,"type":"tree_oak_large_c"}
{"pos":[325.952667,63.4764366,257.520447],"rotationMatrix":[-0.0908810273,-0.99586165,0,0.99586165,-0.0908810273,0,0,0,0.999999881],"scale":1,"type":"tree_oak_large_c"}
{"pos":[332.354126,72.5383377,257.978699],"rotationMatrix":[0.621592939,0.783340394,0,-0.783340394,0.621592939,0,0,0,0.999999881],"scale":1,"type":"tree_oak_large_c"}
{"pos":[335.912231,77.819252,258.270569],"rotationMatrix":[0.494273931,-0.869306087,0,0.869306087,0.494273931,0,0,0,0.999999881],"scale":1,"type":"tree_oak_large_c"}
{"pos":[335.071045,63.8667793,257.941071],"rotationMatrix":[0.816371858,0.577526629,0,-0.577526629,0.816371858,0,0,0,0.999999881],"scale":1,"type":"tree_oak_large_c"}
{"pos":[313.226746,71.6909103,257.124268],"rotationMatrix":[0.603787959,-0.79714489,0,0.79714489,0.603787959,0,0,0,0.999999881],"scale":1,"type":"tree_oak_large_c"}
{"pos":[312.297241,58.4826622,257.263733],"rotationMatrix":[0.165499926,-0.986209691,0,0.986209691,0.165499926,0,0,0,0.999999881],"scale":1,"type":"tree_oak_large_c"}
{"pos":[302.135406,76.7367859,256.401611],"rotationMatrix":[0.791916668,0.610629201,0,-0.610629201,0.791916668,0,0,0,0.999999881],"scale":1,"type":"tree_oak_large_c"}
{"pos":[295.507935,90.5991592,256.971619],"rotationMatrix":[-0.80166471,-0.597773731,0,0.597773731,-0.80166471,0,0,0,0.999999881],"scale":1,"type":"tree_oak_large_c"}
{"pos":[313.168945,84.3614655,256.660187],"rotationMatrix":[-0.88410753,0.467283458,0,-0.467283458,-0.88410753,0,0,0,0.999999881],"scale":1,"type":"tree_oak_large_c"}
{"pos":[317.629456,76.1328812,257.276306],"rotationMatrix":[0.242514282,0.970147848,0,-0.970147848,0.242514282,0,0,0,0.999999881],"scale":1,"type":"tree_oak_large_c"}
{"pos":[299.035065,70.1921387,256.358643],"rotationMatrix":[0.910886645,-0.412656516,0,0.412656516,0.910886645,0,0,0,0.999999881],"scale":1,"type":"tree_oak_large_c"}
{"pos":[334.776123,73.5542908,258.110718],"rotationMatrix":[0.729527652,-0.683951139,0,0.683951139,0.729527652,0,0,0,0.999999881],"scale":1,"type":"tree_oak_large_c"}
{"pos":[325.286621,72.1638947,257.697327],"rotationMatrix":[-0.510348439,0.85996753,0,-0.85996753,-0.510348439,0,0,0,0.999999881],"scale":1,"type":"tree_oak_large_c"}
{"pos":[323.798523,76.0371552,257.605164],"rotationMatrix":[-0.158194095,0.987407923,0,-0.987407923,-0.158194095,0,0,0,0.999999881],"scale":1,"type":"tree_oak_large_c"}
{"pos":[169.687408,96.6079102,254.379272],"rotationMatrix":[-0.689151227,0.724617422,0,-0.724617422,-0.689151227,0,0,0,0.999999881],"scale":1,"type":"tree_oak_large_c"}
{"pos":[161.061157,105.24588,254.379272],"rotationMatrix":[0.905682981,-0.423955411,0,0.423955411,0.905682981,0,0,0,0.999999881],"scale":1,"type":"tree_oak_large_c"}
{"pos":[219.031128,143.141312,254.379272],"rotationMatrix":[0.980666101,0.195688337,0,-0.195688337,0.980666101,0,0,0,0.999999881],"scale":1,"type":"tree_oak_large_c"}
{"pos":[202.817123,109.241837,254.318237],"rotationMatrix":[-0.36385873,-0.931454003,0,0.931454003,-0.36385873,0,0,0,0.999999881],"scale":1,"type":"tree_oak_large_c"}
{"pos":[208.5121,147.595612,254.379272],"rotationMatrix":[0.637277305,0.770634532,0,-0.770634532,0.637277305,0,0,0,0.999999881],"scale":1,"type":"tree_oak_large_c"}
{"pos":[213.573425,163.282745,254.374969],"rotationMatrix":[0.724236906,0.689551234,0,-0.689551234,0.724236906,0,0,0,0.999999881],"scale":1,"type":"tree_oak_large_c"}
{"pos":[209.234283,150.876297,254.379272],"rotationMatrix":[0.778714359,0.627378643,0,-0.627378643,0.778714359,0,0,0,0.999999881],"scale":1,"type":"tree_oak_large_c"}
{"pos":[214.322433,167.178101,254.323639],"rotationMatrix":[-0.368619919,-0.929580152,0,0.929580152,-0.368619919,0,0,0,0.999999881],"scale":1,"type":"tree_oak_large_c"}
{"pos":[221.082382,156.851257,254.319244],"rotationMatrix":[0.275854141,0.961199462,0,-0.961199462,0.275854141,0,0,0,0.999999881],"scale":1,"type":"tree_oak_large_c"}
{"pos":[196.987534,173.821045,254.379272],"rotationMatrix":[0.512764692,-0.858529091,0,0.858529091,0.512764692,0,0,0,0.999999881],"scale":1,"type":"tree_oak_large_c"}
{"pos":[191.01709,178.679214,254.379272],"rotationMatrix":[0.993553221,0.113365375,0,-0.113365375,0.993553221,0,0,0,0.999999881],"scale":1,"type":"tree_oak_large_c"}
{"pos":[186.492996,147.225067,254.379272],"rotationMatrix":[-0.6302917,0.776358187,0,-0.776358187,-0.6302917,0,0,0,0.999999881],"scale":1,"type":"tree_oak_large_c"}
{"pos":[190.510101,146.954681,254.379272],"rotationMatrix":[0.494692117,-0.869068146,0,0.869068146,0.494692117,0,0,0,0.999999881],"scale":1,"type":"tree_oak_large_c"}
{"pos":[170.348999,149.296936,254.379272],"rotationMatrix":[-0.635232389,-0.772321045,0,0.772321045,-0.635232389,0,0,0,0.999999881],"scale":1,"type":"tree_oak_large_c"}
{"pos":[199.186768,126.649841,254.333496],"rotationMatrix":[-0.251336247,-0.96789974,0,0.96789974,-0.251336247,0,0,0,0.999999881],"scale":1,"type":"tree_oak_large_c"}
{"pos":[336.482605,221.801544,263.99231],"rotationMatrix":[0.796405673,-0.604762673,0,0.604762673,0.796405673,0,0,0,0.999999881],"scale":1,"type":"tree_oak_large_c"}
{"pos":[342.882874,227.996765,263.99231],"rotationMatrix":[0.779460192,-0.626451612,0,0.626451612,0.779460192,0,0,0,0.999999881],"scale":1,"type":"tree_oak_large_c"}
{"pos":[376.107697,167.971725,263.526306],"rotationMatrix":[0.307990342,-0.951389372,0,0.951389372,0.307990342,0,0,0,0.999999881],"scale":1,"type":"tree_oak_large_c"}
{"pos":[369.573303,178.178482,263.99231],"rotationMatrix":[0.534174562,-0.845374048,0,0.845374048,0.534174562,0,0,0,0.999999881],"scale":1,"type":"tree_oak_large_c"}
{"pos":[402.309387,210.445206,263.99231],"rotationMatrix":[-0.0144646754,-0.999895275,0,0.999895275,-0.0144646754,0,0,0,0.999999881],"scale":1,"type":"tree_oak_large_c"}
{"pos":[407.738983,196.921921,263.501801],"rotationMatrix":[-0.279772818,-0.96006614,0,0.96006614,-0.279772818,0,0,0,0.999999881],"scale":1,