{"pos":[720.807922,-95.2763519,51.8101654],"rotationMatrix":[-0.595620513,-0.80326581,0,0.80326581,-0.595620513,0,0,0,0.999999881],"scale":1.12530446,"type":"tree_aspen_small_low_group"}
{"pos":[763.446655,-98.2322235,53.42519],"rotationMatrix":[0.981845796,0.189680487,0,-0.189680487,0.981845796,0,0,0,0.999999881],"scale":1.14521968,"type":"tree_aspen_small_low_group"}
{"pos":[772.000916,-88.0282059,52.7903099],"rotationMatrix":[0.518847942,0.854866564,0,-0.854866564,0.518847942,0,0,0,0.999999881],"scale":0.973347664,"type":"tree_aspen_small_low_group"}
{"pos":[777.490845,-82.7807541,53.8349419],"rotationMatrix":[-0.265404701,-0.964137018,0,0.964137018,-0.265404701,0,0,0,0.999999881],"scale":0.97633034,"type":"tree_aspen_small_low_group"}
{"pos":[781.157166,-111.931435,57.7777557],"rotationMatrix":[0.905722797,0.423870414,0,-0.423870414,0.905722797,0,0,0,0.999999881],"scale":1.4896208,"type":"tree_aspen_small_low_group"}
{"pos":[765.494995,-133.176559,58.4430733],"rotationMatrix":[-0.36570701,-0.930729926,0,0.930729926,-0.36570701,0,0,0,0.999999881],"scale":1.32440114,"type":"tree_aspen_small_low_group"}
{"pos":[768.666748,-120.613564,58.5367584],"rotationMatrix":[-0.577932179,-0.816084802,0,0.816084802,-0.577932179,0,0,0,0.999999881],"scale":0.954623997,"type":"tree_aspen_small_low_group"}
{"pos":[786.518372,-119.150482,57.6281509],"rotationMatrix":[0.819372892,0.573260844,0,-0.573260844,0.819372892,0,0,0,0.999999881],"scale":1.32794499,"type":"tree_aspen_small_low_group"}
{"pos":[732.88385,27.5366497,52.1772881],"rotationMatrix":[-0.595620513,-0.80326581,0,0.80326581,-0.595620513,0,0,0,0.999999881],"scale":1.12530446,"type":"tree_aspen_small_low_group"}
{"pos":[704.667847,39.7088966,54.7409897],"rotationMatrix":[-0.00130826584,0.999999046,0,-0.999999046,-0.00130826584,0,0,0,0.999999881],"scale":0.958810687,"type":"tree_aspen_small_low_group"}
{"pos":[699.207825,68.9530563,54.7816048],"rotationMatrix":[-0.979883313,0.19957085,0,-0.19957085,-0.979883313,0,0,0,0.999999881],"scale":1.47147799,"type":"tree_aspen_small_low_group"}
{"pos":[805.577209,-65.8486557,51.7600594],"rotationMatrix":[-0.383936852,-0.923359275,0,0.923359275,-0.383936852,0,-0,0,0.999999881],"scale":1.250844,"type":"tree_aspen_small_low_group"}
{"pos":[808.218811,-68.786377,52.82621],"rotationMatrix":[0.444420546,-0.895818174,0,0.895818174,0.444420546,0,-0,0,0.999999881],"scale":0.965415359,"type":"tree_aspen_small_low_group"}
{"pos":[814.969421,-95.1358337,57.8584824],"rotationMatrix":[-0.356931776,-0.934130371,0,0.934130371,-0.356931776,0,-0,0,0.999999881],"scale":1.05808437,"type":"tree_aspen_small_low_group"}
