{"pos":[224.209641,45.5814285,252.777939],"rotationMatrix":[0.999963045,0.00858755596,0,-0.00858755596,0.999963045,0,0,0,0.999999881],"scale":0.965409398,"type":"tree_oak_forest_b"}
{"pos":[222.587952,96.1840439,254.273926],"rotationMatrix":[0.835574031,0.549377859,0,-0.549377859,0.835574031,0,0,0,0.999999881],"scale":1.02437758,"type":"tree_oak_forest_b"}
{"pos":[243.340729,132.276016,253.079437],"rotationMatrix":[0.998582125,-0.0532313697,0,0.0532313697,0.998582125,0,0,0,0.999999881],"scale":1.07739019,"type":"tree_oak_forest_b"}
{"pos":[191.325836,164.779999,253.602188],"rotationMatrix":[-0.299897581,-0.953971326,0,0.953971326,-0.299897581,0,0,0,0.999999881],"scale":0.999561667,"type":"tree_oak_forest_b"}
{"pos":[208.012802,173.490173,254.186569],"rotationMatrix":[0.99862963,-0.0523317121,0,0.0523317121,0.99862963,0,0,0,0.999999881],"scale":1.03641081,"type":"tree_oak_forest_b"}
{"pos":[209.447037,177.185562,253.435074],"rotationMatrix":[0.142346546,-0.989816785,0,0.989816785,0.142346546,0,0,0,0.999999881],"scale":1.17745173,"type":"tree_oak_forest_b"}
{"pos":[393.837616,26.673933,249.831436],"rotationMatrix":[0.999662161,0.025987383,0,-0.025987383,0.999662161,0,0,0,0.999999881],"scale":1.00874805,"type":"tree_oak_forest_b"}
{"pos":[351.061676,243.17276,262.46936],"rotationMatrix":[-0.855379522,0.518001556,-0,-0.518001556,-0.855379522,0,-0,0,0.999999881],"scale":1.1307137,"type":"tree_oak_forest_b"}
{"pos":[349.778351,237.424118,262.176208],"rotationMatrix":[0.462208539,-0.886771262,0,0.886771262,0.462208539,0,-0,0,0.999999881],"scale":1.08938432,"type":"tree_oak_forest_b"}
{"pos":[319.70401,215.083084,263.943756],"rotationMatrix":[0.997287929,0.0735978782,0,-0.0735978782,0.997287929,-0,-0,0,0.999999881],"scale":0.905855656,"type":"tree_oak_forest_b"}
