{"pos":[224.209641,45.5814285,252.777939],"rotationMatrix":[0.999963045,0.00858755596,0,-0.00858755596,0.999963045,0,0,0,0.999999881],"scale":0.965409398,"type":"tree_oak_forest_b"}
{"pos":[222.587952,96.1840439,254.273926],"rotationMatrix":[0.835574031,0.549377859,0,-0.549377859,0.835574031,-0,-0,0,0.999999881],"scale":1.02437758,"type":"tree_oak_forest_b"}
{"pos":[243.340729,132.276016,253.079437],"rotationMatrix":[0.998582125,-0.0532313697,0,0.0532313697,0.998582125,0,-0,0,0.999999881],"scale":1.07739019,"type":"tree_oak_forest_b"}
{"pos":[191.325836,164.779999,253.602188],"rotationMatrix":[-0.299897581,-0.953971326,0,0.953971326,-0.299897581,0,-0,0,0.999999881],"scale":0.999561667,"type":"tree_oak_forest_b"}
{"pos":[208.012802,173.490173,254.186569],"rotationMatrix":[0.99862963,-0.0523317121,0,0.0523317121,0.99862963,0,-0,0,0.999999881],"scale":1.03641081,"type":"tree_oak_forest_b"}
{"pos":[209.447037,177.185562,253.435074],"rotationMatrix":[0.142346546,-0.989816785,0,0.989816785,0.142346546,0,-0,0,0.999999881],"scale":1.17745173,"type":"tree_oak_forest_b"}
