{"pos":[347.101715,87.670578,257.995972],"rotationMatrix":[0.942921162,0.333015889,0,-0.333015889,0.942921162,0,0,0,0.999999881],"scale":1.46688795,"type":"tree_aspen_small_c"}
{"pos":[155.038254,115.733551,254.04863],"rotationMatrix":[-0.829554975,0.558424711,0,-0.558424711,-0.829554975,0,0,0,0.999999881],"scale":1.44181454,"type":"tree_aspen_small_c"}
{"pos":[150.365814,114.965462,254.168289],"rotationMatrix":[-0.972734213,0.231922582,0,-0.231922582,-0.972734213,0,0,0,0.999999881],"scale":1.41867375,"type":"tree_aspen_small_c"}
{"pos":[224.776718,108.615402,254.192047],"rotationMatrix":[-0.851737559,-0.523968637,0,0.523968637,-0.851737559,0,0,0,0.999999881],"scale":1.44301367,"type":"tree_aspen_small_c"}
{"pos":[204.635193,73.1156464,254.227676],"rotationMatrix":[-0.479679346,0.877443731,0,-0.877443731,-0.479679346,0,0,0,0.999999881],"scale":1.46497357,"type":"tree_aspen_small_c"}
{"pos":[403.777985,99.1827393,250.047806],"rotationMatrix":[-0.685732245,-0.727853715,0,0.727853715,-0.685732245,0,0,0,0.999999881],"scale":1.45504141,"type":"tree_aspen_small_c"}
{"pos":[302.278412,234.984848,254.428528],"rotationMatrix":[0.0641636103,0.997939289,0,-0.997939289,0.0641636103,0,0,0,0.999999881],"scale":1.48053312,"type":"tree_aspen_small_c"}
{"pos":[322.113525,244.906326,256.963806],"rotationMatrix":[-0.994248927,0.107093163,0,-0.107093163,-0.994248927,0,0,0,0.999999881],"scale":1.48771536,"type":"tree_aspen_small_c"}
{"pos":[281.010376,232.467514,249.964142],"rotationMatrix":[-0.540400922,-0.841407597,0,0.841407597,-0.540400922,0,0,0,0.999999881],"scale":1.44127858,"type":"tree_aspen_small_c"}
{"pos":[360.647827,243.441544,263.568085],"rotationMatrix":[-0.220857188,-0.975306094,0,0.975306094,-0.220857188,0,0,0,0.999999881],"scale":1.43782854,"type":"tree_aspen_small_c"}
{"pos":[335.846069,254.408936,258.617065],"rotationMatrix":[0.864781439,0.50214839,0,-0.50214839,0.864781439,0,0,0,0.999999881],"scale":1.47585511,"type":"tree_aspen_small_c"}
