{"pos":[782.794922,-82.8205032,53.871273],"rotationMatrix":[-0.706750333,-0.707462847,0,0.707462847,-0.706750333,0,0,0,0.999999881],"scale":1,"type":"tree_oak_large_a"}
{"pos":[774.875793,-113.638176,58.0499268],"rotationMatrix":[0.954809487,-0.297218204,0,0.297218204,0.954809487,0,0,0,0.999999881],"scale":1,"type":"tree_oak_large_a"}
{"pos":[791.393433,-103.999504,57.9164658],"rotationMatrix":[0.980116427,0.198423132,0,-0.198423132,0.980116427,0,0,0,0.999999881],"scale":1,"type":"tree_oak_large_a"}
{"pos":[764.731812,-6.96033096,52.1186485],"rotationMatrix":[0.885746479,0.464168847,0,-0.464168847,0.885746479,0,0,0,0.999999762],"scale":1,"type":"tree_oak_large_a"}
{"pos":[815.141846,-67.6358414,53.5331306],"rotationMatrix":[-0.653762162,0.756700039,0,-0.756700039,-0.653762162,0,0,0,0.999999881],"scale":1,"type":"tree_oak_large_a"}
{"pos":[797.888306,-44.6655846,51.9337921],"rotationMatrix":[-0.0334270298,0.999441028,0,-0.999441028,-0.0334270298,0,0,0,0.999999881],"scale":1,"type":"tree_oak_large_a"}
{"pos":[801.142639,-39.1346741,51.968895],"rotationMatrix":[0.639319658,0.768941045,0,-0.768941045,0.639319658,0,0,0,0.999999881],"scale":1,"type":"tree_oak_large_a"}
{"pos":[800.778137,-35.1798668,52.077301],"rotationMatrix":[-0.986982167,-0.160829335,0,0.160829335,-0.986982167,0,0,0,0.999999881],"scale":1,"type":"tree_oak_large_a"}
{"pos":[803.79718,-15.6389027,53.1730919],"rotationMatrix":[-0.27159825,-0.962410688,0,0.962410688,-0.27159825,0,0,0,0.999999881],"scale":1,"type":"tree_oak_large_a"}
{"pos":[853.236084,-119.022202,64.0410385],"rotationMatrix":[0.00486627873,0.999988079,0,-0.999988079,0.00486627873,0,0,0,0.999999881],"scale":1,"type":"tree_oak_large_a"}
{"pos":[748.679626,-206.760849,64.0393066],"rotationMatrix":[0.920506358,-0.390727371,0,0.390727371,0.920506358,0,0,0,0.999999881],"scale":1,"type":"tree_oak_large_a"}
{"pos":[871.786682,-86.538147,68.3229599],"rotationMatrix":[0.00486627873,0.999988079,0,-0.999988079,0.00486627873,0,0,0,0.999999881],"scale":1,"type":"tree_oak_large_a"}
{"pos":[849.006042,-83.3045578,65.4686356],"rotationMatrix":[-0.510476828,-0.859891415,0,0.859891415,-0.510476828,0,0,0,0.999999762],"scale":1,"type":"tree_oak_large_a"}
{"pos":[719.611206,-129.064209,61.1196213],"rotationMatrix":[-0.222145662,0.975013375,0,-0.975013375,-0.222145662,0,0,0,0.999999881],"scale":1.87529302,"type":"tree_oak_large_a"}
