{"pos":[762.677673,-6.39528322,52.1769867],"rotationMatrix":[0.57273829,0.819738269,0,-0.819738269,0.57273829,0,0,0,0.999999881],"scale":0.528599977,"type":"tree_beech_dead_a"}
{"pos":[760.113953,-94.7657776,52.6039276],"rotationMatrix":[-0.487816423,0.872946084,0,-0.872946084,-0.487816423,0,0,0,0.999999881],"scale":1.17607915,"type":"tree_beech_dead_a"}
{"pos":[763.513184,-94.6322632,52.9100494],"rotationMatrix":[-0.688528359,0.725209355,0,-0.725209355,-0.688528359,0,0,0,0.999999881],"scale":0.905159831,"type":"tree_beech_dead_a"}
{"pos":[773.688354,-93.1105881,53.9697762],"rotationMatrix":[-0.736207724,-0.676755607,0,0.676755607,-0.736207724,0,0,0,0.999999881],"scale":0.560165823,"type":"tree_beech_dead_a"}
{"pos":[774.636597,-86.6181717,53.6845856],"rotationMatrix":[0.827655017,-0.561237037,0,0.561237037,0.827655017,0,0,0,0.999999881],"scale":0.907075822,"type":"tree_beech_dead_a"}
{"pos":[785.919373,-108.437416,58.0499268],"rotationMatrix":[-0.891549349,0.452923566,0,-0.452923566,-0.891549349,0,0,0,0.999999881],"scale":0.620033443,"type":"tree_beech_dead_a"}
{"pos":[787.779175,-98.9446259,57.7666168],"rotationMatrix":[-0.999991059,0.00419957936,0,-0.00419957936,-0.999991059,0,0,0,0.999999881],"scale":0.686279297,"type":"tree_beech_dead_a"}
{"pos":[781.649109,-100.505249,57.9800873],"rotationMatrix":[-0.536110163,0.844147861,0,-0.844147861,-0.536110163,0,0,0,0.999999881],"scale":0.886859775,"type":"tree_beech_dead_a"}
{"pos":[780.853149,-108.262291,58.0499268],"rotationMatrix":[0.777540743,-0.6288324,0,0.6288324,0.777540743,0,0,0,0.999999881],"scale":1.17483735,"type":"tree_beech_dead_a"}
{"pos":[771.10968,-107.572845,58.0458565],"rotationMatrix":[-0.745091617,-0.666962087,0,0.666962087,-0.745091617,0,0,0,0.999999881],"scale":0.996694624,"type":"tree_beech_dead_a"}
{"pos":[769.196655,-106.680077,57.8145828],"rotationMatrix":[-0.996274173,0.086241588,0,-0.086241588,-0.996274173,0,0,0,0.999999881],"scale":0.954262018,"type":"tree_beech_dead_a"}
{"pos":[770.037354,-112.780487,58.0499268],"rotationMatrix":[-0.939370215,0.342904478,0,-0.342904478,-0.939370215,0,0,0,0.999999881],"scale":0.510724723,"type":"tree_beech_dead_a"}
{"pos":[700.777466,68.7210617,54.9070053],"rotationMatrix":[0.710305631,-0.703893304,0,0.703893304,0.710305631,0,0,0,0.999999881],"scale":0.628337562,"type":"tree_beech_dead_a"}
{"pos":[704.893188,63.1662483,54.9993896],"rotationMatrix":[-0.965717614,0.259594589,0,-0.259594589,-0.965717614,0,0,0,0.999999881],"scale":0.975429773,"type":"tree_beech_dead_a"}
{"pos":[705.453125,41.346859,54.9993896],"rotationMatrix":[-0.28741613,-0.957805693,0,0.957805693,-0.28741613,0,0,0,0.999999881],"scale":1.02811325,"type":"tree_beech_dead_a"}
{"pos":[699.661133,59.1317253,55.2710724],"rotationMatrix":[0.270309895,-0.962773263,0,0.962773263,0.270309895,0,0,0,0.999999881],"scale":0.884685159,"type":"tree_beech_dead_a"}
{"pos":[821.377563,34.012001,57.3910675],"rotationMatrix":[0.852618814,-0.522533178,0,0.522533178,0.852618814,0,-0,0,0.999999881],"scale":0.568528295,"type":"tree_beech_dead_a"}
{"pos":[816.021484,34.121624,57.09758],"rotationMatrix":[-0.295744777,-0.955266893,0,0.955266893,-0.295744777,0,-0,0,0.999999881],"scale":1.15657628,"type":"tree_beech_dead_a"}
{"pos":[822.180054,25.6370983,57.0780754],"rotationMatrix":[0.623029172,-0.782198489,0,0.782198489,0.623029172,0,-0,0,0.999999881],"scale":1.17311132,"type":"tree_beech_dead_a"}
{"pos":[815.441895,-36.1901817,56.7236137],"rotationMatrix":[-0.253389925,0.967364132,-0,-0.967364132,-0.253389925,0,-0,0,0.999999881],"scale":0.814137042,"type":"tree_beech_dead_a"}
{"pos":[859.109131,-81.3733902,65.8701096],"rotationMatrix":[0.472533137,0.881312907,0,-0.881312907,0.472533137,-0,-0,0,0.999999881],"scale":0.634538651,"type":"tree_beech_dead_a"}
{"pos":[851.106323,-78.7911835,65.0259399],"rotationMatrix":[0.851198077,0.524844527,0,-0.524844527,0.851198077,-0,-0,0,0.999999881],"scale":1.07813871,"type":"tree_beech_dead_a"}
{"pos":[795.234802,-15.9910402,51.9287109],"rotationMatrix":[0.675822318,-0.737064362,0,0.737064362,0.675822318,0,-0,0,0.999999881],"scale":0.971794844,"type":"tree_beech_dead_a"}
{"pos":[700.209473,-212.012527,60.2726898],"rotationMatrix":[-0.05815069,-0.998307705,0,0.998307705,-0.05815069,0,-0,0,0.999999881],"scale":1.16146743,"type":"tree_beech_dead_a"}
{"pos":[705.372437,-232.838882,64.0159836],"rotationMatrix":[-0.958514392,-0.285044253,0,0.285044253,-0.958514392,0,-0,0,0.999999881],"scale":1.07864237,"type":"tree_beech_dead_a"}
