{"pos":[-88.0402985,-86.2172012,45.368],"rotationMatrix":[-0.427036166,-0.904166877,0,0.904166877,-0.427036166,0,0,0,1],"scale":1.12360001,"type":"tree_beech_overhang_a"}
{"pos":[-63.0471992,-213.294998,33.7215004],"rotationMatrix":[-0.83169806,-0.55525142,0,0.55525142,-0.83169806,0,0,0,1],"scale":0.979099989,"type":"tree_beech_overhang_a"}
{"pos":[-66.5117035,-228.380997,33.3376999],"rotationMatrix":[0.655881941,0.75485301,0,-0.75485301,0.655881941,0,0,0,1],"scale":1.12880003,"type":"tree_beech_overhang_a"}
{"pos":[-175.380997,-94.8550034,32.2257004],"rotationMatrix":[0.452335954,-0.885864079,0.10236387,0.891720891,0.448301911,-0.0608009212,0.00798118114,0.118779898,0.992885768],"scale":1.15419996,"type":"tree_beech_overhang_a"}
{"pos":[-222.501999,-47.7939987,32.4841995],"rotationMatrix":[-0.786049962,-0.618219018,0,0.618219018,-0.786049962,0,0,0,1],"scale":1.05949998,"type":"tree_beech_overhang_a"}
{"pos":[-390.360992,-272.463989,33.6302986],"rotationMatrix":[0.98856926,-0.150761515,0,0.150761515,0.98856926,0,0,0,1],"scale":1.17550004,"type":"tree_beech_overhang_a"}
{"pos":[-359.48999,-615.107971,52.8172989],"rotationMatrix":[0.988659799,0.150178328,0,-0.150178328,0.988659799,0,0,0,1],"scale":1.02869999,"type":"tree_beech_overhang_a"}
{"pos":[-265.364014,-756.653015,37.8914986],"rotationMatrix":[0.993570209,0.113218553,0,-0.113218553,0.993570209,0,0,0,1],"scale":0.870100021,"type":"tree_beech_overhang_a"}
{"pos":[-600.85498,-215.011993,26.3232994],"rotationMatrix":[-0.104436517,-0.990396023,-0.0902613178,0.994454861,-0.104870439,6.27562404e-05,-0.00953067839,-0.089756757,0.995917976],"scale":0.999599993,"type":"tree_beech_overhang_a"}
{"pos":[-809.97998,-202.815002,21.8174992],"rotationMatrix":[0.998002887,-0.063168399,0,0.063168399,0.998002887,0,0,0,1],"scale":1.02929997,"type":"tree_beech_overhang_a"}
{"pos":[-798.585022,-265.614014,27.2091999],"rotationMatrix":[-0.996002078,-0.0911088064,0,0.0911088064,-0.996002078,0,0,0,1],"scale":0.806500018,"type":"tree_beech_overhang_a"}
{"pos":[-809.116028,-260.804993,26.4438992],"rotationMatrix":[0.9780339,-0.208447203,0,0.208447203,0.9780339,0,0,0,1],"scale":1.03059995,"type":"tree_beech_overhang_a"}
{"pos":[-823.929993,-353.468994,23.6560001],"rotationMatrix":[-0.973687053,0.228084639,0,-0.228084639,-0.973687053,0,0,0,1],"scale":0.951699972,"type":"tree_beech_overhang_a"}
{"pos":[-960.460022,-281.122986,55.4365005],"rotationMatrix":[-0.999200225,0.0415916815,0,-0.0415916815,-0.999200225,0,0,0,1],"scale":0.923500001,"type":"tree_beech_overhang_a"}
{"pos":[-957.520996,-311.334015,55.1889],"rotationMatrix":[-0.999599934,0.0335966386,0,-0.0335966386,-0.999599934,0,0,0,1],"scale":1.1437,"type":"tree_beech_overhang_a"}
{"pos":[-974.945007,-286.585999,56.6870003],"rotationMatrix":[0.952321291,0.305094391,0,-0.305094391,0.952321291,0,0,0,1],"scale":1.04260004,"type":"tree_beech_overhang_a"}
{"pos":[-832.421997,-540.179993,17.7092991],"rotationMatrix":[0.885279477,0.465061098,0,-0.465061098,0.885279477,0,0,0,1],"scale":1.1286,"type":"tree_beech_overhang_a"}
{"pos":[-838.093994,-580.844971,17.3082008],"rotationMatrix":[0.870587766,-0.450638652,-0.197462842,0.459700227,0.888069153,5.447492e-05,0.175335243,-0.0908247232,0.980309606],"scale":1.01230001,"type":"tree_beech_overhang_a"}
{"pos":[-870.744019,-661.372009,25.6119003],"rotationMatrix":[-0.93966198,0.342513412,0,-0.342513412,-0.93966198,0,0,0,1],"scale":1.1645,"type":"tree_beech_overhang_a"}
{"pos":[-854.69397,-629.430664,18.4981976],"rotationMatrix":[-0.788696885,0.614894152,0,-0.614894152,-0.788696885,0,0,0,1],"scale":1.14320004,"type":"tree_beech_overhang_a"}
{"pos":[-885.870789,-663.095581,26.6951027],"rotationMatrix":[0.979395509,-0.201944381,0,0.201944381,0.979395509,0,0,0,1],"scale":1.07280004,"type":"tree_beech_overhang_a"}
{"pos":[-965.494019,-714.439026,32.7603989],"rotationMatrix":[0.997550011,-0.0699580014,0,0.0699580014,0.997550011,0,0,0,1],"scale":1.08459997,"type":"tree_beech_overhang_a"}
{"pos":[-953.069763,-870.072449,41.0182686],"rotationMatrix":[0.76702857,0.641644001,0,-0.641644001,0.76702857,0,0,0,1],"scale":1.00639999,"type":"tree_beech_overhang_a"}
{"pos":[-934.598572,-864.956787,39.5400009],"rotationMatrix":[-0.638774037,-0.769238949,0,0.769238949,-0.638774037,0,0,0,1],"scale":0.824199975,"type":"tree_beech_overhang_a"}
{"pos":[-915.025146,-871.069702,38.1501999],"rotationMatrix":[0.286704361,-0.958028197,0,0.958028197,0.286704361,0,0,0,1],"scale":1.14090002,"type":"tree_beech_overhang_a"}
{"pos":[-238.677551,930.089172,26.6949368],"rotationMatrix":[0.382172704,-0.92407316,0,0.92407316,0.382172704,0,0,0,1],"scale":1.06009996,"type":"tree_beech_overhang_a"}
{"pos":[-17.4375,424.170013,48.1903],"rotationMatrix":[0.453151226,0.891439915,0,-0.891439915,0.453151226,0,0,0,1],"scale":0.949800014,"type":"tree_beech_overhang_a"}
{"pos":[-107.436996,462.078003,38.4575005],"rotationMatrix":[0.749367952,-0.662121594,0,0.662121594,0.749367952,0,0,0,1],"scale":1.09510005,"type":"tree_beech_overhang_a"}
{"pos":[-361.351013,165.520996,53.0483017],"rotationMatrix":[-0.60169208,-0.798787773,0,0.798787773,-0.60169208,0,0,0,1],"scale":1.05270004,"type":"tree_beech_overhang_a"}
{"pos":[-345.759003,91.1875992,31.4039001],"rotationMatrix":[0.869235039,-0.494421482,0,0.494421482,0.869235039,0,0,0,1],"scale":0.952300012,"type":"tree_beech_overhang_a"}
{"pos":[-271.071991,4.21269989,31.8645992],"rotationMatrix":[-0.803860188,-0.594702184,0,0.594702184,-0.803860188,0,0,0,1],"scale":1.02900004,"type":"tree_beech_overhang_a"}
{"pos":[-620.297974,819.346985,30.7646999],"rotationMatrix":[0.831219554,-0.555958867,0,0.555958867,0.831219554,0,0,0,1],"scale":1.26250005,"type":"tree_beech_overhang_a"}
{"pos":[-568.309021,541.559021,26.0928993],"rotationMatrix":[0.926885128,0.37532562,0,-0.37532562,0.926885128,0,0,0,1],"scale":0.89200002,"type":"tree_beech_overhang_a"}
{"pos":[-840.802002,700.249023,29.6727009],"rotationMatrix":[0.997020066,0.0771459639,0,-0.0771459639,0.997020066,0,0,0,1],"scale":1.13900006,"type":"tree_beech_overhang_a"}
{"pos":[-845.057007,745.929016,38.843399],"rotationMatrix":[0.999207973,-0.0397920422,0,0.0397920422,0.999207973,0,0,0,1],"scale":1.22720003,"type":"tree_beech_overhang_a"}
{"pos":[-797.190002,595.734009,29.1229992],"rotationMatrix":[0.962132454,-0.272585601,0,0.272585601,0.962132454,0,0,0,1],"scale":0.819299996,"type":"tree_beech_overhang_a"}
{"pos":[-963.531006,144.388,37.7626991],"rotationMatrix":[0.996767938,-0.0803356767,0,0.0803356767,0.996767938,0,0,0,1],"scale":0.903900027,"type":"tree_beech_overhang_a"}
{"pos":[316.902008,-105.223999,50.6351013],"rotationMatrix":[-0.966144562,0.258583218,0,-0.258583218,-0.966144562,0,0,0,1],"scale":1.02760005,"type":"tree_beech_overhang_a"}
{"pos":[305.713989,-99.5440979,50.6018982],"rotationMatrix":[0.999687493,0.0249975007,0,-0.0249975007,0.999687493,0,0,0,1],"scale":0.959699988,"type":"tree_beech_overhang_a"}
{"pos":[262.891998,-361.95401,44.2765999],"rotationMatrix":[0.767710745,0.640772164,0,-0.640772164,0.767710745,0,0,0,1],"scale":1.19149995,"type":"tree_beech_overhang_a"}
{"pos":[278.696014,-400.36499,41.5690994],"rotationMatrix":[0.889079511,-0.457764894,0,0.457764894,0.889079511,0,0,0,1],"scale":0.846899986,"type":"tree_beech_overhang_a"}
{"pos":[244.126999,-316.777008,42.1189003],"rotationMatrix":[-0.934937954,-0.355276346,0,0.355276346,-0.934937954,0,0,0,1],"scale":1.13429999,"type":"tree_beech_overhang_a"}
{"pos":[128.828003,-295.604004,49.8797989],"rotationMatrix":[0.0546875,0.998524964,0,-0.998524964,0.0546875,0,0,0,1],"scale":0.984399974,"type":"tree_beech_overhang_a"}
{"pos":[157.177994,-282.973999,47.480999],"rotationMatrix":[-0.476105571,0.879374743,0,-0.879374743,-0.476105571,0,0,0,1],"scale":1.06340003,"type":"tree_beech_overhang_a"}
{"pos":[165.444,-342.102997,40.7299995],"rotationMatrix":[-0.240627408,-0.970638156,0,0.970638156,-0.240627408,0,0,0,1],"scale":1.01059997,"type":"tree_beech_overhang_a"}
{"pos":[316.60202,-678.433044,37.9737015],