{"pos":[-14.3842001,-414.692993,55.5564003],"rotationMatrix":[-0.0252883434,0.967925966,-0.24965924,-0.999605119,-0.0245051384,0.00625456125,-8.22469592e-05,0.249737561,0.968311191],"scale":1.10479999,"type":"tree_beech_dead_b"}
{"pos":[-24.6208992,-405.923004,55.7928009],"rotationMatrix":[-0.947943091,0.318176568,0,-0.318176568,-0.947943091,0,0,0,1],"scale":1.17579997,"type":"tree_beech_dead_b"}
{"pos":[-28.2665997,-385.269989,51.7257996],"rotationMatrix":[-0.617121339,0.786800027,0,-0.786800027,-0.617121339,0,0,0,1],"scale":1.03729999,"type":"tree_beech_dead_b"}
{"pos":[-18.3540001,-385.695007,50.1227989],"rotationMatrix":[-0.773597717,0.633575737,0,-0.633575737,-0.773597717,0,0,0,1],"scale":0.810500026,"type":"tree_beech_dead_b"}
