{"pos":[-34.5757484,279.09079,250.55426],"rotationMatrix":[0.986636221,0.131651267,0.0960003063,-0.0532385297,0.817331135,-0.573702455,-0.153992787,0.560924947,0.813417554],"scale":1.0412513,"type":"tree_oak_dead_a"}
