{"pos":[84.7158432,14.8634491,254.086029],"rotationMatrix":[-0.806517005,-0.591210723,0,0.591210723,-0.806517005,0,0,0,0.999999881],"scale":0.829210579,"type":"tree_beech_overhang_a"}
{"pos":[-218.323349,458.986298,270.338776],"rotationMatrix":[0.942377448,-0.334551275,0,0.334551275,0.942377448,0,0,0,0.999999762],"scale":0.884868562,"type":"tree_beech_overhang_a"}
