{"pos":[-1.84194255,-39.8888435,254.756088],"rotationMatrix":[-0.432522207,0.901623189,0,-0.901623189,-0.432522207,0,-0,0,0.999999881],"scale":1.32041013,"type":"tree_oak_large_a"}
