{"pos":[210.392746,174.852585,254.162766],"rotationMatrix":[0.904088676,-0.42734459,0,0.42734459,0.904088676,0,0,0,0.999999881],"scale":1.06874728,"type":"tree_aspen_forest_group"}
