{"pos":[745.209045,-43.3698463,50.6560974],"rotationMatrix":[0.749671936,-0.661809504,0,0.661809504,0.749671936,0,0,0,0.999999881],"scale":1.34638345,"type":"tree_aspen_small_d"}
{"pos":[714.139648,-41.6272926,51.2453728],"rotationMatrix":[0.0675531998,-0.997715592,0,0.997715592,0.0675531998,0,0,0,0.999999881],"scale":1.37292778,"type":"tree_aspen_small_d"}
{"pos":[776.791138,-38.8863411,51.2453728],"rotationMatrix":[0.0675531998,-0.997715592,0,0.997715592,0.0675531998,0,0,0,0.999999881],"scale":1.37292778,"type":"tree_aspen_small_d"}
{"pos":[774.117126,-25.3142624,51.2453728],"rotationMatrix":[-0.500869334,0.865522742,0,-0.865522742,-0.500869334,0,0,0,0.999999762],"scale":1.73811567,"type":"tree_aspen_small_d"}
