{"pos":[-11.8451004,-359.074005,48.3294983],"rotationMatrix":[0.335987091,0.941856563,0,-0.941856563,0.335987091,0,0,0,1],"scale":1.26670003,"type":"tree_aspen_large_b"}
{"pos":[-68.2394028,-315.096008,41.5037994],"rotationMatrix":[0.32882303,-0.944374859,0,0.944374859,0.32882303,0,0,0,1],"scale":1.18729997,"type":"tree_aspen_large_b"}
{"pos":[-177.983002,-266.118988,38.3684998],"rotationMatrix":[-0.457265973,-0.889280498,0,0.889280498,-0.457265973,0,0,0,1],"scale":1.0438,"type":"tree_aspen_large_b"}
{"pos":[-645.447021,-35.7369003,21.1301003],"rotationMatrix":[-0.604556918,-0.796456397,0,0.796456397,-0.604556918,0,0,0,1],"scale":1.02869999,"type":"tree_aspen_large_b"}
{"pos":[-639.961975,-36.6461983,19.7980003],"rotationMatrix":[0.991288006,-0.131709605,0,0.131709605,0.991288006,0,0,0,1],"scale":1.15690005,"type":"tree_aspen_large_b"}
{"pos":[-804.463013,-189.085999,22.0351009],"rotationMatrix":[0.427763939,0.90387404,0,-0.90387404,0.427763939,0,0,0,1],"scale":1.01400006,"type":"tree_aspen_large_b"}
{"pos":[-814.400024,-185.315002,22.6609001],"rotationMatrix":[0.998627126,0.0523842797,0,-0.0523842797,0.998627126,0,0,0,1],"scale":0.993499994,"type":"tree_aspen_large_b"}
{"pos":[-976.955017,-203.690994,54.4608994],"rotationMatrix":[0.366287172,0.930473685,0,-0.930473685,0.366287172,0,0,0,1],"scale":1.43789995,"type":"tree_aspen_large_b"}
{"pos":[-961.138,-207.410995,53.7714996],"rotationMatrix":[-0.997200966,0.0731487647,0,-0.0731487647,-0.997200966,0,0,0,1],"scale":1.01950002,"type":"tree_aspen_large_b"}
{"pos":[-816.989014,-324.239014,24.9923],"rotationMatrix":[-0.72794044,0.685599208,0,-0.685599208,-0.72794044,0,0,0,1],"scale":1.15030003,"type":"tree_aspen_large_b"}
{"pos":[-972.564026,-347.023987,52.3092003],"rotationMatrix":[-0.273288846,-0.961948276,0,0.961948276,-0.273288846,0,0,0,1],"scale":1.03760004,"type":"tree_aspen_large_b"}
{"pos":[-587.705994,-500.764008,32.5313988],"rotationMatrix":[-0.170144081,-0.985344231,0,0.985344231,-0.170144081,0,0,0,1],"scale":0.92839998,"type":"tree_aspen_large_b"}
{"pos":[-573.870972,-562.452026,29.3080006],"rotationMatrix":[0.905039191,0.425340801,0,-0.425340801,0.905039191,0,0,0,1],"scale":1.19099998,"type":"tree_aspen_large_b"}
{"pos":[-711.046021,-607.017029,17.8530006],"rotationMatrix":[-0.817561746,-0.575793147,0,0.575793147,-0.817561746,0,0,0,1],"scale":1.43980002,"type":"tree_aspen_large_b"}
{"pos":[-830.940979,-543.758972,17.8834],"rotationMatrix":[-0.188882113,-0.981945634,0,0.981945634,-0.188882113,0,0,0,1],"scale":1.19819999,"type":"tree_aspen_large_b"}
{"pos":[-398.527008,826.737976,24.8176003],"rotationMatrix":[0.707693458,-0.706490397,0,0.706490397,0.707693458,0,0,0,1],"scale":1.38409996,"type":"tree_aspen_large_b"}
{"pos":[-421.592987,820.474976,25.7570992],"rotationMatrix":[0.823819518,-0.566828609,0,0.566828609,0.823819518,0,0,0,1],"scale":1.33379996,"type":"tree_aspen_large_b"}
{"pos":[-419.502014,808.231995,27.1422997],"rotationMatrix":[-0.594540834,-0.804145753,0,0.804145753,-0.594540834,0,0,0,1],"scale":0.948400021,"type":"tree_aspen_large_b"}
{"pos":[-115.556541,49.9721375,43.4151993],"rotationMatrix":[-0.991608858,0.129527435,0,-0.129527435,-0.991608858,0,0,0,1],"scale":1.28320003,"type":"tree_aspen_large_b"}
{"pos":[-334.946014,183.423996,56.1804008],"rotationMatrix":[-0.981244206,-0.192889139,0,0.192889139,-0.981244206,0,0,0,1],"scale":0.9278,"type":"tree_aspen_large_b"}
{"pos":[-405.891998,58.8499985,35.2420998],"rotationMatrix":[-0.991608858,0.127930775,0,-0.127930775,-0.991608858,0,0,0,1],"scale":0.996299982,"type":"tree_aspen_large_b"}
{"pos":[-419.825012,53.4906006,34.7657013],"rotationMatrix":[-0.384115219,0.923242629,0,-0.923242629,-0.384115219,0,0,0,1],"scale":1.19050002,"type":"tree_aspen_large_b"}
{"pos":[-615.767029,747.122986,33.5699997],"rotationMatrix":[0.916686356,-0.399586976,0,0.399586976,0.916686356,0,0,0,1],"scale":1.11790001,"type":"tree_aspen_large_b"}
{"pos":[-667.598022,567.280029,25.8216991],"rotationMatrix":[0.975623667,0.219453111,0,-0.219453111,0.975623667,0,0,0,1],"scale":1.17250001,"type":"tree_aspen_large_b"}
{"pos":[-665.349976,565.810974,25.4787006],"rotationMatrix":[-0.452830553,-0.891676307,0,0.891676307,-0.452830553,0,0,0,1],"scale":1.13300002,"type":"tree_aspen_large_b"}
{"pos":[319.972992,-149.845993,48.2066002],"rotationMatrix":[-0.479200006,-0.877716005,0,0.877716005,-0.479200006,0,0,0,1],"scale":1.14760005,"type":"tree_aspen_large_b"}
{"pos":[323.70401,-150.395004,47.9875984],"rotationMatrix":[0.780215502,-0.625540495,0,0.625540495,0.780215502,0,0,0,1],"scale":0.930800021,"type":"tree_aspen_large_b"}
{"pos":[331.381989,-146.307999,47.5416985],"rotationMatrix":[0.120596766,0.992660701,0,-0.992660701,0.120596766,0,0,0,1],"scale":1.29489994,"type":"tree_aspen_large_b"}
{"pos":[15.9415998,-206.145996,42.6786995],"rotationMatrix":[0.774476767,0.632580042,0,-0.632580042,0.774476767,0,0,0,1],"scale":0.937300026,"type":"tree_aspen_large_b"}
{"pos":[11.6184998,-197.003998,42.6319008],"rotationMatrix":[0.998375475,0.0569772013,0,-0.0569772013,0.998375475,0,0,0,1],"scale":1.24389994,"type":"tree_aspen_large_b"}
{"pos":[28.7682991,-195.427002,41.7279015],"rotationMatrix":[-0.792481661,-0.609674752,0,0.609674752,-0.792481661,0,0,0,1],"scale":1.38170004,"type":"tree_aspen_large_b"}
{"pos":[32.5681992,-201.270996,41.8560982],"rotationMatrix":[-0.616401911,0.787523985,0,-0.787523985,-0.616401911,0,0,0,1],"scale":1.37,"type":"tree_aspen_large_b"}
{"pos":[39.2830009,-213.580002,40.0502014],"rotationMatrix":[0.284552753,0.958634675,0,-0.958634675,0.284552753,0,0,0,1],"scale":1.46319997,"type":"tree_aspen_large_b"}
{"pos":[64.6948853,-432.483398,48.3581009],"rotationMatrix":[0.198115528,-0.980193555,0,0.980193555,0.198115528,0,0,0,1],"scale":1.08729994,"type":"tree_aspen_large_b"}
{"pos":[60.0332985,-428.04599,48.2521019],"rotationMatrix":[-0.985625863,-0.168590888,0,0.168590888,-0.985625863,0,0,0,1],"scale":1.18879998,"type":"tree_aspen_large_b"}
{"pos":[38.6827011,-402.960999,48.587101],"rotationMatrix":[-0.773221254,-0.634073436,0,0.634073436,-0.773221254,0,0,0,1],"scale":1.09510005,"type":"tree_aspen_large_b"}
{"pos":[267.57901,-849.789978,47.5807991],"rotationMatrix":[-0.495758057,-0.868432105,0,0.868432105,-0.495758057,0,0,0,1],"scale":1.25259995,"type":"tree_aspen_large_b"}
{"pos":[175.537003,-618.903992,38.1808014],"rotationMatrix":[-0.996801257,-0.0775379241,0,0.0775379241,-0.996801257,0,0,0,1],"scale":1.35469997,"type":"tree_aspen_large_b"}
{"pos":[9.91670036,-775.383972,17.9223003],"rotationMatrix":[0.999951959,0.00980000012,0,-0.00980000012,0.999951959,0,0,0,1],"scale":1.05449998,"type":"tree_aspen_large_b"}
{"pos":[772.278992,133.488998,57.983799],"rotationMatrix":[0.504987478,-0.863162518,0,0.863162518,0.504987478,0,0,0,1],"scale":1.44260001,"type":"tree_aspen_large_b"}
{"pos":[776.19397,141.824005,59.3322983],"rotationMatrix":[-0.282881618,-0.959157825,0,0.959157825,-0.282881618,0,0,0,1],"scale":1.02260005,"type":"tree_aspen_large_b"}
{"pos":[760.632996,127.842003,55.6451988],"rotationMatrix":[0.00792306662,0.999965131,0,-0.999965131,0.00792306662,0,0,0,1],"scale":1.24150002,"type":"tree_aspen_large_b"}
{"pos":[765.174988,117.834,56.1964989],"rotationMatrix":[0.3146137,-0.949284613,0,0.949284613,0.3146137,0,0,0,1],"scale":1.27939999,"type":"tree_aspen_large_b"}
{"pos":[748.679016,131.695999,55.1422005],"rotationMatrix":[-0.969715476,0.244328871,0,-0.244328871,-0.969715476,0,0,0,1],"scale":1.37539995,"type":"tree_aspen_large_b"}
{"pos":[749.182983,137.901001,55.0205002],"rotationMatrix":[0.61139071,-0.791324198,0,0.791324198,0.61139071,0,0,0,1],"scale":1.0934,"type":"tree_aspen_large_b"}
{"pos":[458.407013,937.547974,53.8443985],"rotationMatrix":[0.525272369,0.850943506,0,-0.850943506,0.525272369,0,0,0,1],"scale":1.30180001,"type":"tree_aspen_large_b"}
{"pos":[491.675995,944.197021,55.3805008],"rotationMatrix":[0.0400563478,0.999156117,0,-0.999156117,0.0400563478,0,0,0,1],"scale":0.986000001,