{"pos":[780.676575,-78.626976,53.9720726],"rotationMatrix":[0.385092139,-0.922878087,0,0.922878087,0.385092139,0,0,0,0.999999881],"scale":1.10910094,"type":"tree_oak_bush_c"}
{"pos":[769.973816,-110.62352,58.0499268],"rotationMatrix":[0.719568551,-0.694421351,0,0.694421351,0.719568551,0,0,0,0.999999881],"scale":1.0630821,"type":"tree_oak_bush_c"}
{"pos":[765.093811,-108.43058,57.700901],"rotationMatrix":[0.326146692,-0.945319116,0,0.945319116,0.326146692,0,0,0,0.999999881],"scale":1.10083663,"type":"tree_oak_bush_c"}
{"pos":[776.672302,-85.0492706,53.8641357],"rotationMatrix":[-0.875284135,-0.483609021,0,0.483609021,-0.875284135,0,0,0,0.999999881],"scale":0.973421574,"type":"tree_oak_bush_c"}
{"pos":[778.465881,-88.7810287,53.8970718],"rotationMatrix":[0.617795289,-0.786338806,0,0.786338806,0.617795289,0,0,0,0.999999881],"scale":1.2051146,"type":"tree_oak_bush_c"}
{"pos":[773.449829,-96.4596252,54.0150642],"rotationMatrix":[-0.987134874,0.159889355,0,-0.159889355,-0.987134874,0,0,0,0.999999881],"scale":1.29461408,"type":"tree_oak_bush_c"}
{"pos":[761.527405,-101.37336,53.4810181],"rotationMatrix":[0.914764106,-0.403988153,0,0.403988153,0.914764106,0,0,0,0.999999881],"scale":0.748003542,"type":"tree_oak_bush_c"}
{"pos":[765.708862,-95.3892975,53.3867874],"rotationMatrix":[-0.946826637,0.321743876,0,-0.321743876,-0.946826637,0,0,0,0.999999881],"scale":0.826055706,"type":"tree_oak_bush_c"}
{"pos":[767.307129,-76.2514191,52.021225],"rotationMatrix":[0.256936193,-0.96642828,0,0.96642828,0.256936193,0,0,0,0.999999881],"scale":1.26549351,"type":"tree_oak_bush_c"}
{"pos":[702.733948,-109.902931,53.1211815],"rotationMatrix":[-0.497032225,-0.867731929,0,0.867731929,-0.497032225,0,0,0,0.999999881],"scale":1.14237201,"type":"tree_oak_bush_c"}
{"pos":[707.468933,-109.044914,53.091938],"rotationMatrix":[-0.836758077,-0.547572553,0,0.547572553,-0.836758077,0,0,0,0.999999881],"scale":0.927506208,"type":"tree_oak_bush_c"}
{"pos":[745.855103,-117.697083,58.0499268],"rotationMatrix":[0.775524914,-0.631316781,0,0.631316781,0.775524914,0,0,0,0.999999881],"scale":1.00560188,"type":"tree_oak_bush_c"}
{"pos":[759.378357,-114.634438,58.0499268],"rotationMatrix":[0.00151506194,-0.999998748,0,0.999998748,0.00151506194,0,0,0,0.999999881],"scale":0.738987327,"type":"tree_oak_bush_c"}
{"pos":[773.177368,-112.340591,58.0499268],"rotationMatrix":[0.843510807,0.537112057,0,-0.537112057,0.843510807,0,0,0,0.999999881],"scale":0.968609929,"type":"tree_oak_bush_c"}
{"pos":[773.082458,-108.494629,58.0499268],"rotationMatrix":[0.0263480991,0.999652743,0,-0.999652743,0.0263480991,0,0,0,0.999999881],"scale":1.14223635,"type":"tree_oak_bush_c"}
