{"pos":[767.780762,-90.6370621,51.6778297],"rotationMatrix":[0.716724753,0.697356164,0,-0.697356164,0.716724753,0,0,0,0.999999881],"scale":1.01470971,"type":"tree_oak_forest_group"}
{"pos":[779.473877,-100.02108,56.6373672],"rotationMatrix":[-0.532576203,-0.846382022,0,0.846382022,-0.532576203,0,0,0,0.999999881],"scale":1.06992757,"type":"tree_oak_forest_group"}
{"pos":[779.604736,-105.753242,57.5480537],"rotationMatrix":[0.643763423,-0.765224457,0,0.765224457,0.643763423,0,0,0,0.999999881],"scale":0.945928097,"type":"tree_oak_forest_group"}
{"pos":[776.854675,-108.918762,57.3412933],"rotationMatrix":[0.186280444,-0.98249656,0,0.98249656,0.186280444,0,0,0,0.999999881],"scale":0.969851375,"type":"tree_oak_forest_group"}
{"pos":[762.313049,-118.09037,58.0997314],"rotationMatrix":[-0.496947378,0.867780507,0,-0.867780507,-0.496947378,0,0,0,0.999999881],"scale":0.802752972,"type":"tree_oak_forest_group"}
