{"pos":[767.929138,-79.2942429,52.4910278],"rotationMatrix":[0.981422603,0.191857994,0,-0.191857994,0.981422603,0,0,0,0.999999881],"scale":1,"type":"tree_oak_large_c"}
{"pos":[767.174255,-135.645874,58.5526466],"rotationMatrix":[0.864886999,0.501966536,0,-0.501966536,0.864886999,0,0,0,0.999999881],"scale":1,"type":"tree_oak_large_c"}
{"pos":[784.81134,-123.72541,58.1583595],"rotationMatrix":[0.805329025,-0.592827976,0,0.592827976,0.805329025,0,0,0,0.999999881],"scale":1,"type":"tree_oak_large_c"}
{"pos":[815.259399,31.0610199,56.9167404],"rotationMatrix":[0.992171168,0.0258562956,0.12217851,-0.0256624538,0.999665558,-0.00316014048,-0.122219354,0,0.992502868],"scale":1,"type":"tree_oak_large_c"}
{"pos":[805.126465,-67.0787735,52.689209],"rotationMatrix":[0.935109556,-0.354358435,0,0.354358435,0.935109556,0,-0,0,0.999999881],"scale":1,"type":"tree_oak_large_c"}
{"pos":[813.440613,-70.5573959,53.7187881],"rotationMatrix":[-0.920610905,-0.390481144,0,0.390481144,-0.920610905,0,-0,0,0.999999881],"scale":1,"type":"tree_oak_large_c"}
{"pos":[820.235291,-99.8195648,58.0499268],"rotationMatrix":[0.585821033,0.810440481,0,-0.810440481,0.585821033,-0,-0,0,0.999999881],"scale":1,"type":"tree_oak_large_c"}
{"pos":[821.52356,-105.08461,58.0499268],"rotationMatrix":[0.403092712,0.915159166,0,-0.915159166,0.403092712,-0,-0,0,0.999999881],"scale":1,"type":"tree_oak_large_c"}
{"pos":[822.868286,-118.893173,58.0499268],"rotationMatrix":[-0.967356265,-0.253420204,0,0.253420204,-0.967356265,0,-0,0,0.999999881],"scale":1,"type":"tree_oak_large_c"}
{"pos":[806.282288,-36.9779282,53.0798607],"rotationMatrix":[-0.890490353,-0.455002099,0,0.455002099,-0.890490353,0,-0,0,0.999999881],"scale":1,"type":"tree_oak_large_c"}
{"pos":[797.193542,-12.9620266,51.9538612],"rotationMatrix":[-0.700877368,0.713281691,-0,-0.713281691,-0.700877368,0,-0,0,0.999999881],"scale":1,"type":"tree_oak_large_c"}
{"pos":[793.830872,-11.903923,51.9287109],"rotationMatrix":[0.959276974,0.282466948,0,-0.282466948,0.959276974,-0,-0,0,0.999999881],"scale":1,"type":"tree_oak_large_c"}
{"pos":[719.193909,-214.657074,60.1705666],"rotationMatrix":[-0.981719315,-0.190334111,0,0.190334111,-0.981719315,0,-0,0,0.999999881],"scale":1,"type":"tree_oak_large_c"}
{"pos":[777.460144,-179.768112,64.0393066],"rotationMatrix":[-0.998919249,-0.0464762151,0,0.0464762151,-0.998919249,0,-0,0,0.999999881],"scale":1,"type":"tree_oak_large_c"}
{"pos":[757.719604,-211.108322,64.0393066],"rotationMatrix":[-0.941290557,0.337597162,-0,-0.337597162,-0.941290557,0,-0,0,0.999999881],"scale":1,"type":"tree_oak_large_c"}
{"pos":[756.498779,-205.313431,64.0393066],"rotationMatrix":[0.777989268,-0.628277481,0,0.628277481,0.777989268,0,-0,0,0.999999881],"scale":1,"type":"tree_oak_large_c"}
{"pos":[718.057373,-142.345337,58.6505127],"rotationMatrix":[-0.10624852,-0.994339466,0,0.994339466,-0.10624852,0,-0,0,0.999999881],"scale":1,"type":"tree_oak_large_c"}
{"pos":[708.491455,-171.776093,59.1738167],"rotationMatrix":[-0.459964424,0.887937188,-0,-0.887937188,-0.459964424,0,-0,0,0.999999881],"scale":1,"type":"tree_oak_large_c"}
{"pos":[801.768616,-212.54393,71.2383957],"rotationMatrix":[-0.981243432,-0.192772657,0,0.192772657,-0.981243432,0,0,0,0.999999881],"scale":1,"type":"tree_oak_large_c"}
{"pos":[783.329102,-230.096298,71.1908417],"rotationMatrix":[-0.493466318,-0.869764864,0,0.869764864,-0.493466318,0,-0,0,0.999999881],"scale":1,"type":"tree_oak_large_c"}
