{"pos":[-269.378998,197.791656,239.460388],"rotationMatrix":[-0.950800419,0.309803665,0,-0.309803665,-0.950800419,0,0,0,0.999999881],"scale":1.13334608,"type":"tree_aspen_bush_a"}
{"pos":[-225.363022,197.177612,238.959412],"rotationMatrix":[-0.901007831,-0.433802813,0,0.433802813,-0.901007831,0,0,0,0.999999881],"scale":0.850219786,"type":"tree_aspen_bush_a"}
{"pos":[-224.364197,197.133179,238.909042],"rotationMatrix":[0.7540344,-0.656834662,0,0.656834662,0.7540344,0,0,0,0.999999881],"scale":0.978743911,"type":"tree_aspen_bush_a"}
{"pos":[-293.835205,202.606461,238.791565],"rotationMatrix":[-0.997656107,-0.0684252158,0,0.0684252158,-0.997656107,0,0,0,0.999999881],"scale":1.16489065,"type":"tree_aspen_bush_a"}
{"pos":[-86.6753693,18.7207031,249.944138],"rotationMatrix":[-0.908901751,0.417010039,0,-0.417010039,-0.908901751,0,0,0,0.999999881],"scale":1.13739502,"type":"tree_aspen_bush_a"}
{"pos":[-28.391161,-13.5457268,250.07074],"rotationMatrix":[-0.66037029,-0.750940084,0,0.750940084,-0.66037029,0,0,0,0.999999881],"scale":0.944065809,"type":"tree_aspen_bush_a"}
{"pos":[-30.3604279,-22.3139648,250.670532],"rotationMatrix":[0.3518188,-0.936067998,0,0.936067998,0.3518188,0,0,0,0.999999881],"scale":1.05920959,"type":"tree_aspen_bush_a"}
{"pos":[7.93128538,-25.3224487,251.211853],"rotationMatrix":[0.929224253,0.369516224,0,-0.369516224,0.929224253,0,0,0,0.999999881],"scale":1.03431237,"type":"tree_aspen_bush_a"}
{"pos":[47.8865318,-14.1759329,254.329742],"rotationMatrix":[0.21920763,0.975678205,0,-0.975678205,0.21920763,0,0,0,0.999999881],"scale":1.06385911,"type":"tree_aspen_bush_a"}
{"pos":[-727.933411,351.309631,232.963623],"rotationMatrix":[0.787395716,0.616447866,0,-0.616447866,0.787395716,-0,-0,0,0.999999881],"scale":0.937336862,"type":"tree_aspen_bush_a"}
{"pos":[-725.021973,351.098114,233.083893],"rotationMatrix":[-0.930911481,-0.365244597,0,0.365244597,-0.930911481,0,-0,0,0.999999881],"scale":1.02423525,"type":"tree_aspen_bush_a"}
{"pos":[-600.285339,287.057312,233.238449],"rotationMatrix":[0.989968359,0.14128913,0,-0.14128913,0.989968359,-0,-0,0,0.999999881],"scale":0.834950686,"type":"tree_aspen_bush_a"}
{"pos":[-650.507446,322.64035,233.892609],"rotationMatrix":[-0.749632239,0.661854506,-0,-0.661854506,-0.749632239,0,-0,0,0.999999881],"scale":1.01646924,"type":"tree_aspen_bush_a"}
{"pos":[-648.549744,323.535736,234.490585],"rotationMatrix":[0.222355679,0.974965572,0,-0.974965572,0.222355679,-0,-0,0,0.999999881],"scale":0.893943489,"type":"tree_aspen_bush_a"}
{"pos":[-649.238708,322.840881,234.256332],"rotationMatrix":[0.0530277118,0.998592913,0,-0.998592913,0.0530277118,-0,-0,0,0.999999881],"scale":1.03217483,"type":"tree_aspen_bush_a"}
