{"pos":[343.364807,87.2187958,258.18042],"rotationMatrix":[-0.0561750308,0.998420775,0,-0.998420775,-0.0561750308,0,0,0,0.999999881],"scale":1.15786839,"type":"tree_aspen_small_b"}
{"pos":[327.263977,101.03273,256.924042],"rotationMatrix":[0.233249485,0.972416937,0,-0.972416937,0.233249485,0,0,0,0.999999881],"scale":1.19876981,"type":"tree_aspen_small_b"}
{"pos":[277.186981,122.710281,254.709778],"rotationMatrix":[-0.104046844,-0.994572341,0,0.994572341,-0.104046844,0,0,0,0.999999881],"scale":1.342713,"type":"tree_aspen_small_b"}
{"pos":[163.062439,67.3980637,254.265076],"rotationMatrix":[0.666219234,0.74575597,0,-0.74575597,0.666219234,0,0,0,0.999999881],"scale":1.08014715,"type":"tree_aspen_small_b"}
{"pos":[197.987915,68.8300629,253.963501],"rotationMatrix":[-0.949170768,0.3147614,0,-0.3147614,-0.949170768,0,0,0,0.999999881],"scale":1.20996761,"type":"tree_aspen_small_b"}
{"pos":[410.611176,85.3568344,250.074829],"rotationMatrix":[0.205046475,0.978752196,0,-0.978752196,0.205046475,0,0,0,0.999999881],"scale":1.19979298,"type":"tree_aspen_small_b"}
{"pos":[344.064575,234.246658,263.249573],"rotationMatrix":[-0.597518265,0.801855087,0,-0.801855087,-0.597518265,0,0,0,0.999999881],"scale":1.1482091,"type":"tree_aspen_small_b"}
{"pos":[360.059448,227.795563,263.860901],"rotationMatrix":[0.807191014,0.590290308,0,-0.590290308,0.807191014,0,0,0,0.999999881],"scale":1.07417762,"type":"tree_aspen_small_b"}
{"pos":[415.490631,110.556465,259.022125],"rotationMatrix":[-0.832408965,-0.554161668,0,0.554161668,-0.832408965,0,0,0,0.999999881],"scale":1.34843659,"type":"tree_aspen_small_b"}
{"pos":[405.424561,142.916092,259.987915],"rotationMatrix":[-0.117076054,-0.993122876,0,0.993122876,-0.117076054,0,0,0,0.999999881],"scale":1.49377036,"type":"tree_aspen_small_b"}
{"pos":[401.908783,140.910568,260.878815],"rotationMatrix":[0.888203859,0.4594495,0,-0.4594495,0.888203859,0,0,0,0.999999881],"scale":1.06804478,"type":"tree_aspen_small_b"}
{"pos":[378.474701,169.754395,263.325134],"rotationMatrix":[-0.983521163,0.18079266,0,-0.18079266,-0.983521163,0,0,0,0.999999881],"scale":1.02502227,"type":"tree_aspen_small_b"}
{"pos":[371.943604,175.96315,263.502899],"rotationMatrix":[-0.851945877,-0.523629665,0,0.523629665,-0.851945877,0,0,0,0.999999881],"scale":1.30719042,"type":"tree_aspen_small_b"}
{"pos":[371.470856,185.185303,263.914307],"rotationMatrix":[-0.356108218,0.934444606,0,-0.934444606,-0.356108218,0,0,0,0.999999881],"scale":1.151402,"type":"tree_aspen_small_b"}
{"pos":[369.142181,202.780807,263.878693],"rotationMatrix":[-0.467583388,-0.883948803,0,0.883948803,-0.467583388,0,0,0,0.999999881],"scale":1.15455842,"type":"tree_aspen_small_b"}
{"pos":[402.694092,171.324524,260.289642],"rotationMatrix":[0.988416731,-0.151763454,0,0.151763454,0.988416731,0,0,0,0.999999881],"scale":1.15282917,"type":"tree_aspen_small_b"}
{"pos":[417.238068,175.76886,259.760529],"rotationMatrix":[-0.280628532,0.959816337,0,-0.959816337,-0.280628532,0,0,0,0.999999881],"scale":1.26078534,"type":"tree_aspen_small_b"}
{"pos":[401.506104,162.331467,260.113861],"rotationMatrix":[-0.411650598,-0.911341667,0,0.911341667,-0.411650598,0,0,0,0.999999881],"scale":1.02306831,"type":"tree_aspen_small_b"}
{"pos":[396.91803,169.187653,260.545837],"rotationMatrix":[-0.924104989,0.382138401,0,-0.382138401,-0.924104989,0,0,0,0.999999881],"scale":1.48907638,"type":"tree_aspen_small_b"}
{"pos":[458.807343,95.8547363,263.599335],"rotationMatrix":[0.977663815,-0.210174546,0,0.210174546,0.977663815,0,0,0,0.999999881],"scale":1.32545757,"type":"tree_aspen_small_b"}
{"pos":[460.745789,64.0557632,263.909393],"rotationMatrix":[0.859347701,0.511391699,0,-0.511391699,0.859347701,0,0,0,0.999999881],"scale":1.41394055,"type":"tree_aspen_small_b"}
{"pos":[459.924377,68.2121506,263.721008],"rotationMatrix":[-0.85147965,0.524387419,0,-0.524387419,-0.85147965,0,0,0,0.999999881],"scale":1.09174228,"type":"tree_aspen_small_b"}
{"pos":[253.709747,74.6070938,253.970581],"rotationMatrix":[-0.570514143,-0.821287632,0,0.821287632,-0.570514143,0,0,0,0.999999881],"scale":1.37137771,"type":"tree_aspen_small_b"}
