{"pos":[-625.373169,309.271942,233.904572],"rotationMatrix":[0.971315444,0.237794384,0,-0.237794384,0.971315444,-0,-0,0,0.999999881],"scale":0.724034011,"type":"tree_beech_large_c"}
