{"pos":[-1.84194255,-39.8888435,254.756088],"rotationMatrix":[-0.432522207,0.901623189,0,-0.901623189,-0.432522207,0,0,0,0.999999881],"scale":1.32041013,"type":"tree_oak_large_a"}
{"pos":[364.875305,80.1623535,258.323456],"rotationMatrix":[0.855243981,0.518225491,0,-0.518225491,0.855243981,0,0,0,0.999999881],"scale":1,"type":"tree_oak_large_a"}
{"pos":[364.473389,57.2427673,258.358307],"rotationMatrix":[-0.989672124,0.143349141,0,-0.143349141,-0.989672124,0,0,0,0.999999881],"scale":1,"type":"tree_oak_large_a"}
{"pos":[291.704437,85.6646118,256.910919],"rotationMatrix":[0.991359413,-0.131173074,0,0.131173074,0.991359413,0,0,0,0.999999881],"scale":1,"type":"tree_oak_large_a"}
{"pos":[278.972473,96.927002,257.122009],"rotationMatrix":[-0.922002017,0.38718468,0,-0.38718468,-0.922002017,0,0,0,0.999999881],"scale":1,"type":"tree_oak_large_a"}
{"pos":[275.982361,128.388458,254.885406],"rotationMatrix":[-0.956839204,0.290617466,0,-0.290617466,-0.956839204,0,0,0,0.999999881],"scale":1,"type":"tree_oak_large_a"}
{"pos":[159.813751,135.33754,254.379272],"rotationMatrix":[0.997987449,-0.0634104684,0,0.0634104684,0.997987449,0,0,0,0.999999881],"scale":1,"type":"tree_oak_large_a"}
{"pos":[150.618835,126.223175,254.379272],"rotationMatrix":[0.0580988713,-0.998310745,0,0.998310745,0.0580988713,0,0,0,0.999999881],"scale":1,"type":"tree_oak_large_a"}
{"pos":[163.86203,140.586258,254.379272],"rotationMatrix":[-0.998010755,-0.0630419552,0,0.0630419552,-0.998010755,0,0,0,0.999999881],"scale":1,"type":"tree_oak_large_a"}
{"pos":[176.498779,152.418274,254.379272],"rotationMatrix":[0.756855607,0.653582096,0,-0.653582096,0.756855607,0,0,0,0.999999881],"scale":1,"type":"tree_oak_large_a"}
{"pos":[242.020721,157.997711,253.569672],"rotationMatrix":[-0.518934071,0.854814112,0,-0.854814112,-0.518934071,0,0,0,0.999999881],"scale":1,"type":"tree_oak_large_a"}
{"pos":[247.332199,177.895355,252.293457],"rotationMatrix":[-0.318243593,0.948008835,0,-0.948008835,-0.318243593,0,0,0,0.999999881],"scale":1,"type":"tree_oak_large_a"}
{"pos":[219.491257,180.204483,254.04071],"rotationMatrix":[-0.406354427,-0.913715541,0,0.913715541,-0.406354427,0,0,0,0.999999881],"scale":1,"type":"tree_oak_large_a"}
{"pos":[346.161102,59.144104,258.183136],"rotationMatrix":[-0.954605639,0.297872424,0,-0.297872424,-0.954605639,0,0,0,0.999999881],"scale":1,"type":"tree_oak_large_a"}
{"pos":[354.269653,82.4254303,258.368317],"rotationMatrix":[-0.999818087,0.0190702695,0,-0.0190702695,-0.999818087,0,0,0,0.999999881],"scale":1,"type":"tree_oak_large_a"}
{"pos":[349.801544,61.9923477,258.489594],"rotationMatrix":[0.469186723,0.88309902,0,-0.88309902,0.469186723,0,0,0,0.999999881],"scale":1,"type":"tree_oak_large_a"}
{"pos":[346.24118,51.6943207,258.283295],"rotationMatrix":[-0.263416678,0.964682043,0,-0.964682043,-0.263416678,0,0,0,0.999999881],"scale":1,"type":"tree_oak_large_a"}
{"pos":[338.9104,65.2974319,258.13446],"rotationMatrix":[-0.685238183,0.728318751,0,-0.728318751,-0.685238183,0,0,0,0.999999881],"scale":1,"type":"tree_oak_large_a"}
{"pos":[327.511932,67.8572235,257.716949],"rotationMatrix":[-0.995704532,0.0925868452,0,-0.0925868452,-0.995704532,0,0,0,0.999999881],"scale":1,"type":"tree_oak_large_a"}
{"pos":[321.008789,65.6745453,257.401398],"rotationMatrix":[-0.373309076,-0.927706957,0,0.927706957,-0.373309076,0,0,0,0.999999881],"scale":1,"type":"tree_oak_large_a"}
{"pos":[333.244781,60.0776787,257.726868],"rotationMatrix":[0.482789308,-0.875736415,0,0.875736415,0.482789308,0,0,0,0.999999881],"scale":1,"type":"tree_oak_large_a"}
{"pos":[334.180389,76.7869034,258.141205],"rotationMatrix":[-0.745206416,-0.666833639,0,0.666833639,-0.745206416,0,0,0,0.999999881],"scale":1,"type":"tree_oak_large_a"}
{"pos":[321.309082,83.5014648,257.243835],"rotationMatrix":[0.211328685,-0.977414906,0,0.977414906,0.211328685,0,0,0,0.999999881],"scale":1,"type":"tree_oak_large_a"}
{"pos":[302.309937,73.0391235,256.418152],"rotationMatrix":[0.758657813,-0.651489198,0,0.651489198,0.758657813,0,0,0,0.999999881],"scale":1,"type":"tree_oak_large_a"}
{"pos":[317.218872,78.4477615,257.113464],"rotationMatrix":[0.465135515,0.885239542,0,-0.885239542,0.465135515,0,0,0,0.999999881],"scale":1,"type":"tree_oak_large_a"}
{"pos":[318.207275,85.6156311,256.894043],"rotationMatrix":[-0.434245855,0.900794268,0,-0.900794268,-0.434245855,0,0,0,0.999999881],"scale":1,"type":"tree_oak_large_a"}
{"pos":[309.644592,85.5448303,256.511597],"rotationMatrix":[0.993208945,-0.116343327,0,0.116343327,0.993208945,0,0,0,0.999999881],"scale":1,"type":"tree_oak_large_a"}
{"pos":[326.293518,66.0631561,257.614258],"rotationMatrix":[0.869380474,-0.494143039,0,0.494143039,0.869380474,0,0,0,0.999999881],"scale":1,"type":"tree_oak_large_a"}
{"pos":[346.983582,83.0438995,258.422424],"rotationMatrix":[0.97090292,-0.23947306,0,0.23947306,0.97090292,0,0,0,0.999999881],"scale":1,"type":"tree_oak_large_a"}
{"pos":[339.72345,63.4326248,258.126862],"rotationMatrix":[-0.995859146,0.0909085721,0,-0.0909085721,-0.995859146,0,0,0,0.999999881],"scale":1,"type":"tree_oak_large_a"}
{"pos":[325.631958,68.582283,257.698486],"rotationMatrix":[-0.37264055,0.927975655,0,-0.927975655,-0.37264055,0,0,0,0.999999881],"scale":1,"type":"tree_oak_large_a"}
{"pos":[326.176666,82.4297638,257.559479],"rotationMatrix":[0.985273242,-0.170986563,0,0.170986563,0.985273242,0,0,0,0.999999881],"scale":1,"type":"tree_oak_large_a"}
{"pos":[167.284775,80.765625,254.279785],"rotationMatrix":[0.365513802,-0.930805802,0,0.930805802,0.365513802,0,0,0,0.999999881],"scale":1,"type":"tree_oak_large_a"}
{"pos":[203.24501,145.796753,254.379272],"rotationMatrix":[0.945677102,-0.325107217,0,0.325107217,0.945677102,0,0,0,0.999999881],"scale":1,"type":"tree_oak_large_a"}
{"pos":[198.727402,133.34613,254.333496],"rotationMatrix":[0.817727804,0.575605094,0,-0.575605094,0.817727804,0,0,0,0.999999881],"scale":1,"type":"tree_oak_large_a"}
{"pos":[197.470963,121.332748,254.333496],"rotationMatrix":[-0.878434718,0.47786209,0,-0.47786209,-0.878434718,0,0,0,0.999999881],"scale":1,"type":"tree_oak_large_a"}
{"pos":[232.936096,151.629471,254.087372],"rotationMatrix":[0.131060258,-0.991374373,0,0.991374373,0.131060258,0,0,0,0.999999881],"scale":1,"type":"tree_oak_large_a"}
{"pos":[231.053467,145.170242,254.26825],"rotationMatrix":[-0.641830862,-0.76684624,0,0.76684624,-0.641830862,0,0,0,0.999999881],"scale":1,"type":"tree_oak_large_a"}
{"pos":[228.474472,150.527435,254.249939],"rotationMatrix":[-0.685379207,-0.72818619,0,0.72818619,-0.685379207,0,0,0,0.999999881],"scale":1,"type":"tree_oak_large_a"}
{"pos":[205.934891,162.163696,254.379272],"rotationMatrix":[0.675976276,-0.736923218,0,0.736923218,0.675976276,0,0,0,0.999999881],"scale":1,"type":"tree_oak_large_a"}
{"pos":[175.539902,137.639145,254.379272],"rotationMatrix":[0.999914348,-0.0130808242,0,0.0130808242,0.999914348,0,0,0,0.999999881],"scale":1,"type":"tree_oak_large_a"}
{"pos":[224.515656,129.303131,254.360779],"rotationMatrix":[-0.323204011,0.946329176,0,-0.946329176,-0.323204011,0,0,0,0.999999881],"scale":1,"type":"tree_oak_large_a"}
{"pos":[199.416595,119.487953,254.333496],"rotationMatrix":[0.526496589,-0.850177228,0,0.850177228,0.526496589,0,0,0,0.999999881],"scale":1,"type":"tree_oak_large_a"}
{"pos":[316.428925,212.261765,263.99231],"rotationMatrix":[-0.913196743,0.407518923,0,-0.407518923,-0.913196743,0,0,0,0.999999881],"scale":1,"type":"tree_oak_large_a"}
{"pos":[297.542206,237.702377,253.412827],"rotationMatrix":[-0.685864449,0.727729023,0,-0.727729023,-0.685864449,0,0,0,0.999999881],"scale":1,"type":"tree_oak_large_a"}
{"pos":[340.427582,244.824112,261.299042],"rotationMatrix":[-0.685864449,0.727729023,0,-0.727729023,-0.685864449,0,0,0,0.999999881],"scale":1,"type":"tree_oak_large_a"}
{"pos":[397.048889,145.061615,261.552521],"rotationMatrix":[-0.709789336,0.70441395,0,-0.70441395,-0.709789336,0,0,0,0.999999881],"scale":1,"type":"tree_oak_large_a"}
{"pos":[384.644775,208.97847,263.99231],