{"pos":[371.969513,74.4440002,257.916443],"rotationMatrix":[-0.585064173,-0.810986936,0,0.810986936,-0.585064173,0,0,0,0.999999881],"scale":1.02931845,"type":"tree_oak_forest_group"}
{"pos":[313.620239,88.2975082,256.417816],"rotationMatrix":[-0.650464177,-0.759536743,0,0.759536743,-0.650464177,0,0,0,0.999999881],"scale":1.18182087,"type":"tree_oak_forest_group"}
{"pos":[245.536041,156.156448,252.801468],"rotationMatrix":[-0.285388559,0.958411813,0,-0.958411813,-0.285388559,0,0,0,0.999999881],"scale":0.911874592,"type":"tree_oak_forest_group"}
{"pos":[258.686096,134.733017,253.244904],"rotationMatrix":[-0.962127149,0.27260083,0,-0.27260083,-0.962127149,0,0,0,0.999999881],"scale":1.19894648,"type":"tree_oak_forest_group"}
{"pos":[248.679794,157.125641,252.668076],"rotationMatrix":[-0.905939043,-0.423407912,0,0.423407912,-0.905939043,0,0,0,0.999999881],"scale":1.03098845,"type":"tree_oak_forest_group"}
{"pos":[145.726257,84.4735565,254.071335],"rotationMatrix":[-0.417012602,0.908900559,0,-0.908900559,-0.417012602,0,0,0,0.999999881],"scale":0.881426811,"type":"tree_oak_forest_group"}
{"pos":[150.292557,75.3507233,253.626205],"rotationMatrix":[-0.883112192,0.469161779,0,-0.469161779,-0.883112192,0,0,0,0.999999881],"scale":0.910449922,"type":"tree_oak_forest_group"}
{"pos":[156.662277,82.1911926,254.050705],"rotationMatrix":[-0.825816691,0.56393832,0,-0.56393832,-0.825816691,0,0,0,0.999999881],"scale":0.817811668,"type":"tree_oak_forest_group"}
{"pos":[164.225861,135.449158,253.451569],"rotationMatrix":[0.406164289,-0.913799942,0,0.913799942,0.406164289,0,0,0,0.999999881],"scale":1.10720146,"type":"tree_oak_forest_group"}
{"pos":[180.387299,175.739441,253.652557],"rotationMatrix":[-0.975854814,0.218419582,0,-0.218419582,-0.975854814,0,0,0,0.999999881],"scale":1.09584498,"type":"tree_oak_forest_group"}
{"pos":[198.223282,166.982269,254.135529],"rotationMatrix":[-0.763016939,0.646378398,0,-0.646378398,-0.763016939,0,0,0,0.999999881],"scale":1.07508123,"type":"tree_oak_forest_group"}
{"pos":[173.334183,157.935242,253.645874],"rotationMatrix":[-0.740965664,0.671542823,0,-0.671542823,-0.740965664,0,0,0,0.999999881],"scale":0.843597829,"type":"tree_oak_forest_group"}
{"pos":[180.801849,155.86438,253.816833],"rotationMatrix":[0.999640763,0.0267977249,0,-0.0267977249,0.999640763,0,0,0,0.999999881],"scale":1.10688424,"type":"tree_oak_forest_group"}
