{"pos":[365.38327,49.6074142,258.377075],"rotationMatrix":[-0.840729058,-0.541455984,0,0.541455984,-0.840729058,0,0,0,0.999999881],"scale":1,"type":"tree_oak_large_b"}
{"pos":[326.284912,53.2471809,257.251617],"rotationMatrix":[0.825318575,0.564667404,0,-0.564667404,0.825318575,0,0,0,0.999999881],"scale":1,"type":"tree_oak_large_b"}
{"pos":[286.254608,89.3615417,257.527161],"rotationMatrix":[-0.946802855,0.32181409,0,-0.32181409,-0.946802855,0,0,0,0.999999881],"scale":1,"type":"tree_oak_large_b"}
{"pos":[248.94696,115.476379,254.280457],"rotationMatrix":[0.901065409,0.433683068,0,-0.433683068,0.901065409,0,0,0,0.999999881],"scale":1,"type":"tree_oak_large_b"}
{"pos":[167.406464,68.7238464,254.272461],"rotationMatrix":[0.102874719,-0.994694173,0,0.994694173,0.102874719,0,0,0,0.999999881],"scale":1,"type":"tree_oak_large_b"}
{"pos":[142.964005,69.4351959,254.379272],"rotationMatrix":[0.05560169,0.998452961,0,-0.998452961,0.05560169,0,0,0,0.999999881],"scale":1,"type":"tree_oak_large_b"}
{"pos":[147.698456,81.2410126,254.379272],"rotationMatrix":[-0.426856726,0.904319108,0,-0.904319108,-0.426856726,0,0,0,0.999999881],"scale":1,"type":"tree_oak_large_b"}
{"pos":[155.940186,108.228546,254.379272],"rotationMatrix":[-0.915417671,-0.40250501,0,0.40250501,-0.915417671,0,0,0,0.999999881],"scale":1,"type":"tree_oak_large_b"}
{"pos":[248.749054,174.043686,252.461044],"rotationMatrix":[-0.354433417,-0.935081184,0,0.935081184,-0.354433417,0,0,0,0.999999881],"scale":1,"type":"tree_oak_large_b"}
{"pos":[245.175278,187.663223,251.540451],"rotationMatrix":[-0.979353249,-0.202156171,0,0.202156171,-0.979353249,0,0,0,0.999999881],"scale":1,"type":"tree_oak_large_b"}
{"pos":[242.090637,160.001465,253.503937],"rotationMatrix":[0.612075448,0.79079932,0,-0.79079932,0.612075448,0,0,0,0.999999881],"scale":1,"type":"tree_oak_large_b"}
{"pos":[246.827866,167.562302,252.89917],"rotationMatrix":[-0.467285365,-0.884106457,0,0.884106457,-0.467285365,0,0,0,0.999999881],"scale":1,"type":"tree_oak_large_b"}
{"pos":[355.810089,67.6354675,258.81543],"rotationMatrix":[-0.920746088,0.390162349,0,-0.390162349,-0.920746088,0,0,0,0.999999881],"scale":1,"type":"tree_oak_large_b"}
{"pos":[322.227814,60.7362137,257.274719],"rotationMatrix":[-0.473978281,-0.880536497,0,0.880536497,-0.473978281,0,0,0,0.999999881],"scale":1,"type":"tree_oak_large_b"}
{"pos":[321.260742,63.3099136,257.295105],"rotationMatrix":[0.193967551,0.981007874,0,-0.981007874,0.193967551,0,0,0,0.999999881],"scale":1,"type":"tree_oak_large_b"}
{"pos":[309.785034,76.2286606,256.70575],"rotationMatrix":[-0.25605008,-0.96666342,0,0.96666342,-0.25605008,0,0,0,0.999999881],"scale":1,"type":"tree_oak_large_b"}
{"pos":[298.098389,74.7535095,256.293396],"rotationMatrix":[-0.979108572,-0.203337982,0,0.203337982,-0.979108572,0,0,0,0.999999881],"scale":1,"type":"tree_oak_large_b"}
{"pos":[312.207367,66.4140778,257.150635],"rotationMatrix":[0.0565766916,-0.998398185,0,0.998398185,0.0565766916,0,0,0,0.999999881],"scale":1,"type":"tree_oak_large_b"}
{"pos":[302.590759,68.0013351,256.579285],"rotationMatrix":[-0.161158204,0.986928463,0,-0.986928463,-0.161158204,0,0,0,0.999999881],"scale":1,"type":"tree_oak_large_b"}
{"pos":[317.113953,91.2389374,256.700195],"rotationMatrix":[0.925024807,0.379906714,0,-0.379906714,0.925024807,0,0,0,0.999999881],"scale":1,"type":"tree_oak_large_b"}
{"pos":[311.000366,68.9451294,257.050385],"rotationMatrix":[-0.92920655,-0.369560838,0,0.369560838,-0.92920655,0,0,0,0.999999881],"scale":1,"type":"tree_oak_large_b"}
{"pos":[314.321014,76.0105438,257.022736],"rotationMatrix":[-0.114892676,-0.993377805,0,0.993377805,-0.114892676,0,0,0,0.999999881],"scale":1,"type":"tree_oak_large_b"}
{"pos":[178.343124,88.4155121,254.28772],"rotationMatrix":[-0.192035824,0.981387854,0,-0.981387854,-0.192035824,0,0,0,0.999999881],"scale":1,"type":"tree_oak_large_b"}
{"pos":[152.24913,96.6050949,254.379272],"rotationMatrix":[0.306200594,0.951967001,0,-0.951967001,0.306200594,0,0,0,0.999999881],"scale":1,"type":"tree_oak_large_b"}
{"pos":[205.45871,136.380493,254.34874],"rotationMatrix":[-0.816509545,-0.577331841,0,0.577331841,-0.816509545,0,0,0,0.999999881],"scale":1,"type":"tree_oak_large_b"}
{"pos":[211.956482,129.424622,254.333496],"rotationMatrix":[0.196736008,-0.980456412,0,0.980456412,0.196736008,0,0,0,0.999999881],"scale":1,"type":"tree_oak_large_b"}
{"pos":[212.091202,136.480743,254.348755],"rotationMatrix":[-0.795428991,-0.606046557,0,0.606046557,-0.795428991,0,0,0,0.999999881],"scale":1,"type":"tree_oak_large_b"}
{"pos":[219.362091,163.377899,254.276459],"rotationMatrix":[-0.999209285,0.0397573411,0,-0.0397573411,-0.999209285,0,0,0,0.999999881],"scale":1,"type":"tree_oak_large_b"}
{"pos":[235.329575,148.764145,254.067627],"rotationMatrix":[0.0728411376,0.997343481,0,-0.997343481,0.0728411376,0,0,0,0.999999881],"scale":1,"type":"tree_oak_large_b"}
{"pos":[214.572006,161.449982,254.372421],"rotationMatrix":[0.843571126,-0.537017286,0,0.537017286,0.843571126,0,0,0,0.999999881],"scale":1,"type":"tree_oak_large_b"}
{"pos":[222.905289,149.23526,254.379272],"rotationMatrix":[0.54769963,-0.836674988,0,0.836674988,0.54769963,0,0,0,0.999999881],"scale":1,"type":"tree_oak_large_b"}
{"pos":[223.105911,146.113937,254.379272],"rotationMatrix":[0.0332603194,-0.99944663,0,0.99944663,0.0332603194,0,0,0,0.999999881],"scale":1,"type":"tree_oak_large_b"}
{"pos":[216.895157,161.943146,254.335968],"rotationMatrix":[0.000926192442,0.999999464,0,-0.999999464,0.000926192442,0,0,0,0.999999881],"scale":1,"type":"tree_oak_large_b"}
{"pos":[218.171616,150.574738,254.379272],"rotationMatrix":[0.0536386035,-0.998560309,0,0.998560309,0.0536386035,0,0,0,0.999999881],"scale":1,"type":"tree_oak_large_b"}
{"pos":[201.096451,157.561646,254.379272],"rotationMatrix":[0.277093679,-0.960842788,0,0.960842788,0.277093679,0,0,0,0.999999881],"scale":1,"type":"tree_oak_large_b"}
{"pos":[177.140625,131.06456,254.379272],"rotationMatrix":[0.751730382,-0.659470439,0,0.659470439,0.751730382,0,0,0,0.999999881],"scale":1,"type":"tree_oak_large_b"}
{"pos":[180.037308,125.591728,254.379272],"rotationMatrix":[0.307343811,0.951598525,0,-0.951598525,0.307343811,0,0,0,0.999999881],"scale":1,"type":"tree_oak_large_b"}
{"pos":[195.270599,146.591919,254.379272],"rotationMatrix":[0.854699373,0.519123197,0,-0.519123197,0.854699373,0,0,0,0.999999881],"scale":1,"type":"tree_oak_large_b"}
{"pos":[226.524475,141.472031,254.379272],"rotationMatrix":[0.521403551,-0.853310108,0,0.853310108,0.521403551,0,0,0,0.999999881],"scale":1,"type":"tree_oak_large_b"}
{"pos":[217.136002,119.537003,254.318237],"rotationMatrix":[-0.21429345,0.976769269,0,-0.976769269,-0.21429345,0,0,0,0.999999881],"scale":1,"type":"tree_oak_large_b"}
{"pos":[199.303589,154.984222,254.379272],"rotationMatrix":[0.919479787,0.393137246,0,-0.393137246,0.919479787,0,0,0,0.999999881],"scale":1,"type":"tree_oak_large_b"}
{"pos":[411.794403,44.3539314,250.396729],"rotationMatrix":[-0.973419964,-0.229027271,0,0.229027271,-0.973419964,0,0,0,0.999999881],"scale":1,"type":"tree_oak_large_b"}
{"pos":[432.646088,32.8134499,258.377075],"rotationMatrix":[-0.194926649,0.980817556,0,-0.980817556,-0.194926649,0,0,0,0.999999762],"scale":0.720727563,"type":"tree_oak_large_b"}
