{"pos":[767.780762,-90.6370621,51.6778297],"rotationMatrix":[0.716724753,0.697356164,0,-0.697356164,0.716724753,0,0,0,0.999999881],"scale":1.01470971,"type":"tree_oak_forest_group"}
{"pos":[779.473877,-100.02108,56.6373672],"rotationMatrix":[-0.532576203,-0.846382022,0,0.846382022,-0.532576203,0,0,0,0.999999881],"scale":1.06992757,"type":"tree_oak_forest_group"}
{"pos":[779.604736,-105.753242,57.5480537],"rotationMatrix":[0.643763423,-0.765224457,0,0.765224457,0.643763423,0,0,0,0.999999881],"scale":0.945928097,"type":"tree_oak_forest_group"}
{"pos":[776.854675,-108.918762,57.3412933],"rotationMatrix":[0.186280444,-0.98249656,0,0.98249656,0.186280444,0,0,0,0.999999881],"scale":0.969851375,"type":"tree_oak_forest_group"}
{"pos":[762.313049,-118.09037,58.0997314],"rotationMatrix":[-0.496947378,0.867780507,0,-0.867780507,-0.496947378,0,0,0,0.999999881],"scale":0.802752972,"type":"tree_oak_forest_group"}
{"pos":[789.662354,-110.471588,57.7902641],"rotationMatrix":[-0.920100152,0.391682893,-0,-0.391682893,-0.920100152,0,-0,0,0.999999881],"scale":1.03538406,"type":"tree_oak_forest_group"}
{"pos":[806.008911,-55.7749557,51.786953],"rotationMatrix":[0.995032251,-0.0995517522,0,0.0995517522,0.995032251,0,-0,0,0.999999881],"scale":1.14435959,"type":"tree_oak_forest_group"}
{"pos":[829.7005,-105.541862,58.0409889],"rotationMatrix":[-0.094380185,0.995536149,-0,-0.995536149,-0.094380185,0,-0,0,0.999999881],"scale":1.08269191,"type":"tree_oak_forest_group"}
{"pos":[817.352905,-114.441483,57.4123726],"rotationMatrix":[0.919775426,-0.392444938,0,0.392444938,0.919775426,0,-0,0,0.999999881],"scale":0.931604385,"type":"tree_oak_forest_group"}
{"pos":[798.463257,-22.8786182,50.9347534],"rotationMatrix":[0.999700844,0.0244557932,0,-0.0244557932,0.999700844,-0,-0,0,0.999999881],"scale":1.08166671,"type":"tree_oak_forest_group"}
{"pos":[772.483337,-186.287354,63.21595],"rotationMatrix":[-0.0863926336,0.99626106,-0,-0.99626106,-0.0863926336,0,-0,0,0.999999881],"scale":1.13887596,"type":"tree_oak_forest_group"}
