{"pos":[338.439178,86.9932175,258.11441],"rotationMatrix":[-0.481126755,0.87665087,0,-0.87665087,-0.481126755,0,0,0,0.999999881],"scale":1,"type":"tree_oak_sml_b"}
{"pos":[167.057709,72.2608337,254.272461],"rotationMatrix":[0.829845846,-0.557992518,0,0.557992518,0.829845846,0,0,0,0.999999881],"scale":1,"type":"tree_oak_sml_b"}
{"pos":[158.165894,132.736969,254.379272],"rotationMatrix":[-0.399347961,-0.916799426,0,0.916799426,-0.399347961,0,0,0,0.999999881],"scale":1,"type":"tree_oak_sml_b"}
{"pos":[174.278488,167.830658,254.379272],"rotationMatrix":[-0.305302471,-0.952255368,0,0.952255368,-0.305302471,0,0,0,0.999999881],"scale":1,"type":"tree_oak_sml_b"}
{"pos":[211.47464,187.021805,254.296844],"rotationMatrix":[0.122493528,0.992469251,0,-0.992469251,0.122493528,0,0,0,0.999999881],"scale":1,"type":"tree_oak_sml_b"}
{"pos":[235.140884,196.602081,252.060608],"rotationMatrix":[-0.930212796,0.367020547,0,-0.367020547,-0.930212796,0,0,0,0.999999881],"scale":1,"type":"tree_oak_sml_b"}
{"pos":[418.89917,65.5564117,250.396729],"rotationMatrix":[-0.818121791,-0.57504493,0,0.57504493,-0.818121791,0,0,0,0.999999881],"scale":1,"type":"tree_oak_sml_b"}
{"pos":[412.507629,79.2782822,250.381714],"rotationMatrix":[-0.416870475,-0.908965766,0,0.908965766,-0.416870475,0,0,0,0.999999881],"scale":1,"type":"tree_oak_sml_b"}
{"pos":[304.77005,242.736862,253.960541],"rotationMatrix":[-0.313044816,0.949738204,0,-0.949738204,-0.313044816,0,0,0,0.999999881],"scale":1,"type":"tree_oak_sml_b"}
{"pos":[297.314697,230.058807,254.780197],"rotationMatrix":[0.110839225,-0.993838251,0,0.993838251,0.110839225,0,0,0,0.999999881],"scale":1,"type":"tree_oak_sml_b"}
{"pos":[412.602905,150.31958,258.86554],"rotationMatrix":[0.681143224,0.732150137,0,-0.732150137,0.681143224,0,0,0,0.999999881],"scale":1,"type":"tree_oak_sml_b"}
{"pos":[400.028625,149.503189,260.821625],"rotationMatrix":[-0.934369147,0.356306076,0,-0.356306076,-0.934369147,0,0,0,0.999999881],"scale":1,"type":"tree_oak_sml_b"}
{"pos":[372.118134,195.059677,263.99231],"rotationMatrix":[0.529901683,-0.848058999,0,0.848058999,0.529901683,0,0,0,0.999999881],"scale":1,"type":"tree_oak_sml_b"}
{"pos":[392.816467,231.090027,263.99231],"rotationMatrix":[0.589196563,-0.807989657,0,0.807989657,0.589196563,0,0,0,0.999999881],"scale":1,"type":"tree_oak_sml_b"}
{"pos":[411.891785,174.078476,259.798706],"rotationMatrix":[-0.37401849,0.927421093,0,-0.927421093,-0.37401849,0,0,0,0.999999881],"scale":1,"type":"tree_oak_sml_b"}
{"pos":[391.302887,155.513123,261.87793],"rotationMatrix":[0.67391938,0.738804877,0,-0.738804877,0.67391938,0,0,0,0.999999881],"scale":1,"type":"tree_oak_sml_b"}
{"pos":[386.393982,199.694336,263.870148],"rotationMatrix":[-0.671922028,0.740621805,0,-0.740621805,-0.671922028,0,0,0,0.999999881],"scale":1,"type":"tree_oak_sml_b"}
{"pos":[394.93927,208.306839,263.99231],"rotationMatrix":[-0.673705995,0.738999248,0,-0.738999248,-0.673705995,0,0,0,0.999999881],"scale":1,"type":"tree_oak_sml_b"}
{"pos":[337.192871,212.405716,263.99231],"rotationMatrix":[-0.986387134,0.164438859,0,-0.164438859,-0.986387134,0,0,0,0.999999881],"scale":1,"type":"tree_oak_sml_b"}
{"pos":[348.242096,232.661011,263.956665],"rotationMatrix":[-0.608195245,0.793787241,0,-0.793787241,-0.608195245,0,0,0,0.999999881],"scale":1,"type":"tree_oak_sml_b"}
{"pos":[413.943939,112.294662,259.688782],"rotationMatrix":[0.999035537,0.0439057425,0,-0.0439057425,0.999035537,0,0,0,0.999999881],"scale":1,"type":"tree_oak_sml_b"}
{"pos":[84.0799637,-15.7555914,254.379272],"rotationMatrix":[-0.950866163,-0.309601963,0,0.309601963,-0.950866163,0,0,0,0.999999881],"scale":1,"type":"tree_oak_sml_b"}
{"pos":[258.868591,71.2078781,254.294403],"rotationMatrix":[0.263065994,-0.964777768,0,0.964777768,0.263065994,0,0,0,0.999999881],"scale":1,"type":"tree_oak_sml_b"}
{"pos":[-104.824875,-5.21236134,250],"rotationMatrix":[0.129686907,0.991554916,0,-0.991554916,0.129686907,0,0,0,0.999999881],"scale":1,"type":"tree_oak_sml_b"}
{"pos":[-138.991486,5.4164896,250],"rotationMatrix":[0.877172172,0.480175912,0,-0.480175912,0.877172172,0,0,0,0.999999881],"scale":1,"type":"tree_oak_sml_b"}
{"pos":[-161.693436,-3.87963295,250],"rotationMatrix":[-0.951344192,-0.308130056,0,0.308130056,-0.951344192,0,0,0,0.999999881],"scale":1,"type":"tree_oak_sml_b"}
{"pos":[-121.83783,-69.5995483,255.996704],"rotationMatrix":[-0.210054427,0.977689564,0,-0.977689564,-0.210054427,0,0,0,0.999999881],"scale":1,"type":"tree_oak_sml_b"}
{"pos":[-287.58194,-9.77964306,255.668701],"rotationMatrix":[0.923968434,-0.382468432,0,0.382468432,0.923968434,0,0,0,0.999999881],"scale":1,"type":"tree_oak_sml_b"}
{"pos":[-359.148102,6.08087063,260.264587],"rotationMatrix":[0.911187112,0.411992759,0,-0.411992759,0.911187112,0,0,0,0.999999881],"scale":1,"type":"tree_oak_sml_b"}
{"pos":[-262.112244,-150.382065,292.421844],"rotationMatrix":[-0.152463302,0.988308966,0,-0.988308966,-0.152463302,0,0,0,0.999999881],"scale":1,"type":"tree_oak_sml_b"}
{"pos":[-260.458313,-153.913025,293.026917],"rotationMatrix":[-0.975240529,0.221146688,0,-0.221146688,-0.975240529,0,0,0,0.999999881],"scale":1,"type":"tree_oak_sml_b"}
{"pos":[-233.456253,-137.277054,293.724701],"rotationMatrix":[-0.831771791,0.555117369,0,-0.555117369,-0.831771791,0,0,0,0.999999881],"scale":1,"type":"tree_oak_sml_b"}
{"pos":[-205.742355,-126.174507,293.857697],"rotationMatrix":[-0.943332255,0.331849337,0,-0.331849337,-0.943332255,0,0,0,0.999999881],"scale":1,"type":"tree_oak_sml_b"}
{"pos":[-353.897583,-173.632858,283.981323],"rotationMatrix":[0.992700994,0.120600455,0,-0.120600455,0.992700994,0,0,0,0.999999881],"scale":1,"type":"tree_oak_sml_b"}
{"pos":[-376.465149,-205.173447,281.360779],"rotationMatrix":[-0.946923435,-0.321459055,0,0.321459055,-0.946923435,0,0,0,0.999999881],"scale":1,"type":"tree_oak_sml_b"}
{"pos":[-117.662224,-163.131699,273.92981],"rotationMatrix":[-0.52121973,0.853422344,0,-0.853422344,-0.52121973,0,0,0,0.999999881],"scale":1,"type":"tree_oak_sml_b"}
{"pos":[-168.473526,-162.486313,273.986816],"rotationMatrix":[0.999969006,0.00785849616,0,-0.00785849616,0.999969006,0,0,0,0.999999881],"scale":1,"type":"tree_oak_sml_b"}
{"pos":[-183.4599,-159.541611,273.986816],"rotationMatrix":[-0.831363976,-0.555728137,0,0.555728137,-0.831363976,0,0,0,0.999999881],"scale":1,"type":"tree_oak_sml_b"}
{"pos":[-243.067017,-179.726013,282.781433],"rotationMatrix":[0.853509068,-0.521077693,0,0.521077693,0.853509068,0,0,0,0.999999881],"scale":1,"type":"tree_oak_sml_b"}
{"pos":[-261.761444,-98.1140747,258.096405],"rotationMatrix":[-0.0621678829,0.998065591,0,-0.998065591,-0.0621678829,0,0,0,0.999999881],"scale":1,"type":"tree_oak_sml_b"}
{"pos":[-272.811615,-95.0863495,257.634369],"rotationMatrix":[-0.732182682,0.681108057,0,-0.681108057,-0.732182682,0,0,0,0.999999881],"scale":1,"type":"tree_oak_sml_b"}
{"pos":[-280.620697,-89.756012,257.196655],"rotationMatrix":[0.689443767,0.724339187,0,-0.724339187,0.689443767,0,0,0,0.999999881],"scale":1,"type":"tree_oak_sml_b"}
{"pos":[-331.754333,-94.4706421,260.951569],"rotationMatrix":[0.739272773,0.673406065,0,-0.673406065,0.739272773,0,0,0,0.999999881],"scale":1,"type":"tree_oak_sml_b"}
{"pos":[-353.847748,-86.3699646,263.039886],"rotationMatrix":[0.987618864,-0.156872019,0,0.156872019,0.987618864,0,0,0,0.999999881],"scale":1,"type":"tree_oak_sml_b"}
{"pos":[-369.427673,-110.823418,261.548218],"rotationMatrix":[-0.986037552,0.166522592,0,-0.166522592,-0.986037552,0,0,0,0.999999881],"scale":1,"type":"tree_oak_sml_b"}
{"pos":[-356.107697,-146.79567,268.033752],"rotationMatrix":[-0.839909673,-0.542726219,0,0.542726219,-0.839909673,0,0,0,0.999999881],"scale":1,"type":"tree_oak_sml_b"}
{"pos":[-433.818817,-190.179626,267.829987],"rotationMatrix":[0.626994908,0.779023349,0,-0.779023349,0.626994908,0,0,0,0.999999881],"scale":1,"type":"tree_oak_sml_b"}
{"pos":[-450.386444,-204.036102,268.872467],"rotationMatrix":[0.469014496,0.883190513,0,-0.883190513,0.469014496,0,0,0,0.999999881],"scale":1,