{"pos":[338.439178,86.9932175,258.11441],"rotationMatrix":[-0.481126755,0.87665087,0,-0.87665087,-0.481126755,0,0,0,0.999999881],"scale":1,"type":"tree_oak_sml_b"}
{"pos":[167.057709,72.2608337,254.272461],"rotationMatrix":[0.829845846,-0.557992518,0,0.557992518,0.829845846,0,0,0,0.999999881],"scale":1,"type":"tree_oak_sml_b"}
{"pos":[158.165894,132.736969,254.379272],"rotationMatrix":[-0.399347961,-0.916799426,0,0.916799426,-0.399347961,0,0,0,0.999999881],"scale":1,"type":"tree_oak_sml_b"}
{"pos":[174.278488,167.830658,254.379272],"rotationMatrix":[-0.305302471,-0.952255368,0,0.952255368,-0.305302471,0,0,0,0.999999881],"scale":1,"type":"tree_oak_sml_b"}
{"pos":[211.47464,187.021805,254.296844],"rotationMatrix":[0.122493528,0.992469251,0,-0.992469251,0.122493528,0,0,0,0.999999881],"scale":1,"type":"tree_oak_sml_b"}
{"pos":[235.140884,196.602081,252.060608],"rotationMatrix":[-0.930212796,0.367020547,0,-0.367020547,-0.930212796,0,0,0,0.999999881],"scale":1,"type":"tree_oak_sml_b"}
{"pos":[418.89917,65.5564117,250.396729],"rotationMatrix":[-0.818121791,-0.57504493,0,0.57504493,-0.818121791,0,-0,0,0.999999881],"scale":1,"type":"tree_oak_sml_b"}
{"pos":[412.507629,79.2782822,250.381714],"rotationMatrix":[-0.416870475,-0.908965766,0,0.908965766,-0.416870475,0,-0,0,0.999999881],"scale":1,"type":"tree_oak_sml_b"}
