{"pos":[697.749756,-38.706604,51.717083],"rotationMatrix":[-0.383316755,0.923616707,0,-0.923616707,-0.383316755,0,0,0,0.999999762],"scale":0.708830833,"type":"tree_beech_forest_b"}
{"pos":[733.855164,56.9663353,54.8238487],"rotationMatrix":[-0.383316755,0.923616707,0,-0.923616707,-0.383316755,0,0,0,0.999999762],"scale":0.708830833,"type":"tree_beech_forest_b"}
