{"pos":[762.677673,-6.39528322,52.1769867],"rotationMatrix":[0.57273829,0.819738269,0,-0.819738269,0.57273829,-0,-0,0,0.999999881],"scale":0.528599977,"type":"tree_beech_dead_a"}
