{"pos":[774.935303,-80.7314301,52.5490303],"rotationMatrix":[0.343640387,-0.93910116,0,0.93910116,0.343640387,0,0,0,0.999999881],"scale":1.27409875,"type":"tree_aspen_overhang_a"}
{"pos":[763.361755,-90.4475708,52.2567291],"rotationMatrix":[0.93919462,0.343385279,0,-0.343385279,0.93919462,0,0,0,0.999999881],"scale":1.19183266,"type":"tree_aspen_overhang_a"}
{"pos":[699.474976,73.1572723,54.1706657],"rotationMatrix":[0.253369957,0.967369378,0,-0.967369378,0.253369957,0,0,0,0.999999881],"scale":0.929435015,"type":"tree_aspen_overhang_a"}
{"pos":[806.771545,-62.5238266,51.6533318],"rotationMatrix":[0.511369467,-0.859360814,0,0.859360814,0.511369467,0,-0,0,0.999999881],"scale":0.929592907,"type":"tree_aspen_overhang_a"}
