{"pos":[-11.9394131,-20.3251972,249.63324],"rotationMatrix":[0.270735741,-0.962653518,0,0.962653518,0.270735741,0,0,0,0.999999762],"scale":1.06928921,"type":"tree_beech_small_c"}
{"pos":[6.94786453,-23.4147472,249.939377],"rotationMatrix":[-0.998268545,0.0588166416,0,-0.0588166416,-0.998268545,0,0,0,0.999999642],"scale":1.06928921,"type":"tree_beech_small_c"}
{"pos":[-7.67264366,-25.0501156,249.939377],"rotationMatrix":[-0.998268545,0.0588166416,0,-0.0588166416,-0.998268545,0,0,0,0.999999642],"scale":1.06928921,"type":"tree_beech_small_c"}
