{"pos":[731.117126,-52.2363358,51.9287109],"rotationMatrix":[0.960059822,-0.279794395,0,0.279794395,0.960059822,0,0,0,0.999999881],"scale":0.756338477,"type":"tree_oak_bush_b"}
{"pos":[709.075806,-61.1040344,51.5980873],"rotationMatrix":[0.960059822,-0.279794395,0,0.279794395,0.960059822,0,0,0,0.999999881],"scale":0.756338477,"type":"tree_oak_bush_b"}
{"pos":[705.749939,-69.7877197,51.5980873],"rotationMatrix":[0.960059822,-0.279794395,0,0.279794395,0.960059822,0,0,0,0.999999881],"scale":0.756338477,"type":"tree_oak_bush_b"}
{"pos":[714.606995,-86.2956619,51.9287109],"rotationMatrix":[0.35689351,-0.934144855,0,0.934144855,0.35689351,0,0,0,0.999999762],"scale":0.756338477,"type":"tree_oak_bush_b"}
{"pos":[709.130066,-70.2725754,51.5980873],"rotationMatrix":[0.960059822,-0.279794395,0,0.279794395,0.960059822,0,0,0,0.999999881],"scale":0.756338477,"type":"tree_oak_bush_b"}
{"pos":[708.38092,-68.2192154,51.4608116],"rotationMatrix":[-0.254212409,-0.967148185,0,0.967148185,-0.254212409,0,0,0,0.999999762],"scale":0.603237867,"type":"tree_oak_bush_b"}
{"pos":[742.578369,-83.6444321,51.9287109],"rotationMatrix":[-0.262324452,0.964979589,0,-0.964979589,-0.262324452,0,0,0,0.999999881],"scale":1.13273001,"type":"tree_oak_bush_b"}
{"pos":[725.577637,-97.5483932,51.961956],"rotationMatrix":[-0.997738063,-0.0672199354,0,0.0672199354,-0.997738063,0,0,0,0.999999881],"scale":0.871235847,"type":"tree_oak_bush_b"}
{"pos":[726.344177,-100.067398,52.0516129],"rotationMatrix":[0.739084125,-0.673612952,0,0.673612952,0.739084125,0,0,0,0.999999881],"scale":1.24142802,"type":"tree_oak_bush_b"}
{"pos":[719.259033,-95.2784195,51.9287109],"rotationMatrix":[0.597721159,0.80170399,0,-0.80170399,0.597721159,0,0,0,0.999999881],"scale":0.797304571,"type":"tree_oak_bush_b"}
{"pos":[737.232544,-92.0747452,51.9287109],"rotationMatrix":[-0.262324452,0.964979589,0,-0.964979589,-0.262324452,0,0,0,0.999999881],"scale":1.13273001,"type":"tree_oak_bush_b"}
{"pos":[733.289612,6.78629303,51.9287109],"rotationMatrix":[0.35689351,-0.934144855,0,0.934144855,0.35689351,0,0,0,0.999999762],"scale":0.756338477,"type":"tree_oak_bush_b"}
