{"pos":[-368.355469,16.5872517,260.542053],"rotationMatrix":[0.886624515,-0.462489367,0,0.462489367,0.886624515,0,0,0,0.999999762],"scale":1.56633818,"type":"tree_oak_dead_b"}
