{"pos":[774.935303,-80.7314301,52.5490303],"rotationMatrix":[0.343640387,-0.93910116,0,0.93910116,0.343640387,0,0,0,0.999999881],"scale":1.27409875,"type":"tree_aspen_overhang_a"}
{"pos":[763.361755,-90.4475708,52.2567291],"rotationMatrix":[0.93919462,0.343385279,0,-0.343385279,0.93919462,0,0,0,0.999999881],"scale":1.19183266,"type":"tree_aspen_overhang_a"}
