{"pos":[749.890564,-101.744415,51.2771912],"rotationMatrix":[-0.920841873,-0.389936298,0,0.389936298,-0.920841873,0,-0,0,0.999999881],"scale":0.787522912,"type":"tree_beech_large_c"}
