{"pos":[56.5407257,406.674622,258.482666],"rotationMatrix":[0.86782819,-0.496864259,0,0.496864259,0.86782819,0,0,0,0.999999881],"scale":1.12049758,"type":"tree_beech_forest_b"}
