{"pos":[739.080322,-50.5908737,51.8717232],"rotationMatrix":[-0.98100847,0.193964645,0,-0.193964645,-0.98100847,0,0,0,0.999999881],"scale":1.13342071,"type":"tree_aspen_bush_a"}
{"pos":[738.42334,-49.4014397,51.8750648],"rotationMatrix":[0.50571996,-0.862697542,0,0.862697542,0.50571996,0,0,0,0.999999881],"scale":1.04483879,"type":"tree_aspen_bush_a"}
{"pos":[742.31012,-53.2442741,51.8844299],"rotationMatrix":[0.317935824,-0.94811219,0,0.94811219,0.317935824,0,0,0,0.999999881],"scale":1.18315887,"type":"tree_aspen_bush_a"}
{"pos":[723.679565,-39.7315483,51.8553581],"rotationMatrix":[-0.995597184,0.0937338695,0,-0.0937338695,-0.995597184,0,0,0,0.999999881],"scale":1.17164576,"type":"tree_aspen_bush_a"}
{"pos":[722.471985,-57.4105721,51.7943726],"rotationMatrix":[-0.679357827,0.733807027,0,-0.733807027,-0.679357827,0,0,0,0.999999762],"scale":1.15038216,"type":"tree_aspen_bush_a"}
{"pos":[722.871765,-38.4833145,51.8881302],"rotationMatrix":[0.574818254,0.818281114,0,-0.818281114,0.574818254,0,0,0,0.999999881],"scale":1.02931857,"type":"tree_aspen_bush_a"}
{"pos":[725.074707,-59.4200706,51.8855629],"rotationMatrix":[0.994452834,0.10518229,0,-0.10518229,0.994452834,0,0,0,0.999999762],"scale":0.997523248,"type":"tree_aspen_bush_a"}
{"pos":[737.55835,-58.4601784,51.8844299],"rotationMatrix":[0.317935824,-0.94811219,0,0.94811219,0.317935824,0,0,0,0.999999881],"scale":1.18315887,"type":"tree_aspen_bush_a"}
{"pos":[743.981201,-84.2625427,51.8673515],"rotationMatrix":[-0.604133129,0.796883166,0,-0.796883166,-0.604133129,0,0,0,0.999999881],"scale":1.03541601,"type":"tree_aspen_bush_a"}
{"pos":[739.641357,-85.6712036,51.8419685],"rotationMatrix":[-0.524736524,0.851264536,0,-0.851264536,-0.524736524,0,0,0,0.999999881],"scale":1.16051054,"type":"tree_aspen_bush_a"}
{"pos":[742.676697,-88.159935,51.9152031],"rotationMatrix":[-0.871385038,0.490599483,0,-0.490599483,-0.871385038,0,0,0,0.999999881],"scale":1.07350814,"type":"tree_aspen_bush_a"}
{"pos":[724.204529,-95.979187,51.9232178],"rotationMatrix":[-0.926892281,0.37532717,0,-0.37532717,-0.926892281,0,0,0,0.999999881],"scale":0.825389206,"type":"tree_aspen_bush_a"}
{"pos":[724.307373,-98.2575531,52.0031815],"rotationMatrix":[0.0209174696,-0.999781132,0,0.999781132,0.0209174696,0,0,0,0.999999881],"scale":1.17621958,"type":"tree_aspen_bush_a"}
{"pos":[723.387146,-95.4704056,51.9062691],"rotationMatrix":[-0.350077093,0.936720788,0,-0.936720788,-0.350077093,0,0,0,0.999999881],"scale":1.15424538,"type":"tree_aspen_bush_a"}
{"pos":[726.686035,-95.8478317,51.8916588],"rotationMatrix":[0.284143299,0.958781838,0,-0.958781838,0.284143299,0,0,0,0.999999881],"scale":0.861103892,"type":"tree_aspen_bush_a"}
{"pos":[724.753662,-95.6679382,51.826458],"rotationMatrix":[0.207691446,-0.978194296,0,0.978194296,0.207691446,0,0,0,0.999999881],"scale":1.15244579,"type":"tree_aspen_bush_a"}
{"pos":[725.747131,-95.7087479,51.9403],"rotationMatrix":[0.993247092,-0.116017133,0,0.116017133,0.993247092,0,0,0,0.999999881],"scale":0.869543195,"type":"tree_aspen_bush_a"}
{"pos":[724.440979,-96.7358627,51.9208069],"rotationMatrix":[0.999919355,-0.0126879197,0,0.0126879197,0.999919355,0,0,0,0.999999881],"scale":0.9609797,"type":"tree_aspen_bush_a"}
{"pos":[720.440735,-96.2054749,51.8925896],"rotationMatrix":[-0.694931805,0.719075561,0,-0.719075561,-0.694931805,0,0,0,0.999999881],"scale":1.02558291,"type":"tree_aspen_bush_a"}
{"pos":[737.213196,-91.2435379,51.826458],"rotationMatrix":[0.567160904,-0.82360673,0,0.82360673,0.567160904,0,0,0,0.999999762],"scale":1.15244579,"type":"tree_aspen_bush_a"}
{"pos":[737.921387,-92.7065125,51.8419685],"rotationMatrix":[-0.524736524,0.851264536,0,-0.851264536,-0.524736524,0,0,0,0.999999881],"scale":1.16051054,"type":"tree_aspen_bush_a"}
