{"pos":[347.101715,87.670578,257.995972],"rotationMatrix":[0.942921162,0.333015889,0,-0.333015889,0.942921162,0,0,0,0.999999881],"scale":1.46688795,"type":"tree_aspen_small_c"}
{"pos":[155.038254,115.733551,254.04863],"rotationMatrix":[-0.829554975,0.558424711,0,-0.558424711,-0.829554975,0,0,0,0.999999881],"scale":1.44181454,"type":"tree_aspen_small_c"}
{"pos":[150.365814,114.965462,254.168289],"rotationMatrix":[-0.972734213,0.231922582,0,-0.231922582,-0.972734213,0,0,0,0.999999881],"scale":1.41867375,"type":"tree_aspen_small_c"}
{"pos":[224.776718,108.615402,254.192047],"rotationMatrix":[-0.851737559,-0.523968637,0,0.523968637,-0.851737559,0,0,0,0.999999881],"scale":1.44301367,"type":"tree_aspen_small_c"}
{"pos":[204.635193,73.1156464,254.227676],"rotationMatrix":[-0.479679346,0.877443731,0,-0.877443731,-0.479679346,0,0,0,0.999999881],"scale":1.46497357,"type":"tree_aspen_small_c"}
{"pos":[403.777985,99.1827393,250.047806],"rotationMatrix":[-0.685732245,-0.727853715,0,0.727853715,-0.685732245,0,-0,0,0.999999881],"scale":1.45504141,"type":"tree_aspen_small_c"}
