{"pos":[-267.726501,198.862808,238.61264],"rotationMatrix":[0.939255178,-0.343219459,0,0.343219459,0.939255178,0,-0,0,0.999999881],"scale":0.999866724,"type":"tree_beech_forest_a"}
