{"name":"sunsky","class":"ScatterSky","persistentId":"25209345-9b9c-4a93-acda-789aec4adc2e","__parent":"Sky","position":[70.3971024,4.53920984,73.9923019],"ambientScale":[0.0196078438,0.0431372561,0.0901960805,1],"ambientScaleGradientFile":"art/sky_gradients/default/gradient_ambient.png","azimuth":65.1607361,"brightness":3,"colorize":[0.215686277,0.349019617,0.603921592,1],"colorizeGradientFile":"art/sky_gradients/default/gradient_colorize.png","elevation":-35.4926033,"enableFogFallBack":false,"exposure":0.600000024,"fadeStartDistance":1000,"flareScale":3,"flareType":"BNG_Sunflare_2","fogScale":[0,0.00784313772,0.0352941193,1],"fogScaleGradientFile":"art/sky_gradients/default/gradient_fog.png","groundAlbedo":[0.521363974,0.561622679,0.622469187,1],"lastSplitTerrainOnly":true,"logWeight":0.980000019,"mieScattering":0.000600000028,"moonLightColor":[0.131273076,0.162861943,0.218599081,1],"moonMat":"Moon_Glow_Mat","moonScale":0.0299999993,"nightColor":[0.358292192,0.383143425,0.552230954,1],"nightCubemap":"nightCubemap","nightFogColor":[0.0769173205,0.101738781,0.214209199,1],"nightFogGradientFile":"art/sky_gradients/default/gradient_fog.png","nightGradientFile":"art/sky_gradients/default/gradient_ambient.png","occlusionScale":0.825000048,"overDarkFactor":[40000,8000,5000,650],"rayleighScattering":0.00100000005,"shadowDarkenColor":[0,0,0,0],"shadowDistance":1600,"shadowSoftness":0.200000018,"skyBrightness":180,"sunScale":[1,0.694117665,0.545098066,1],"sunScaleGradientFile":"art/sky_gradients/default/gradient_sunscale.png","texSize":2048,"useNightCubemap":true}
