{"name":"sunsky","class":"ScatterSky","persistentId":"25209345-9b9c-4a93-acda-789aec4adc2e","__parent":"Sky","position":[70.3971024,4.53920984,73.9923019],"ambientScale":[1,0.894117653,0.78039217,1],"ambientScaleGradientFile":"art/sky_gradients/default/gradient_ambient.png","azimuth":62.0006409,"brightness":2.79999995,"colorize":[0.215686277,0.349019617,0.603921592,1],"colorizeGradientFile":"art/sky_gradients/default/gradient_colorize.png","elevation":43.2361336,"enableFogFallBack":false,"fadeStartDistance":1000,"flareScale":3,"flareType":"BNG_Sunflare_2","fogScale":[0.396078438,0.666666687,1,1],"fogScaleGradientFile":"art/sky_gradients/default/gradient_fog.png","groundAlbedo":[0.648802102,0.648806989,0.648808599,1],"lastSplitTerrainOnly":true,"logWeight":0.980000019,"mieScattering":0.000405105122,"moonLightColor":[0.193412781,0.219795868,0.306396961,1],"moonMat":"Moon_Glow_Mat","moonScale":0.0299999993,"nightColor":[1,0.894117653,0.78039217,1],"nightCubemap":"nightCubemap","nightFogColor":[0.396078438,0.666666687,1,1],"nightFogGradientFile":"art/sky_gradients/default/gradient_fog.png","nightGradientFile":"art/sky_gradients/default/gradient_ambient.png","occlusionScale":0.825000048,"overDarkFactor":[40000,8000,5000,650],"rayleighScattering":0.00100000005,"shadowDarkenColor":[0,0,0,0],"shadowDistance":1600,"shadowSoftness":0.200000018,"skyBrightness":200,"sunScale":[0.996078432,0.847058833,0.75686276,1],"sunScaleGradientFile":"art/sky_gradients/default/gradient_sunscale.png","sunSize":0.800000012,"texSize":2048,"useNightCubemap":true}
