{"name":"sunsky","class":"ScatterSky","persistentId":"25209345-9b9c-4a93-acda-789aec4adc2e","__parent":"Sky","position":[70.3971024,4.53920984,1020.93835],"ambientScale":[1,0.999995172,0.999989986,1],"ambientScaleGradientFile":"art/sky_gradients/default/gradient_ambient.png","azimuth":60.6421585,"colorize":[0.215686277,0.349019617,0.603921592,1],"colorizeAmount":1,"colorizeGradientFile":"art/sky_gradients/default/gradient_colorize.png","elevation":45.7631226,"exposure":1.60000014,"fadeStartDistance":1000,"flareScale":4.00000095,"flareType":"BNG_Sunflare_3","fogScale":[0.878085077,0.952180445,0.991220236,1],"fogScaleGradientFile":"art/sky_gradients/default/gradient_fog.png","groundAlbedo":[0.36785543,0.367854685,0.367851734,1],"lastSplitTerrainOnly":true,"logWeight":0.980000019,"mieScattering":0.000533055223,"moonLightColor":[0.171632484,0.17267479,0.174700141,1],"moonMat":"Moon_Glow_Mat","moonScale":0.0299999993,"nightColor":[1,0.894117653,0.78039217,1],"nightCubemap":"nightCubemap","nightFogColor":[0.396078438,0.666666687,1,1],"nightFogGradientFile":"/art/sky_gradients/default/gradient_fog.png","nightGradientFile":"art/sky_gradients/default/gradient_ambient.png","occlusionScale":0.0250000004,"overDarkFactor":[40000,8000,5000,650],"rayleighScattering":0.00999999978,"shadowDarkenColor":[0,0,0,0],"shadowDistance":1600,"shadowSoftness":0.5,"skyBrightness":60,"sunScale":[1,0.999997914,0.999989986,1],"sunScaleGradientFile":"art/sky_gradients/default/gradient_sunscale.png","texSize":1024,"useNightCubemap":true}
